parameter,value,datetimeLocal
co,0.62,2026-05-19 05:45:00+05:30
co,0.61,2026-05-19 06:00:00+05:30
co,0.63,2026-05-19 06:15:00+05:30
co,0.66,2026-05-19 06:30:00+05:30
co,0.68,2026-05-19 06:45:00+05:30
co,0.73,2026-05-19 07:00:00+05:30
co,0.77,2026-05-19 07:15:00+05:30
co,0.79,2026-05-19 07:30:00+05:30
co,0.74,2026-05-19 07:45:00+05:30
co,0.7,2026-05-19 08:00:00+05:30
co,0.67,2026-05-19 08:15:00+05:30
co,0.63,2026-05-19 08:30:00+05:30
co,0.6,2026-05-19 08:45:00+05:30
co,0.55,2026-05-19 09:00:00+05:30
co,0.56,2026-05-19 09:15:00+05:30
co,0.56,2026-05-19 09:30:00+05:30
co,0.53,2026-05-19 09:45:00+05:30
co,0.49,2026-05-19 10:00:00+05:30
co,0.49,2026-05-19 10:15:00+05:30
co,0.48,2026-05-19 10:30:00+05:30
co,0.45,2026-05-19 10:45:00+05:30
co,0.4,2026-05-19 11:00:00+05:30
co,0.43,2026-05-19 11:30:00+05:30
co,0.41,2026-05-19 11:45:00+05:30
co,0.35,2026-05-19 12:00:00+05:30
co,0.39,2026-05-19 12:15:00+05:30
co,0.4,2026-05-19 12:30:00+05:30
co,0.4,2026-05-19 12:45:00+05:30
co,0.39,2026-05-19 13:00:00+05:30
co,0.38,2026-05-19 13:15:00+05:30
co,0.36,2026-05-19 13:30:00+05:30
co,0.36,2026-05-19 13:45:00+05:30
co,0.38,2026-05-19 14:45:00+05:30
co,0.35,2026-05-19 15:00:00+05:30
co,0.35,2026-05-19 15:15:00+05:30
co,0.35,2026-05-19 15:30:00+05:30
co,0.35,2026-05-19 15:45:00+05:30
co,0.34,2026-05-19 16:00:00+05:30
co,0.35,2026-05-19 16:15:00+05:30
co,0.36,2026-05-19 16:30:00+05:30
co,0.37,2026-05-19 16:45:00+05:30
co,0.34,2026-05-19 17:00:00+05:30
co,0.34,2026-05-19 17:15:00+05:30
co,0.36,2026-05-19 17:30:00+05:30
co,0.34,2026-05-19 17:45:00+05:30
co,0.33,2026-05-19 18:00:00+05:30
co,0.35,2026-05-19 18:15:00+05:30
co,0.4,2026-05-19 18:30:00+05:30
co,0.45,2026-05-19 18:45:00+05:30
co,0.47,2026-05-19 19:00:00+05:30
co,0.54,2026-05-19 19:15:00+05:30
co,0.63,2026-05-19 19:30:00+05:30
co,0.7,2026-05-19 19:45:00+05:30
co,0.89,2026-05-19 20:15:00+05:30
co,1.1,2026-05-19 20:30:00+05:30
co,1.24,2026-05-19 20:45:00+05:30
co,1.27,2026-05-19 21:00:00+05:30
co,1.29,2026-05-19 21:15:00+05:30
co,1.42,2026-05-19 21:30:00+05:30
co,1.39,2026-05-19 21:45:00+05:30
co,1.45,2026-05-19 22:00:00+05:30
co,1.45,2026-05-19 22:15:00+05:30
co,1.36,2026-05-19 22:30:00+05:30
co,1.36,2026-05-19 22:45:00+05:30
co,1.35,2026-05-19 23:00:00+05:30
co,1.36,2026-05-19 23:15:00+05:30
co,1.34,2026-05-19 23:30:00+05:30
co,1.3,2026-05-19 23:45:00+05:30
co,1.19,2026-05-20 00:45:00+05:30
co,1.14,2026-05-20 01:00:00+05:30
co,1.13,2026-05-20 01:15:00+05:30
co,1.11,2026-05-20 01:30:00+05:30
co,1.07,2026-05-20 01:45:00+05:30
co,1.02,2026-05-20 02:00:00+05:30
co,1.01,2026-05-20 02:15:00+05:30
co,1.01,2026-05-20 02:30:00+05:30
co,0.97,2026-05-20 02:45:00+05:30
co,0.93,2026-05-20 03:00:00+05:30
co,0.93,2026-05-20 03:15:00+05:30
co,0.93,2026-05-20 03:30:00+05:30
co,0.92,2026-05-20 03:45:00+05:30
co,0.88,2026-05-20 04:00:00+05:30
co,0.87,2026-05-20 04:15:00+05:30
co,0.88,2026-05-20 04:30:00+05:30
co,0.85,2026-05-20 04:45:00+05:30
co,0.81,2026-05-20 05:00:00+05:30
co,0.83,2026-05-20 05:15:00+05:30
co,0.84,2026-05-20 05:30:00+05:30
co,0.82,2026-05-20 05:45:00+05:30
co,0.82,2026-05-20 06:00:00+05:30
co,0.86,2026-05-20 06:15:00+05:30
co,0.88,2026-05-20 06:30:00+05:30
co,0.9,2026-05-20 06:45:00+05:30
co,0.86,2026-05-20 07:00:00+05:30
co,0.88,2026-05-20 07:15:00+05:30
co,0.88,2026-05-20 07:30:00+05:30
co,0.86,2026-05-20 07:45:00+05:30
co,0.81,2026-05-20 08:00:00+05:30
co,0.8,2026-05-20 08:15:00+05:30
co,0.8,2026-05-20 08:30:00+05:30
co,0.78,2026-05-20 08:45:00+05:30
co,0.72,2026-05-20 09:00:00+05:30
co,0.72,2026-05-20 09:15:00+05:30
co,0.71,2026-05-20 09:30:00+05:30
co,0.62,2026-05-20 10:15:00+05:30
co,0.61,2026-05-20 10:30:00+05:30
co,0.58,2026-05-20 10:45:00+05:30
co,0.51,2026-05-20 12:00:00+05:30
co,0.5,2026-05-20 12:15:00+05:30
co,0.54,2026-05-20 12:30:00+05:30
co,0.53,2026-05-20 12:45:00+05:30
co,0.48,2026-05-20 13:00:00+05:30
co,0.48,2026-05-20 13:15:00+05:30
co,0.51,2026-05-20 13:30:00+05:30
co,0.54,2026-05-20 13:45:00+05:30
co,0.51,2026-05-20 14:00:00+05:30
co,0.56,2026-05-20 14:15:00+05:30
co,0.61,2026-05-20 14:30:00+05:30
co,0.55,2026-05-20 14:45:00+05:30
co,0.5,2026-05-20 15:00:00+05:30
co,0.51,2026-05-20 15:15:00+05:30
co,0.51,2026-05-20 15:30:00+05:30
co,0.52,2026-05-20 15:45:00+05:30
co,0.49,2026-05-20 16:00:00+05:30
co,0.51,2026-05-20 16:15:00+05:30
co,0.53,2026-05-20 16:30:00+05:30
co,0.52,2026-05-20 16:45:00+05:30
co,0.47,2026-05-20 17:00:00+05:30
co,0.5,2026-05-20 17:15:00+05:30
co,0.5,2026-05-20 17:30:00+05:30
co,0.49,2026-05-20 17:45:00+05:30
co,0.46,2026-05-20 18:00:00+05:30
co,0.48,2026-05-20 18:15:00+05:30
co,0.5,2026-05-20 18:30:00+05:30
co,0.54,2026-05-20 18:45:00+05:30
co,0.6,2026-05-20 19:00:00+05:30
co,0.66,2026-05-20 19:15:00+05:30
co,0.79,2026-05-20 19:30:00+05:30
co,0.89,2026-05-20 19:45:00+05:30
co,0.95,2026-05-20 20:00:00+05:30
co,0.99,2026-05-20 20:15:00+05:30
co,0.93,2026-05-20 20:30:00+05:30
co,0.93,2026-05-20 20:45:00+05:30
co,0.95,2026-05-20 21:00:00+05:30
co,0.94,2026-05-20 21:15:00+05:30
co,0.98,2026-05-20 21:30:00+05:30
co,0.99,2026-05-20 21:45:00+05:30
co,0.9,2026-05-20 22:00:00+05:30
co,0.88,2026-05-20 22:15:00+05:30
co,0.89,2026-05-20 22:30:00+05:30
co,0.87,2026-05-20 22:45:00+05:30
co,0.83,2026-05-20 23:00:00+05:30
co,0.83,2026-05-20 23:15:00+05:30
co,0.85,2026-05-20 23:30:00+05:30
co,0.83,2026-05-20 23:45:00+05:30
co,0.77,2026-05-21 00:45:00+05:30
co,0.74,2026-05-21 01:00:00+05:30
co,0.75,2026-05-21 01:15:00+05:30
co,0.75,2026-05-21 01:30:00+05:30
co,0.75,2026-05-21 01:45:00+05:30
co,0.72,2026-05-21 02:00:00+05:30
co,0.74,2026-05-21 02:15:00+05:30
co,0.75,2026-05-21 02:30:00+05:30
co,0.74,2026-05-21 02:45:00+05:30
co,0.71,2026-05-21 03:00:00+05:30
co,0.73,2026-05-21 03:15:00+05:30
co,0.74,2026-05-21 03:30:00+05:30
co,0.72,2026-05-21 03:45:00+05:30
co,0.69,2026-05-21 04:15:00+05:30
co,0.69,2026-05-21 04:30:00+05:30
co,0.69,2026-05-21 04:45:00+05:30
co,0.65,2026-05-21 05:00:00+05:30
co,0.65,2026-05-21 05:15:00+05:30
co,0.67,2026-05-21 05:30:00+05:30
co,0.69,2026-05-21 05:45:00+05:30
co,0.66,2026-05-21 06:45:00+05:30
co,0.62,2026-05-21 07:00:00+05:30
co,0.62,2026-05-21 07:15:00+05:30
co,0.62,2026-05-21 07:30:00+05:30
co,0.61,2026-05-21 07:45:00+05:30
co,0.57,2026-05-21 08:00:00+05:30
co,0.59,2026-05-21 08:15:00+05:30
co,0.59,2026-05-21 08:30:00+05:30
co,0.57,2026-05-21 08:45:00+05:30
co,0.54,2026-05-21 09:00:00+05:30
co,0.55,2026-05-21 09:15:00+05:30
co,0.55,2026-05-21 09:30:00+05:30
co,0.52,2026-05-21 09:45:00+05:30
co,0.45,2026-05-21 10:00:00+05:30
co,0.47,2026-05-21 10:15:00+05:30
co,0.49,2026-05-21 10:30:00+05:30
co,0.49,2026-05-21 10:45:00+05:30
co,0.45,2026-05-21 11:00:00+05:30
co,0.44,2026-05-21 11:15:00+05:30
co,0.44,2026-05-21 11:30:00+05:30
co,0.42,2026-05-21 11:45:00+05:30
co,0.38,2026-05-21 12:00:00+05:30
co,0.4,2026-05-21 12:15:00+05:30
co,0.46,2026-05-21 12:30:00+05:30
co,0.57,2026-05-21 12:45:00+05:30
co,0.45,2026-05-21 13:00:00+05:30
co,0.4,2026-05-21 13:15:00+05:30
co,0.42,2026-05-21 13:30:00+05:30
co,0.44,2026-05-21 13:45:00+05:30
co,0.4,2026-05-21 14:30:00+05:30
co,0.4,2026-05-21 14:45:00+05:30
co,0.36,2026-05-21 15:00:00+05:30
co,0.38,2026-05-21 15:15:00+05:30
co,0.38,2026-05-21 15:30:00+05:30
co,0.37,2026-05-21 15:45:00+05:30
co,0.32,2026-05-21 16:00:00+05:30
co,0.35,2026-05-21 16:15:00+05:30
co,0.35,2026-05-21 16:30:00+05:30
co,0.35,2026-05-21 16:45:00+05:30
co,0.29,2026-05-21 17:00:00+05:30
co,0.31,2026-05-21 17:15:00+05:30
co,0.33,2026-05-21 17:30:00+05:30
co,0.33,2026-05-21 17:45:00+05:30
co,0.31,2026-05-21 18:00:00+05:30
co,0.35,2026-05-21 18:15:00+05:30
co,0.36,2026-05-21 18:30:00+05:30
co,0.43,2026-05-21 18:45:00+05:30
co,0.44,2026-05-21 19:00:00+05:30
co,0.48,2026-05-21 19:15:00+05:30
co,0.52,2026-05-21 19:30:00+05:30
co,0.56,2026-05-21 19:45:00+05:30
co,0.57,2026-05-21 20:00:00+05:30
co,0.6,2026-05-21 20:15:00+05:30
co,0.61,2026-05-21 20:30:00+05:30
co,0.62,2026-05-21 20:45:00+05:30
co,0.61,2026-05-21 21:00:00+05:30
co,0.65,2026-05-21 21:15:00+05:30
co,0.68,2026-05-21 21:30:00+05:30
co,0.7,2026-05-21 21:45:00+05:30
co,0.69,2026-05-21 22:00:00+05:30
co,0.71,2026-05-21 22:15:00+05:30
co,0.71,2026-05-21 22:30:00+05:30
co,0.66,2026-05-21 22:45:00+05:30
co,0.62,2026-05-21 23:00:00+05:30
co,0.66,2026-05-21 23:15:00+05:30
co,0.66,2026-05-21 23:30:00+05:30
co,0.61,2026-05-21 23:45:00+05:30
co,0.64,2026-05-22 00:45:00+05:30
co,0.65,2026-05-22 01:00:00+05:30
co,0.65,2026-05-22 01:15:00+05:30
co,0.64,2026-05-22 01:30:00+05:30
co,0.62,2026-05-22 01:45:00+05:30
co,0.6,2026-05-22 02:00:00+05:30
co,0.68,2026-05-22 02:15:00+05:30
co,0.69,2026-05-22 02:30:00+05:30
co,0.7,2026-05-22 02:45:00+05:30
co,0.66,2026-05-22 03:00:00+05:30
co,0.69,2026-05-22 03:15:00+05:30
co,0.68,2026-05-22 03:30:00+05:30
co,0.7,2026-05-22 03:45:00+05:30
co,0.62,2026-05-22 04:00:00+05:30
co,0.63,2026-05-22 04:15:00+05:30
co,0.63,2026-05-22 04:45:00+05:30
co,0.6,2026-05-22 05:00:00+05:30
co,0.6,2026-05-22 05:15:00+05:30
co,0.6,2026-05-22 05:30:00+05:30
co,0.61,2026-05-22 05:45:00+05:30
co,0.58,2026-05-22 06:00:00+05:30
co,0.6,2026-05-22 06:15:00+05:30
co,0.61,2026-05-22 06:30:00+05:30
co,0.61,2026-05-22 06:45:00+05:30
co,0.62,2026-05-22 07:00:00+05:30
co,0.63,2026-05-22 07:15:00+05:30
co,0.66,2026-05-22 07:30:00+05:30
co,0.67,2026-05-22 07:45:00+05:30
co,0.64,2026-05-22 08:00:00+05:30
co,0.69,2026-05-22 08:15:00+05:30
co,0.71,2026-05-22 08:30:00+05:30
co,0.69,2026-05-22 08:45:00+05:30
co,0.66,2026-05-22 09:00:00+05:30
co,0.68,2026-05-22 09:15:00+05:30
co,0.72,2026-05-22 09:30:00+05:30
co,0.72,2026-05-22 09:45:00+05:30
co,0.63,2026-05-22 11:45:00+05:30
co,0.57,2026-05-22 12:00:00+05:30
co,0.58,2026-05-22 12:15:00+05:30
co,0.57,2026-05-22 12:30:00+05:30
co,0.57,2026-05-22 12:45:00+05:30
co,0.63,2026-05-22 13:00:00+05:30
co,0.6,2026-05-22 13:15:00+05:30
co,0.57,2026-05-22 13:30:00+05:30
co,0.54,2026-05-22 13:45:00+05:30
co,0.5,2026-05-22 14:15:00+05:30
co,0.51,2026-05-22 14:30:00+05:30
co,0.5,2026-05-22 14:45:00+05:30
co,0.46,2026-05-22 15:00:00+05:30
co,0.46,2026-05-22 15:15:00+05:30
co,0.46,2026-05-22 15:30:00+05:30
co,0.44,2026-05-22 15:45:00+05:30
co,0.4,2026-05-22 16:00:00+05:30
co,0.42,2026-05-22 16:15:00+05:30
co,0.44,2026-05-22 16:30:00+05:30
co,0.43,2026-05-22 16:45:00+05:30
co,0.47,2026-05-22 17:15:00+05:30
co,0.5,2026-05-22 17:30:00+05:30
co,0.5,2026-05-22 17:45:00+05:30
co,0.47,2026-05-22 18:00:00+05:30
co,0.49,2026-05-22 18:15:00+05:30
co,0.52,2026-05-22 18:30:00+05:30
co,0.52,2026-05-22 18:45:00+05:30
co,0.48,2026-05-22 19:00:00+05:30
co,0.51,2026-05-22 19:15:00+05:30
co,0.52,2026-05-22 19:30:00+05:30
co,0.49,2026-05-22 19:45:00+05:30
co,0.46,2026-05-22 20:00:00+05:30
co,0.49,2026-05-22 20:15:00+05:30
co,0.51,2026-05-22 20:30:00+05:30
co,0.52,2026-05-22 20:45:00+05:30
co,0.5,2026-05-22 21:00:00+05:30
co,0.53,2026-05-22 21:15:00+05:30
co,0.56,2026-05-22 21:30:00+05:30
co,0.57,2026-05-22 21:45:00+05:30
co,0.54,2026-05-22 22:00:00+05:30
co,0.56,2026-05-22 22:15:00+05:30
co,0.59,2026-05-22 22:30:00+05:30
co,0.59,2026-05-22 22:45:00+05:30
co,0.56,2026-05-22 23:00:00+05:30
co,0.58,2026-05-22 23:15:00+05:30
co,0.6,2026-05-22 23:30:00+05:30
co,0.6,2026-05-22 23:45:00+05:30
co,0.63,2026-05-23 01:45:00+05:30
co,0.6,2026-05-23 02:00:00+05:30
co,0.63,2026-05-23 02:15:00+05:30
co,0.66,2026-05-23 02:30:00+05:30
co,0.68,2026-05-23 02:45:00+05:30
co,0.7,2026-05-23 03:00:00+05:30
co,0.75,2026-05-23 03:15:00+05:30
co,0.82,2026-05-23 03:30:00+05:30
co,0.8,2026-05-23 03:45:00+05:30
co,0.73,2026-05-23 04:00:00+05:30
co,0.74,2026-05-23 04:15:00+05:30
co,0.76,2026-05-23 04:30:00+05:30
co,0.75,2026-05-23 04:45:00+05:30
co,0.74,2026-05-23 05:00:00+05:30
co,0.78,2026-05-23 05:15:00+05:30
co,0.8,2026-05-23 05:30:00+05:30
co,0.81,2026-05-23 05:45:00+05:30
co,0.82,2026-05-23 06:00:00+05:30
co,0.89,2026-05-23 06:15:00+05:30
co,0.89,2026-05-23 06:30:00+05:30
co,0.89,2026-05-23 06:45:00+05:30
co,0.89,2026-05-23 07:00:00+05:30
co,0.91,2026-05-23 07:15:00+05:30
co,0.92,2026-05-23 07:30:00+05:30
co,0.91,2026-05-23 07:45:00+05:30
co,0.79,2026-05-23 08:00:00+05:30
co,0.7,2026-05-23 08:15:00+05:30
co,0.69,2026-05-23 08:30:00+05:30
co,0.67,2026-05-23 08:45:00+05:30
co,0.63,2026-05-23 09:00:00+05:30
co,0.66,2026-05-23 09:15:00+05:30
co,0.66,2026-05-23 09:30:00+05:30
co,0.64,2026-05-23 09:45:00+05:30
co,0.61,2026-05-23 10:00:00+05:30
co,0.65,2026-05-23 10:15:00+05:30
co,0.66,2026-05-23 10:30:00+05:30
co,0.61,2026-05-23 10:45:00+05:30
co,0.54,2026-05-23 11:00:00+05:30
co,0.56,2026-05-23 11:15:00+05:30
co,0.54,2026-05-23 11:30:00+05:30
co,0.52,2026-05-23 11:45:00+05:30
co,0.47,2026-05-23 12:00:00+05:30
co,0.49,2026-05-23 12:15:00+05:30
co,0.49,2026-05-23 12:30:00+05:30
co,0.46,2026-05-23 12:45:00+05:30
co,0.44,2026-05-23 13:00:00+05:30
co,0.45,2026-05-23 13:15:00+05:30
co,0.45,2026-05-23 13:30:00+05:30
co,0.43,2026-05-23 13:45:00+05:30
co,0.4,2026-05-23 14:00:00+05:30
co,0.41,2026-05-23 14:15:00+05:30
co,0.42,2026-05-23 14:30:00+05:30
co,0.4,2026-05-23 14:45:00+05:30
co,0.36,2026-05-23 15:15:00+05:30
co,0.38,2026-05-23 15:30:00+05:30
co,0.36,2026-05-23 15:45:00+05:30
co,0.34,2026-05-23 16:00:00+05:30
co,0.35,2026-05-23 16:15:00+05:30
co,0.35,2026-05-23 16:30:00+05:30
co,0.34,2026-05-23 16:45:00+05:30
co,0.32,2026-05-23 17:00:00+05:30
co,0.33,2026-05-23 17:15:00+05:30
co,0.35,2026-05-23 17:30:00+05:30
co,0.34,2026-05-23 17:45:00+05:30
co,0.32,2026-05-23 18:00:00+05:30
co,0.34,2026-05-23 18:15:00+05:30
co,0.36,2026-05-23 18:30:00+05:30
co,0.37,2026-05-23 18:45:00+05:30
co,0.39,2026-05-23 19:00:00+05:30
co,0.43,2026-05-23 19:15:00+05:30
co,0.56,2026-05-23 19:30:00+05:30
co,0.48,2026-05-23 19:45:00+05:30
co,0.44,2026-05-23 20:00:00+05:30
co,0.51,2026-05-23 20:15:00+05:30
co,0.55,2026-05-23 20:30:00+05:30
co,0.58,2026-05-23 20:45:00+05:30
co,0.54,2026-05-23 21:00:00+05:30
co,0.58,2026-05-23 21:15:00+05:30
co,0.62,2026-05-23 21:30:00+05:30
co,0.63,2026-05-23 21:45:00+05:30
co,0.61,2026-05-23 22:00:00+05:30
co,0.65,2026-05-23 22:15:00+05:30
co,0.69,2026-05-23 22:30:00+05:30
co,0.7,2026-05-23 22:45:00+05:30
co,0.72,2026-05-23 23:00:00+05:30
co,0.79,2026-05-23 23:15:00+05:30
co,0.82,2026-05-23 23:30:00+05:30
co,0.78,2026-05-23 23:45:00+05:30
co,0.76,2026-05-24 01:45:00+05:30
co,0.77,2026-05-24 02:00:00+05:30
co,0.8,2026-05-24 02:15:00+05:30
co,0.78,2026-05-24 02:30:00+05:30
co,0.78,2026-05-24 02:45:00+05:30
co,0.75,2026-05-24 03:00:00+05:30
co,0.75,2026-05-24 03:15:00+05:30
co,0.77,2026-05-24 03:30:00+05:30
co,0.81,2026-05-24 03:45:00+05:30
co,0.76,2026-05-24 04:00:00+05:30
co,0.77,2026-05-24 04:15:00+05:30
co,0.77,2026-05-24 04:30:00+05:30
co,0.76,2026-05-24 04:45:00+05:30
co,0.72,2026-05-24 05:00:00+05:30
co,0.74,2026-05-24 05:15:00+05:30
co,0.76,2026-05-24 05:30:00+05:30
co,0.76,2026-05-24 05:45:00+05:30
co,0.73,2026-05-24 06:00:00+05:30
co,0.77,2026-05-24 06:15:00+05:30
co,0.81,2026-05-24 06:30:00+05:30
co,0.84,2026-05-24 06:45:00+05:30
co,0.81,2026-05-24 07:00:00+05:30
co,0.83,2026-05-24 07:15:00+05:30
co,0.88,2026-05-24 07:30:00+05:30
co,0.84,2026-05-24 07:45:00+05:30
co,0.8,2026-05-24 08:00:00+05:30
co,0.79,2026-05-24 08:30:00+05:30
co,0.76,2026-05-24 08:45:00+05:30
co,0.7,2026-05-24 09:00:00+05:30
co,0.71,2026-05-24 09:15:00+05:30
co,0.71,2026-05-24 09:30:00+05:30
co,0.71,2026-05-24 09:45:00+05:30
co,0.63,2026-05-24 10:00:00+05:30
co,0.63,2026-05-24 10:15:00+05:30
co,0.64,2026-05-24 10:30:00+05:30
co,0.61,2026-05-24 10:45:00+05:30
co,0.54,2026-05-24 11:00:00+05:30
co,0.54,2026-05-24 11:15:00+05:30
co,0.53,2026-05-24 11:30:00+05:30
co,0.49,2026-05-24 11:45:00+05:30
co,0.46,2026-05-24 12:00:00+05:30
co,0.45,2026-05-24 12:15:00+05:30
co,0.46,2026-05-24 12:30:00+05:30
co,0.44,2026-05-24 12:45:00+05:30
co,0.41,2026-05-24 13:00:00+05:30
co,0.41,2026-05-24 13:15:00+05:30
co,0.42,2026-05-24 13:30:00+05:30
co,0.39,2026-05-24 13:45:00+05:30
co,0.37,2026-05-24 14:00:00+05:30
co,0.38,2026-05-24 14:15:00+05:30
co,0.39,2026-05-24 14:30:00+05:30
co,0.38,2026-05-24 14:45:00+05:30
co,0.35,2026-05-24 15:00:00+05:30
co,0.36,2026-05-24 15:15:00+05:30
co,0.36,2026-05-24 15:30:00+05:30
co,0.35,2026-05-24 15:45:00+05:30
co,0.32,2026-05-24 16:00:00+05:30
co,0.33,2026-05-24 16:15:00+05:30
co,0.35,2026-05-24 16:30:00+05:30
co,0.35,2026-05-24 16:45:00+05:30
co,0.33,2026-05-24 17:15:00+05:30
co,0.34,2026-05-24 17:30:00+05:30
co,0.34,2026-05-24 17:45:00+05:30
co,0.31,2026-05-24 18:00:00+05:30
co,0.34,2026-05-24 18:15:00+05:30
co,0.37,2026-05-24 18:30:00+05:30
co,0.37,2026-05-24 18:45:00+05:30
co,0.34,2026-05-24 19:00:00+05:30
co,0.37,2026-05-24 19:15:00+05:30
co,0.39,2026-05-24 19:45:00+05:30
co,0.48,2026-05-24 20:00:00+05:30
co,0.62,2026-05-24 20:15:00+05:30
co,0.7,2026-05-24 20:30:00+05:30
co,0.77,2026-05-24 20:45:00+05:30
co,0.83,2026-05-24 21:00:00+05:30
co,0.93,2026-05-24 21:15:00+05:30
co,1.03,2026-05-24 21:30:00+05:30
co,1.08,2026-05-24 21:45:00+05:30
co,1.1,2026-05-24 22:00:00+05:30
co,1.2,2026-05-24 22:15:00+05:30
co,1.3,2026-05-24 22:30:00+05:30
co,1.32,2026-05-24 22:45:00+05:30
co,1.3,2026-05-24 23:00:00+05:30
co,1.38,2026-05-24 23:15:00+05:30
co,1.41,2026-05-24 23:30:00+05:30
co,1.4,2026-05-24 23:45:00+05:30
co,1.2,2026-05-25 00:45:00+05:30
co,1.08,2026-05-25 01:00:00+05:30
co,1.03,2026-05-25 01:15:00+05:30
co,1.06,2026-05-25 01:30:00+05:30
co,1.0,2026-05-25 01:45:00+05:30
co,0.92,2026-05-25 02:00:00+05:30
co,0.91,2026-05-25 02:15:00+05:30
co,0.9,2026-05-25 02:30:00+05:30
co,0.89,2026-05-25 02:45:00+05:30
co,0.82,2026-05-25 03:00:00+05:30
co,0.84,2026-05-25 03:15:00+05:30
co,0.86,2026-05-25 03:30:00+05:30
co,0.86,2026-05-25 03:45:00+05:30
co,0.78,2026-05-25 04:00:00+05:30
co,0.8,2026-05-25 04:15:00+05:30
co,0.8,2026-05-25 04:30:00+05:30
co,0.8,2026-05-25 04:45:00+05:30
co,0.75,2026-05-25 05:00:00+05:30
co,0.77,2026-05-25 05:15:00+05:30
co,0.79,2026-05-25 05:30:00+05:30
co,0.78,2026-05-25 05:45:00+05:30
co,0.74,2026-05-25 06:00:00+05:30
co,0.78,2026-05-25 06:15:00+05:30
co,0.79,2026-05-25 06:30:00+05:30
co,0.76,2026-05-25 06:45:00+05:30
co,0.73,2026-05-25 07:00:00+05:30
co,0.73,2026-05-25 07:15:00+05:30
co,0.75,2026-05-25 07:30:00+05:30
co,0.76,2026-05-25 07:45:00+05:30
co,0.72,2026-05-25 08:00:00+05:30
co,0.72,2026-05-25 08:15:00+05:30
co,0.73,2026-05-25 08:30:00+05:30
co,0.7,2026-05-25 08:45:00+05:30
co,0.64,2026-05-25 09:00:00+05:30
co,0.64,2026-05-25 09:15:00+05:30
co,0.63,2026-05-25 09:30:00+05:30
co,0.61,2026-05-25 09:45:00+05:30
co,0.53,2026-05-25 10:00:00+05:30
co,0.56,2026-05-25 10:30:00+05:30
co,0.54,2026-05-25 10:45:00+05:30
co,0.49,2026-05-25 11:15:00+05:30
co,0.45,2026-05-25 12:45:00+05:30
co,0.42,2026-05-25 13:00:00+05:30
co,0.4,2026-05-25 13:15:00+05:30
co,0.41,2026-05-25 13:30:00+05:30
co,0.4,2026-05-25 13:45:00+05:30
co,0.42,2026-05-25 14:00:00+05:30
co,0.42,2026-05-25 14:15:00+05:30
co,0.44,2026-05-25 14:30:00+05:30
co,0.4,2026-05-25 15:00:00+05:30
co,0.45,2026-05-25 15:15:00+05:30
co,0.47,2026-05-25 15:30:00+05:30
co,0.45,2026-05-25 15:45:00+05:30
co,0.44,2026-05-25 16:00:00+05:30
co,0.43,2026-05-25 16:15:00+05:30
co,0.43,2026-05-25 16:30:00+05:30
co,0.4,2026-05-25 16:45:00+05:30
co,0.38,2026-05-25 17:00:00+05:30
co,0.38,2026-05-25 17:15:00+05:30
co,0.39,2026-05-25 17:45:00+05:30
co,0.39,2026-05-25 18:00:00+05:30
co,0.4,2026-05-25 18:15:00+05:30
co,0.4,2026-05-25 18:30:00+05:30
co,0.39,2026-05-25 18:45:00+05:30
co,0.36,2026-05-25 19:00:00+05:30
co,0.39,2026-05-25 19:15:00+05:30
co,0.43,2026-05-25 19:30:00+05:30
co,0.47,2026-05-25 19:45:00+05:30
co,0.47,2026-05-25 20:00:00+05:30
co,0.55,2026-05-25 20:15:00+05:30
co,0.56,2026-05-25 20:30:00+05:30
co,0.59,2026-05-25 20:45:00+05:30
co,0.59,2026-05-25 21:00:00+05:30
co,0.64,2026-05-25 21:15:00+05:30
co,0.68,2026-05-25 21:30:00+05:30
co,0.66,2026-05-25 21:45:00+05:30
co,0.6,2026-05-25 22:00:00+05:30
co,0.63,2026-05-25 22:15:00+05:30
co,0.66,2026-05-25 22:30:00+05:30
co,0.67,2026-05-25 22:45:00+05:30
co,0.66,2026-05-25 23:00:00+05:30
co,0.73,2026-05-25 23:15:00+05:30
co,0.78,2026-05-25 23:30:00+05:30
co,0.79,2026-05-25 23:45:00+05:30
co,0.85,2026-05-26 00:45:00+05:30
co,0.85,2026-05-26 01:00:00+05:30
co,0.92,2026-05-26 01:15:00+05:30
co,0.95,2026-05-26 01:30:00+05:30
co,0.91,2026-05-26 01:45:00+05:30
co,0.85,2026-05-26 02:00:00+05:30
co,0.87,2026-05-26 02:15:00+05:30
co,0.85,2026-05-26 02:30:00+05:30
co,0.84,2026-05-26 02:45:00+05:30
co,0.84,2026-05-26 03:00:00+05:30
co,0.89,2026-05-26 03:15:00+05:30
co,0.94,2026-05-26 03:30:00+05:30
co,1.0,2026-05-26 03:45:00+05:30
co,0.98,2026-05-26 04:00:00+05:30
co,1.17,2026-05-26 04:15:00+05:30
co,1.25,2026-05-26 04:30:00+05:30
co,1.1,2026-05-26 04:45:00+05:30
co,0.96,2026-05-26 05:00:00+05:30
co,1.07,2026-05-26 05:15:00+05:30
co,1.11,2026-05-26 05:30:00+05:30
co,1.14,2026-05-26 05:45:00+05:30
co,1.11,2026-05-26 06:00:00+05:30
co,1.08,2026-05-26 06:15:00+05:30
co,1.03,2026-05-26 06:30:00+05:30
co,0.98,2026-05-26 06:45:00+05:30
co,0.95,2026-05-26 07:00:00+05:30
co,0.95,2026-05-26 07:15:00+05:30
co,0.94,2026-05-26 07:30:00+05:30
co,0.93,2026-05-26 07:45:00+05:30
co,0.95,2026-05-26 08:00:00+05:30
co,0.93,2026-05-26 08:15:00+05:30
co,0.93,2026-05-26 08:30:00+05:30
co,0.94,2026-05-26 08:45:00+05:30
co,0.94,2026-05-26 09:00:00+05:30
co,0.91,2026-05-26 09:15:00+05:30
co,0.72,2026-05-26 10:45:00+05:30
co,0.69,2026-05-26 11:15:00+05:30
co,0.67,2026-05-26 11:30:00+05:30
co,0.66,2026-05-26 11:45:00+05:30
co,0.61,2026-05-26 12:00:00+05:30
co,0.62,2026-05-26 12:15:00+05:30
co,0.62,2026-05-26 12:30:00+05:30
co,0.61,2026-05-26 12:45:00+05:30
co,0.55,2026-05-26 13:00:00+05:30
co,0.55,2026-05-26 13:15:00+05:30
co,0.54,2026-05-26 13:30:00+05:30
co,0.53,2026-05-26 13:45:00+05:30
co,0.49,2026-05-26 14:00:00+05:30
co,0.51,2026-05-26 14:15:00+05:30
co,0.57,2026-05-26 14:30:00+05:30
co,0.49,2026-05-26 15:00:00+05:30
co,0.47,2026-05-26 15:15:00+05:30
co,0.47,2026-05-26 15:45:00+05:30
co,0.45,2026-05-26 16:00:00+05:30
co,0.46,2026-05-26 16:15:00+05:30
co,0.46,2026-05-26 16:30:00+05:30
co,0.46,2026-05-26 16:45:00+05:30
co,0.41,2026-05-26 17:00:00+05:30
co,0.4,2026-05-26 17:15:00+05:30
co,0.42,2026-05-26 17:30:00+05:30
co,0.41,2026-05-26 17:45:00+05:30
co,0.39,2026-05-26 18:00:00+05:30
co,0.41,2026-05-26 18:15:00+05:30
co,0.41,2026-05-26 18:30:00+05:30
co,0.42,2026-05-26 18:45:00+05:30
co,0.4,2026-05-26 19:00:00+05:30
co,0.43,2026-05-26 19:15:00+05:30
co,0.46,2026-05-26 19:30:00+05:30
co,0.48,2026-05-26 19:45:00+05:30
co,0.5,2026-05-26 20:15:00+05:30
co,0.54,2026-05-26 20:30:00+05:30
co,0.53,2026-05-26 20:45:00+05:30
co,0.61,2026-05-26 21:30:00+05:30
co,0.64,2026-05-26 21:45:00+05:30
co,0.66,2026-05-26 22:00:00+05:30
co,0.69,2026-05-26 22:15:00+05:30
co,0.7,2026-05-26 22:30:00+05:30
co,0.69,2026-05-26 22:45:00+05:30
co,0.69,2026-05-26 23:00:00+05:30
co,0.71,2026-05-26 23:15:00+05:30
co,0.77,2026-05-26 23:30:00+05:30
co,0.79,2026-05-26 23:45:00+05:30
co,0.82,2026-05-27 00:45:00+05:30
co,0.77,2026-05-27 01:00:00+05:30
co,0.82,2026-05-27 01:15:00+05:30
co,0.84,2026-05-27 01:30:00+05:30
co,0.85,2026-05-27 01:45:00+05:30
co,0.82,2026-05-27 02:00:00+05:30
co,0.84,2026-05-27 02:15:00+05:30
co,0.84,2026-05-27 02:30:00+05:30
co,0.84,2026-05-27 02:45:00+05:30
co,0.87,2026-05-27 03:00:00+05:30
co,0.89,2026-05-27 03:15:00+05:30
co,0.89,2026-05-27 03:30:00+05:30
co,0.88,2026-05-27 03:45:00+05:30
co,0.88,2026-05-27 04:00:00+05:30
co,0.9,2026-05-27 04:15:00+05:30
co,0.93,2026-05-27 04:30:00+05:30
co,0.97,2026-05-27 04:45:00+05:30
co,0.95,2026-05-27 05:00:00+05:30
co,0.95,2026-05-27 05:15:00+05:30
co,0.96,2026-05-27 05:30:00+05:30
co,0.95,2026-05-27 05:45:00+05:30
co,0.95,2026-05-27 06:00:00+05:30
co,1.0,2026-05-27 06:15:00+05:30
co,1.03,2026-05-27 06:30:00+05:30
co,1.01,2026-05-27 06:45:00+05:30
co,0.99,2026-05-27 07:00:00+05:30
co,1.0,2026-05-27 07:15:00+05:30
co,0.99,2026-05-27 07:30:00+05:30
co,0.96,2026-05-27 07:45:00+05:30
co,0.92,2026-05-27 08:00:00+05:30
co,0.93,2026-05-27 08:15:00+05:30
co,0.95,2026-05-27 08:30:00+05:30
co,0.93,2026-05-27 08:45:00+05:30
co,0.87,2026-05-27 09:00:00+05:30
co,0.89,2026-05-27 09:15:00+05:30
co,0.89,2026-05-27 09:30:00+05:30
co,0.84,2026-05-27 09:45:00+05:30
co,0.77,2026-05-27 10:00:00+05:30
co,0.77,2026-05-27 10:15:00+05:30
co,0.74,2026-05-27 10:30:00+05:30
co,0.7,2026-05-27 10:45:00+05:30
co,0.65,2026-05-27 11:00:00+05:30
co,0.63,2026-05-27 11:15:00+05:30
co,0.63,2026-05-27 11:30:00+05:30
co,0.56,2026-05-27 12:00:00+05:30
co,0.54,2026-05-27 12:15:00+05:30
co,0.53,2026-05-27 12:30:00+05:30
co,0.52,2026-05-27 12:45:00+05:30
co,0.36,2026-05-27 17:45:00+05:30
co,0.34,2026-05-27 18:00:00+05:30
co,0.36,2026-05-27 18:15:00+05:30
co,0.38,2026-05-27 18:30:00+05:30
co,0.39,2026-05-27 18:45:00+05:30
co,0.4,2026-05-27 19:00:00+05:30
co,0.49,2026-05-27 19:15:00+05:30
co,0.44,2026-05-27 19:30:00+05:30
co,0.44,2026-05-27 19:45:00+05:30
co,0.44,2026-05-27 20:00:00+05:30
co,0.5,2026-05-27 20:15:00+05:30
co,0.63,2026-05-27 20:30:00+05:30
co,0.62,2026-05-27 20:45:00+05:30
co,0.62,2026-05-27 21:00:00+05:30
co,0.66,2026-05-27 21:15:00+05:30
co,0.7,2026-05-27 21:30:00+05:30
co,0.69,2026-05-27 21:45:00+05:30
co,0.7,2026-05-27 22:00:00+05:30
co,0.8,2026-05-27 22:15:00+05:30
co,0.86,2026-05-27 22:30:00+05:30
co,0.92,2026-05-27 22:45:00+05:30
co,0.94,2026-05-27 23:00:00+05:30
co,1.05,2026-05-27 23:15:00+05:30
co,1.08,2026-05-27 23:30:00+05:30
co,1.14,2026-05-27 23:45:00+05:30
co,1.43,2026-05-28 00:45:00+05:30
co,1.48,2026-05-28 01:00:00+05:30
co,1.59,2026-05-28 01:15:00+05:30
co,1.73,2026-05-28 01:30:00+05:30
co,1.9,2026-05-28 01:45:00+05:30
co,1.86,2026-05-28 02:00:00+05:30
co,1.72,2026-05-28 02:15:00+05:30
co,1.71,2026-05-28 02:30:00+05:30
co,1.62,2026-05-28 02:45:00+05:30
co,1.51,2026-05-28 03:00:00+05:30
co,1.49,2026-05-28 03:15:00+05:30
co,1.44,2026-05-28 03:30:00+05:30
co,1.39,2026-05-28 03:45:00+05:30
co,1.31,2026-05-28 04:00:00+05:30
co,1.29,2026-05-28 04:15:00+05:30
co,1.28,2026-05-28 04:30:00+05:30
co,1.35,2026-05-28 04:45:00+05:30
co,1.32,2026-05-28 05:00:00+05:30
co,1.34,2026-05-28 05:15:00+05:30
co,1.37,2026-05-28 05:30:00+05:30
co,1.4,2026-05-28 05:45:00+05:30
co,1.37,2026-05-28 06:00:00+05:30
co,1.36,2026-05-28 06:15:00+05:30
co,1.33,2026-05-28 06:30:00+05:30
co,1.32,2026-05-28 06:45:00+05:30
co,1.25,2026-05-28 07:00:00+05:30
co,1.21,2026-05-28 07:15:00+05:30
co,1.2,2026-05-28 07:30:00+05:30
co,1.17,2026-05-28 07:45:00+05:30
co,1.12,2026-05-28 08:00:00+05:30
co,1.12,2026-05-28 08:15:00+05:30
co,1.11,2026-05-28 08:30:00+05:30
co,1.09,2026-05-28 08:45:00+05:30
co,1.02,2026-05-28 09:00:00+05:30
co,1.04,2026-05-28 09:15:00+05:30
co,1.04,2026-05-28 09:30:00+05:30
co,1.02,2026-05-28 09:45:00+05:30
co,0.97,2026-05-28 10:00:00+05:30
co,0.98,2026-05-28 10:15:00+05:30
co,0.99,2026-05-28 10:30:00+05:30
co,0.97,2026-05-28 10:45:00+05:30
co,0.91,2026-05-28 11:00:00+05:30
co,0.92,2026-05-28 11:15:00+05:30
co,0.94,2026-05-28 11:30:00+05:30
co,0.93,2026-05-28 11:45:00+05:30
co,0.9,2026-05-28 12:00:00+05:30
co,0.91,2026-05-28 12:15:00+05:30
co,0.9,2026-05-28 12:30:00+05:30
co,0.88,2026-05-28 12:45:00+05:30
co,0.85,2026-05-28 13:00:00+05:30
co,0.87,2026-05-28 13:15:00+05:30
co,0.89,2026-05-28 13:30:00+05:30
co,0.87,2026-05-28 13:45:00+05:30
co,0.82,2026-05-28 14:00:00+05:30
co,0.82,2026-05-28 14:15:00+05:30
co,0.85,2026-05-28 14:30:00+05:30
co,0.8,2026-05-28 14:45:00+05:30
co,0.76,2026-05-28 15:00:00+05:30
co,0.79,2026-05-28 15:15:00+05:30
co,0.79,2026-05-28 15:30:00+05:30
co,0.77,2026-05-28 15:45:00+05:30
co,0.72,2026-05-28 16:15:00+05:30
co,0.71,2026-05-28 16:45:00+05:30
co,0.68,2026-05-28 17:15:00+05:30
co,0.69,2026-05-28 17:30:00+05:30
co,0.68,2026-05-28 17:45:00+05:30
co,0.74,2026-05-28 18:45:00+05:30
co,0.68,2026-05-28 19:00:00+05:30
co,0.68,2026-05-28 19:15:00+05:30
co,0.68,2026-05-28 19:30:00+05:30
co,0.65,2026-05-28 19:45:00+05:30
co,0.57,2026-05-28 20:45:00+05:30
co,0.49,2026-05-28 22:45:00+05:30
co,0.46,2026-05-28 23:00:00+05:30
co,0.49,2026-05-28 23:15:00+05:30
co,0.5,2026-05-28 23:30:00+05:30
co,0.49,2026-05-28 23:45:00+05:30
co,0.44,2026-05-29 00:45:00+05:30
co,0.39,2026-05-29 01:00:00+05:30
co,0.4,2026-05-29 01:15:00+05:30
co,0.42,2026-05-29 01:30:00+05:30
co,0.43,2026-05-29 01:45:00+05:30
co,0.39,2026-05-29 02:00:00+05:30
co,0.4,2026-05-29 02:15:00+05:30
co,0.44,2026-05-29 02:30:00+05:30
co,0.43,2026-05-29 02:45:00+05:30
co,0.4,2026-05-29 03:00:00+05:30
co,0.41,2026-05-29 03:15:00+05:30
co,0.44,2026-05-29 03:30:00+05:30
co,0.43,2026-05-29 03:45:00+05:30
co,0.39,2026-05-29 04:00:00+05:30
co,0.41,2026-05-29 04:15:00+05:30
co,0.43,2026-05-29 04:30:00+05:30
co,0.43,2026-05-29 04:45:00+05:30
co,0.4,2026-05-29 05:00:00+05:30
co,0.41,2026-05-29 05:15:00+05:30
co,0.44,2026-05-29 05:30:00+05:30
co,0.44,2026-05-29 05:45:00+05:30
co,0.41,2026-05-29 06:00:00+05:30
co,0.43,2026-05-29 06:15:00+05:30
co,0.45,2026-05-29 06:30:00+05:30
co,0.46,2026-05-29 06:45:00+05:30
co,0.43,2026-05-29 07:00:00+05:30
co,0.45,2026-05-29 07:15:00+05:30
co,0.47,2026-05-29 07:30:00+05:30
co,0.47,2026-05-29 07:45:00+05:30
co,0.44,2026-05-29 08:00:00+05:30
co,0.45,2026-05-29 08:15:00+05:30
co,0.47,2026-05-29 08:30:00+05:30
co,0.47,2026-05-29 08:45:00+05:30
co,0.44,2026-05-29 09:00:00+05:30
co,0.45,2026-05-29 09:15:00+05:30
co,0.48,2026-05-29 09:30:00+05:30
co,0.55,2026-05-29 09:45:00+05:30
co,0.46,2026-05-29 10:00:00+05:30
co,0.47,2026-05-29 10:15:00+05:30
co,0.49,2026-05-29 10:30:00+05:30
co,0.49,2026-05-29 10:45:00+05:30
co,0.45,2026-05-29 11:00:00+05:30
co,0.47,2026-05-29 11:15:00+05:30
co,0.49,2026-05-29 11:30:00+05:30
co,0.49,2026-05-29 11:45:00+05:30
co,0.45,2026-05-29 13:00:00+05:30
co,0.47,2026-05-29 13:15:00+05:30
co,0.49,2026-05-29 13:30:00+05:30
co,0.48,2026-05-29 13:45:00+05:30
co,0.45,2026-05-29 14:00:00+05:30
co,0.46,2026-05-29 14:15:00+05:30
co,0.48,2026-05-29 14:30:00+05:30
co,0.5,2026-05-29 15:45:00+05:30
co,0.47,2026-05-29 16:00:00+05:30
co,0.49,2026-05-29 16:15:00+05:30
co,0.51,2026-05-29 16:30:00+05:30
co,0.54,2026-05-29 16:45:00+05:30
co,0.52,2026-05-29 17:00:00+05:30
co,0.55,2026-05-29 17:15:00+05:30
co,0.56,2026-05-29 17:30:00+05:30
co,0.55,2026-05-29 17:45:00+05:30
co,0.53,2026-05-29 18:00:00+05:30
co,0.56,2026-05-29 18:15:00+05:30
co,0.58,2026-05-29 18:30:00+05:30
co,0.58,2026-05-29 18:45:00+05:30
co,0.54,2026-05-29 19:00:00+05:30
co,0.54,2026-05-29 19:15:00+05:30
co,0.58,2026-05-29 19:30:00+05:30
co,0.57,2026-05-29 19:45:00+05:30
co,0.56,2026-05-29 20:00:00+05:30
co,0.59,2026-05-29 20:15:00+05:30
co,0.59,2026-05-29 20:30:00+05:30
co,0.61,2026-05-29 20:45:00+05:30
co,0.59,2026-05-29 21:00:00+05:30
co,0.61,2026-05-29 21:15:00+05:30
co,0.62,2026-05-29 21:30:00+05:30
co,0.62,2026-05-29 21:45:00+05:30
co,0.56,2026-05-29 22:00:00+05:30
co,0.57,2026-05-29 22:15:00+05:30
co,0.59,2026-05-29 22:30:00+05:30
co,0.59,2026-05-29 22:45:00+05:30
co,0.55,2026-05-29 23:00:00+05:30
co,0.56,2026-05-29 23:15:00+05:30
co,0.58,2026-05-29 23:30:00+05:30
co,0.58,2026-05-29 23:45:00+05:30
co,0.51,2026-05-30 00:45:00+05:30
co,0.47,2026-05-30 01:00:00+05:30
co,0.48,2026-05-30 01:15:00+05:30
co,0.5,2026-05-30 01:30:00+05:30
co,0.48,2026-05-30 01:45:00+05:30
co,0.45,2026-05-30 02:00:00+05:30
co,0.45,2026-05-30 02:15:00+05:30
co,0.47,2026-05-30 02:30:00+05:30
co,0.47,2026-05-30 02:45:00+05:30
co,0.43,2026-05-30 03:00:00+05:30
co,0.43,2026-05-30 03:15:00+05:30
co,0.44,2026-05-30 03:30:00+05:30
co,0.44,2026-05-30 03:45:00+05:30
co,0.4,2026-05-30 04:00:00+05:30
co,0.4,2026-05-30 04:15:00+05:30
co,0.41,2026-05-30 04:30:00+05:30
co,0.4,2026-05-30 04:45:00+05:30
co,0.37,2026-05-30 05:00:00+05:30
co,0.39,2026-05-30 05:15:00+05:30
co,0.4,2026-05-30 05:30:00+05:30
co,0.4,2026-05-30 05:45:00+05:30
co,0.37,2026-05-30 06:00:00+05:30
co,0.39,2026-05-30 06:15:00+05:30
co,0.4,2026-05-30 06:30:00+05:30
co,0.41,2026-05-30 06:45:00+05:30
co,0.38,2026-05-30 07:00:00+05:30
co,0.4,2026-05-30 07:15:00+05:30
co,0.42,2026-05-30 07:30:00+05:30
co,0.42,2026-05-30 07:45:00+05:30
co,0.39,2026-05-30 08:00:00+05:30
co,0.41,2026-05-30 08:15:00+05:30
co,0.44,2026-05-30 08:30:00+05:30
co,0.45,2026-05-30 08:45:00+05:30
co,0.42,2026-05-30 09:00:00+05:30
co,0.44,2026-05-30 09:15:00+05:30
co,0.45,2026-05-30 09:30:00+05:30
co,0.45,2026-05-30 09:45:00+05:30
co,0.42,2026-05-30 10:00:00+05:30
co,0.44,2026-05-30 10:15:00+05:30
co,0.45,2026-05-30 10:30:00+05:30
co,0.45,2026-05-30 10:45:00+05:30
co,0.43,2026-05-30 11:00:00+05:30
co,0.45,2026-05-30 11:15:00+05:30
co,0.47,2026-05-30 11:30:00+05:30
co,0.48,2026-05-30 11:45:00+05:30
co,0.45,2026-05-30 12:00:00+05:30
co,0.46,2026-05-30 12:15:00+05:30
co,0.48,2026-05-30 12:30:00+05:30
co,0.48,2026-05-30 12:45:00+05:30
co,0.45,2026-05-30 13:00:00+05:30
co,0.46,2026-05-30 13:15:00+05:30
co,0.47,2026-05-30 13:30:00+05:30
co,0.44,2026-05-30 14:00:00+05:30
co,0.44,2026-05-30 14:15:00+05:30
co,0.45,2026-05-30 14:30:00+05:30
co,0.45,2026-05-30 14:45:00+05:30
co,0.42,2026-05-30 15:00:00+05:30
co,0.44,2026-05-30 15:15:00+05:30
co,0.46,2026-05-30 15:30:00+05:30
co,0.45,2026-05-30 15:45:00+05:30
co,0.43,2026-05-30 16:00:00+05:30
co,0.44,2026-05-30 16:15:00+05:30
co,0.42,2026-05-30 16:30:00+05:30
co,0.4,2026-05-30 16:45:00+05:30
co,0.34,2026-05-30 17:00:00+05:30
co,0.34,2026-05-30 17:15:00+05:30
co,0.33,2026-05-30 17:30:00+05:30
co,0.34,2026-05-30 17:45:00+05:30
co,0.33,2026-05-30 18:00:00+05:30
co,0.42,2026-05-30 18:15:00+05:30
co,0.46,2026-05-30 18:30:00+05:30
co,0.46,2026-05-30 18:45:00+05:30
co,0.44,2026-05-30 19:00:00+05:30
co,0.45,2026-05-30 19:15:00+05:30
co,0.45,2026-05-30 19:30:00+05:30
co,0.47,2026-05-30 19:45:00+05:30
co,0.47,2026-05-30 20:00:00+05:30
co,0.49,2026-05-30 20:15:00+05:30
co,0.51,2026-05-30 20:30:00+05:30
co,0.53,2026-05-30 20:45:00+05:30
co,0.52,2026-05-30 21:00:00+05:30
co,0.56,2026-05-30 21:15:00+05:30
co,0.58,2026-05-30 21:30:00+05:30
co,0.56,2026-05-30 21:45:00+05:30
co,0.54,2026-05-30 22:00:00+05:30
co,0.56,2026-05-30 22:15:00+05:30
co,0.56,2026-05-30 22:30:00+05:30
co,0.54,2026-05-30 22:45:00+05:30
co,0.5,2026-05-30 23:00:00+05:30
co,0.51,2026-05-30 23:15:00+05:30
co,0.53,2026-05-30 23:30:00+05:30
co,0.51,2026-05-30 23:45:00+05:30
co,0.47,2026-05-31 00:45:00+05:30
co,0.44,2026-05-31 01:00:00+05:30
co,0.45,2026-05-31 01:15:00+05:30
co,0.46,2026-05-31 01:30:00+05:30
co,0.45,2026-05-31 01:45:00+05:30
co,0.42,2026-05-31 02:00:00+05:30
co,0.44,2026-05-31 02:15:00+05:30
co,0.45,2026-05-31 02:30:00+05:30
no,14.5,2026-05-19 05:45:00+05:30
no,14.36,2026-05-19 06:00:00+05:30
no,14.27,2026-05-19 06:15:00+05:30
no,14.27,2026-05-19 06:30:00+05:30
no,14.38,2026-05-19 06:45:00+05:30
no,14.4,2026-05-19 07:00:00+05:30
no,14.4,2026-05-19 07:15:00+05:30
no,14.04,2026-05-19 07:30:00+05:30
no,14.14,2026-05-19 07:45:00+05:30
no,14.11,2026-05-19 08:00:00+05:30
no,14.26,2026-05-19 08:15:00+05:30
no,14.25,2026-05-19 08:30:00+05:30
no,14.41,2026-05-19 08:45:00+05:30
no,14.33,2026-05-19 09:00:00+05:30
no,14.14,2026-05-19 09:15:00+05:30
no,15.51,2026-05-19 09:30:00+05:30
no,18.01,2026-05-19 09:45:00+05:30
no,18.58,2026-05-19 10:00:00+05:30
no,18.85,2026-05-19 10:15:00+05:30
no,19.07,2026-05-19 10:30:00+05:30
no,18.91,2026-05-19 10:45:00+05:30
no,17.92,2026-05-19 11:00:00+05:30
no,19.06,2026-05-19 11:30:00+05:30
no,17.03,2026-05-19 11:45:00+05:30
no,13.9,2026-05-19 12:00:00+05:30
no,12.95,2026-05-19 12:15:00+05:30
no,13.21,2026-05-19 12:30:00+05:30
no,12.55,2026-05-19 12:45:00+05:30
no,12.43,2026-05-19 13:00:00+05:30
no,11.9,2026-05-19 13:15:00+05:30
no,11.97,2026-05-19 13:30:00+05:30
no,12.5,2026-05-19 13:45:00+05:30
no,13.14,2026-05-19 14:45:00+05:30
no,13.12,2026-05-19 15:00:00+05:30
no,12.95,2026-05-19 15:15:00+05:30
no,12.83,2026-05-19 15:30:00+05:30
no,12.88,2026-05-19 15:45:00+05:30
no,12.95,2026-05-19 16:00:00+05:30
no,13.13,2026-05-19 16:15:00+05:30
no,13.14,2026-05-19 16:30:00+05:30
no,13.08,2026-05-19 16:45:00+05:30
no,13.01,2026-05-19 17:00:00+05:30
no,12.77,2026-05-19 17:15:00+05:30
no,12.93,2026-05-19 17:30:00+05:30
no,13.17,2026-05-19 17:45:00+05:30
no,13.28,2026-05-19 18:00:00+05:30
no,12.79,2026-05-19 18:15:00+05:30
no,12.72,2026-05-19 18:30:00+05:30
no,13.09,2026-05-19 18:45:00+05:30
no,13.28,2026-05-19 19:00:00+05:30
no,13.21,2026-05-19 19:15:00+05:30
no,13.08,2026-05-19 19:30:00+05:30
no,13.17,2026-05-19 19:45:00+05:30
no,13.17,2026-05-19 20:15:00+05:30
no,13.19,2026-05-19 20:30:00+05:30
no,13.26,2026-05-19 20:45:00+05:30
no,13.1,2026-05-19 21:00:00+05:30
no,13.26,2026-05-19 21:15:00+05:30
no,13.19,2026-05-19 21:30:00+05:30
no,13.04,2026-05-19 21:45:00+05:30
no,14.75,2026-05-19 22:00:00+05:30
no,17.67,2026-05-19 22:15:00+05:30
no,18.43,2026-05-19 22:30:00+05:30
no,18.71,2026-05-19 22:45:00+05:30
no,19.09,2026-05-19 23:00:00+05:30
no,18.88,2026-05-19 23:15:00+05:30
no,18.85,2026-05-19 23:30:00+05:30
no,18.96,2026-05-19 23:45:00+05:30
no,19.2,2026-05-20 00:45:00+05:30
no,19.41,2026-05-20 01:00:00+05:30
no,19.35,2026-05-20 01:15:00+05:30
no,19.2,2026-05-20 01:30:00+05:30
no,19.15,2026-05-20 01:45:00+05:30
no,19.36,2026-05-20 02:00:00+05:30
no,19.18,2026-05-20 02:15:00+05:30
no,19.35,2026-05-20 02:30:00+05:30
no,19.14,2026-05-20 02:45:00+05:30
no,19.02,2026-05-20 03:00:00+05:30
no,19.06,2026-05-20 03:15:00+05:30
no,19.01,2026-05-20 03:30:00+05:30
no,19.19,2026-05-20 03:45:00+05:30
no,19.19,2026-05-20 04:00:00+05:30
no,19.28,2026-05-20 04:15:00+05:30
no,19.28,2026-05-20 04:30:00+05:30
no,19.65,2026-05-20 04:45:00+05:30
no,18.91,2026-05-20 05:00:00+05:30
no,18.83,2026-05-20 05:15:00+05:30
no,19.06,2026-05-20 05:30:00+05:30
no,19.17,2026-05-20 05:45:00+05:30
no,19.4,2026-05-20 06:00:00+05:30
no,19.59,2026-05-20 06:15:00+05:30
no,19.48,2026-05-20 06:30:00+05:30
no,18.69,2026-05-20 06:45:00+05:30
no,18.66,2026-05-20 07:00:00+05:30
no,18.53,2026-05-20 07:15:00+05:30
no,18.95,2026-05-20 07:30:00+05:30
no,19.19,2026-05-20 07:45:00+05:30
no,19.19,2026-05-20 08:00:00+05:30
no,19.32,2026-05-20 08:15:00+05:30
no,20.19,2026-05-20 08:30:00+05:30
no,21.03,2026-05-20 08:45:00+05:30
no,21.61,2026-05-20 09:00:00+05:30
no,21.86,2026-05-20 09:15:00+05:30
no,21.55,2026-05-20 09:30:00+05:30
no,21.46,2026-05-20 10:15:00+05:30
no,21.42,2026-05-20 10:30:00+05:30
no,21.74,2026-05-20 10:45:00+05:30
no,15.78,2026-05-20 12:00:00+05:30
no,16.01,2026-05-20 12:15:00+05:30
no,15.61,2026-05-20 12:30:00+05:30
no,15.23,2026-05-20 12:45:00+05:30
no,15.04,2026-05-20 13:00:00+05:30
no,14.99,2026-05-20 13:15:00+05:30
no,15.23,2026-05-20 13:30:00+05:30
no,15.11,2026-05-20 13:45:00+05:30
no,14.98,2026-05-20 14:00:00+05:30
no,15.37,2026-05-20 14:15:00+05:30
no,15.22,2026-05-20 14:30:00+05:30
no,14.47,2026-05-20 14:45:00+05:30
no,13.3,2026-05-20 15:00:00+05:30
no,13.22,2026-05-20 15:15:00+05:30
no,13.22,2026-05-20 15:30:00+05:30
no,13.36,2026-05-20 15:45:00+05:30
no,13.3,2026-05-20 16:00:00+05:30
no,13.04,2026-05-20 16:15:00+05:30
no,12.92,2026-05-20 16:30:00+05:30
no,12.55,2026-05-20 16:45:00+05:30
no,12.71,2026-05-20 17:00:00+05:30
no,12.86,2026-05-20 17:15:00+05:30
no,13.04,2026-05-20 17:30:00+05:30
no,13.12,2026-05-20 17:45:00+05:30
no,13.08,2026-05-20 18:00:00+05:30
no,13.27,2026-05-20 18:15:00+05:30
no,13.38,2026-05-20 18:30:00+05:30
no,13.86,2026-05-20 18:45:00+05:30
no,13.52,2026-05-20 19:00:00+05:30
no,13.38,2026-05-20 19:15:00+05:30
no,13.26,2026-05-20 19:30:00+05:30
no,13.13,2026-05-20 19:45:00+05:30
no,13.21,2026-05-20 20:00:00+05:30
no,12.86,2026-05-20 20:15:00+05:30
no,13.15,2026-05-20 20:30:00+05:30
no,13.26,2026-05-20 20:45:00+05:30
no,13.28,2026-05-20 21:00:00+05:30
no,13.21,2026-05-20 21:15:00+05:30
no,13.22,2026-05-20 21:30:00+05:30
no,13.31,2026-05-20 21:45:00+05:30
no,13.22,2026-05-20 22:00:00+05:30
no,13.16,2026-05-20 22:15:00+05:30
no,12.88,2026-05-20 22:30:00+05:30
no,12.86,2026-05-20 22:45:00+05:30
no,13.01,2026-05-20 23:00:00+05:30
no,13.01,2026-05-20 23:15:00+05:30
no,12.87,2026-05-20 23:30:00+05:30
no,12.92,2026-05-20 23:45:00+05:30
no,12.35,2026-05-21 00:45:00+05:30
no,13.3,2026-05-21 01:00:00+05:30
no,13.49,2026-05-21 01:15:00+05:30
no,13.43,2026-05-21 01:30:00+05:30
no,13.35,2026-05-21 01:45:00+05:30
no,12.49,2026-05-21 02:00:00+05:30
no,12.53,2026-05-21 02:15:00+05:30
no,13.12,2026-05-21 02:30:00+05:30
no,13.4,2026-05-21 02:45:00+05:30
no,13.28,2026-05-21 03:00:00+05:30
no,12.96,2026-05-21 03:15:00+05:30
no,12.87,2026-05-21 03:30:00+05:30
no,12.84,2026-05-21 03:45:00+05:30
no,13.09,2026-05-21 04:15:00+05:30
no,13.28,2026-05-21 04:30:00+05:30
no,13.25,2026-05-21 04:45:00+05:30
no,13.1,2026-05-21 05:00:00+05:30
no,12.86,2026-05-21 05:15:00+05:30
no,12.75,2026-05-21 05:30:00+05:30
no,12.77,2026-05-21 05:45:00+05:30
no,13.01,2026-05-21 06:45:00+05:30
no,12.79,2026-05-21 07:00:00+05:30
no,12.94,2026-05-21 07:15:00+05:30
no,13.11,2026-05-21 07:30:00+05:30
no,13.37,2026-05-21 07:45:00+05:30
no,12.93,2026-05-21 08:00:00+05:30
no,14.61,2026-05-21 08:15:00+05:30
no,16.45,2026-05-21 08:30:00+05:30
no,17.39,2026-05-21 08:45:00+05:30
no,17.89,2026-05-21 09:00:00+05:30
no,17.53,2026-05-21 09:15:00+05:30
no,17.53,2026-05-21 09:30:00+05:30
no,17.71,2026-05-21 09:45:00+05:30
no,17.92,2026-05-21 10:00:00+05:30
no,19.68,2026-05-21 10:15:00+05:30
no,21.57,2026-05-21 10:30:00+05:30
no,22.47,2026-05-21 10:45:00+05:30
no,22.43,2026-05-21 11:00:00+05:30
no,22.71,2026-05-21 11:15:00+05:30
no,22.77,2026-05-21 11:30:00+05:30
no,23.14,2026-05-21 11:45:00+05:30
no,22.76,2026-05-21 12:00:00+05:30
no,22.12,2026-05-21 12:15:00+05:30
no,20.46,2026-05-21 12:30:00+05:30
no,18.8,2026-05-21 12:45:00+05:30
no,17.53,2026-05-21 13:00:00+05:30
no,17.59,2026-05-21 13:15:00+05:30
no,18.62,2026-05-21 13:30:00+05:30
no,19.21,2026-05-21 13:45:00+05:30
no,19.36,2026-05-21 14:30:00+05:30
no,21.83,2026-05-21 14:45:00+05:30
no,24.8,2026-05-21 15:00:00+05:30
no,25.46,2026-05-21 15:15:00+05:30
no,25.84,2026-05-21 15:30:00+05:30
no,25.67,2026-05-21 15:45:00+05:30
no,25.74,2026-05-21 16:00:00+05:30
no,25.58,2026-05-21 16:15:00+05:30
no,25.23,2026-05-21 16:30:00+05:30
no,25.37,2026-05-21 16:45:00+05:30
no,25.29,2026-05-21 17:00:00+05:30
no,25.3,2026-05-21 17:15:00+05:30
no,25.96,2026-05-21 17:30:00+05:30
no,25.81,2026-05-21 17:45:00+05:30
no,25.71,2026-05-21 18:00:00+05:30
no,25.07,2026-05-21 18:15:00+05:30
no,25.02,2026-05-21 18:30:00+05:30
no,25.08,2026-05-21 18:45:00+05:30
no,25.07,2026-05-21 19:00:00+05:30
no,25.07,2026-05-21 19:15:00+05:30
no,25.16,2026-05-21 19:30:00+05:30
no,25.27,2026-05-21 19:45:00+05:30
no,25.25,2026-05-21 20:00:00+05:30
no,25.06,2026-05-21 20:15:00+05:30
no,25.06,2026-05-21 20:30:00+05:30
no,25.62,2026-05-21 20:45:00+05:30
no,25.5,2026-05-21 21:00:00+05:30
no,25.45,2026-05-21 21:15:00+05:30
no,25.28,2026-05-21 21:30:00+05:30
no,25.61,2026-05-21 21:45:00+05:30
no,25.54,2026-05-21 22:00:00+05:30
no,25.29,2026-05-21 22:15:00+05:30
no,25.3,2026-05-21 22:30:00+05:30
no,25.54,2026-05-21 22:45:00+05:30
no,25.26,2026-05-21 23:00:00+05:30
no,25.0,2026-05-21 23:15:00+05:30
no,25.19,2026-05-21 23:30:00+05:30
no,25.41,2026-05-21 23:45:00+05:30
no,15.08,2026-05-22 00:45:00+05:30
no,14.59,2026-05-22 01:00:00+05:30
no,14.48,2026-05-22 01:15:00+05:30
no,14.36,2026-05-22 01:30:00+05:30
no,14.27,2026-05-22 01:45:00+05:30
no,14.26,2026-05-22 02:00:00+05:30
no,14.09,2026-05-22 02:15:00+05:30
no,14.38,2026-05-22 02:30:00+05:30
no,14.38,2026-05-22 02:45:00+05:30
no,14.4,2026-05-22 03:00:00+05:30
no,14.19,2026-05-22 03:15:00+05:30
no,14.49,2026-05-22 03:30:00+05:30
no,14.35,2026-05-22 03:45:00+05:30
no,14.72,2026-05-22 04:00:00+05:30
no,14.26,2026-05-22 04:15:00+05:30
no,14.47,2026-05-22 04:45:00+05:30
no,14.54,2026-05-22 05:00:00+05:30
no,14.51,2026-05-22 05:15:00+05:30
no,14.48,2026-05-22 05:30:00+05:30
no,14.52,2026-05-22 05:45:00+05:30
no,14.27,2026-05-22 06:00:00+05:30
no,14.16,2026-05-22 06:15:00+05:30
no,14.23,2026-05-22 06:30:00+05:30
no,14.08,2026-05-22 06:45:00+05:30
no,14.18,2026-05-22 07:00:00+05:30
no,14.15,2026-05-22 07:15:00+05:30
no,14.26,2026-05-22 07:30:00+05:30
no,14.31,2026-05-22 07:45:00+05:30
no,14.5,2026-05-22 08:00:00+05:30
no,14.61,2026-05-22 08:15:00+05:30
no,20.7,2026-05-22 08:30:00+05:30
no,23.72,2026-05-22 08:45:00+05:30
no,23.78,2026-05-22 09:00:00+05:30
no,23.28,2026-05-22 09:15:00+05:30
no,23.77,2026-05-22 09:30:00+05:30
no,24.06,2026-05-22 09:45:00+05:30
no,23.66,2026-05-22 11:45:00+05:30
no,23.49,2026-05-22 12:00:00+05:30
no,23.08,2026-05-22 12:15:00+05:30
no,20.62,2026-05-22 12:30:00+05:30
no,19.66,2026-05-22 12:45:00+05:30
no,19.32,2026-05-22 13:00:00+05:30
no,18.28,2026-05-22 13:15:00+05:30
no,17.86,2026-05-22 13:30:00+05:30
no,18.27,2026-05-22 13:45:00+05:30
no,19.19,2026-05-22 14:15:00+05:30
no,19.45,2026-05-22 14:30:00+05:30
no,19.1,2026-05-22 14:45:00+05:30
no,19.12,2026-05-22 15:00:00+05:30
no,17.71,2026-05-22 15:15:00+05:30
no,14.17,2026-05-22 15:30:00+05:30
no,13.74,2026-05-22 15:45:00+05:30
no,13.29,2026-05-22 16:00:00+05:30
no,12.98,2026-05-22 16:15:00+05:30
no,12.46,2026-05-22 16:30:00+05:30
no,12.16,2026-05-22 16:45:00+05:30
no,11.86,2026-05-22 17:15:00+05:30
no,11.84,2026-05-22 17:30:00+05:30
no,11.69,2026-05-22 17:45:00+05:30
no,11.52,2026-05-22 18:00:00+05:30
no,11.39,2026-05-22 18:15:00+05:30
no,11.41,2026-05-22 18:30:00+05:30
no,11.37,2026-05-22 18:45:00+05:30
no,10.97,2026-05-22 19:00:00+05:30
no,11.38,2026-05-22 19:15:00+05:30
no,11.39,2026-05-22 19:30:00+05:30
no,11.64,2026-05-22 19:45:00+05:30
no,11.61,2026-05-22 20:00:00+05:30
no,11.48,2026-05-22 20:15:00+05:30
no,11.58,2026-05-22 20:30:00+05:30
no,11.9,2026-05-22 20:45:00+05:30
no,11.58,2026-05-22 21:00:00+05:30
no,11.64,2026-05-22 21:15:00+05:30
no,11.64,2026-05-22 21:30:00+05:30
no,11.72,2026-05-22 21:45:00+05:30
no,11.67,2026-05-22 22:00:00+05:30
no,11.76,2026-05-22 22:15:00+05:30
no,11.99,2026-05-22 22:30:00+05:30
no,12.82,2026-05-22 22:45:00+05:30
no,13.56,2026-05-22 23:00:00+05:30
no,13.32,2026-05-22 23:15:00+05:30
no,13.5,2026-05-22 23:30:00+05:30
no,13.56,2026-05-22 23:45:00+05:30
no,14.01,2026-05-23 01:45:00+05:30
no,13.77,2026-05-23 02:00:00+05:30
no,13.73,2026-05-23 02:15:00+05:30
no,13.56,2026-05-23 02:30:00+05:30
no,13.54,2026-05-23 02:45:00+05:30
no,13.58,2026-05-23 03:00:00+05:30
no,13.76,2026-05-23 03:15:00+05:30
no,13.69,2026-05-23 03:30:00+05:30
no,13.56,2026-05-23 03:45:00+05:30
no,13.64,2026-05-23 04:00:00+05:30
no,13.57,2026-05-23 04:15:00+05:30
no,13.42,2026-05-23 04:30:00+05:30
no,13.63,2026-05-23 04:45:00+05:30
no,13.64,2026-05-23 05:00:00+05:30
no,13.78,2026-05-23 05:15:00+05:30
no,13.69,2026-05-23 05:30:00+05:30
no,13.63,2026-05-23 05:45:00+05:30
no,13.96,2026-05-23 06:00:00+05:30
no,13.89,2026-05-23 06:15:00+05:30
no,13.88,2026-05-23 06:30:00+05:30
no,13.99,2026-05-23 06:45:00+05:30
no,14.04,2026-05-23 07:00:00+05:30
no,13.89,2026-05-23 07:15:00+05:30
no,13.41,2026-05-23 07:30:00+05:30
no,13.56,2026-05-23 07:45:00+05:30
no,13.75,2026-05-23 08:00:00+05:30
no,13.85,2026-05-23 08:15:00+05:30
no,14.0,2026-05-23 08:30:00+05:30
no,14.08,2026-05-23 08:45:00+05:30
no,13.99,2026-05-23 09:00:00+05:30
no,14.19,2026-05-23 09:15:00+05:30
no,14.13,2026-05-23 09:30:00+05:30
no,14.38,2026-05-23 09:45:00+05:30
no,16.66,2026-05-23 10:00:00+05:30
no,18.68,2026-05-23 10:15:00+05:30
no,19.38,2026-05-23 10:30:00+05:30
no,19.43,2026-05-23 10:45:00+05:30
no,19.59,2026-05-23 11:00:00+05:30
no,19.54,2026-05-23 11:15:00+05:30
no,19.55,2026-05-23 11:30:00+05:30
no,19.59,2026-05-23 11:45:00+05:30
no,19.92,2026-05-23 12:00:00+05:30
no,19.82,2026-05-23 12:15:00+05:30
no,19.72,2026-05-23 12:30:00+05:30
no,19.7,2026-05-23 12:45:00+05:30
no,19.38,2026-05-23 13:00:00+05:30
no,20.99,2026-05-23 13:15:00+05:30
no,22.27,2026-05-23 13:30:00+05:30
no,22.91,2026-05-23 13:45:00+05:30
no,22.94,2026-05-23 14:00:00+05:30
no,22.78,2026-05-23 14:15:00+05:30
no,23.12,2026-05-23 14:30:00+05:30
no,23.42,2026-05-23 14:45:00+05:30
no,23.63,2026-05-23 15:15:00+05:30
no,23.44,2026-05-23 15:30:00+05:30
no,23.22,2026-05-23 15:45:00+05:30
no,23.28,2026-05-23 16:00:00+05:30
no,23.23,2026-05-23 16:15:00+05:30
no,23.22,2026-05-23 16:30:00+05:30
no,23.4,2026-05-23 16:45:00+05:30
no,23.61,2026-05-23 17:00:00+05:30
no,23.33,2026-05-23 17:15:00+05:30
no,23.65,2026-05-23 17:30:00+05:30
no,23.43,2026-05-23 17:45:00+05:30
no,23.51,2026-05-23 18:00:00+05:30
no,23.32,2026-05-23 18:15:00+05:30
no,23.44,2026-05-23 18:30:00+05:30
no,23.45,2026-05-23 18:45:00+05:30
no,23.12,2026-05-23 19:00:00+05:30
no,23.46,2026-05-23 19:15:00+05:30
no,23.35,2026-05-23 19:30:00+05:30
no,22.96,2026-05-23 19:45:00+05:30
no,23.46,2026-05-23 20:00:00+05:30
no,23.81,2026-05-23 20:15:00+05:30
no,23.95,2026-05-23 20:30:00+05:30
no,23.72,2026-05-23 20:45:00+05:30
no,23.82,2026-05-23 21:00:00+05:30
no,24.04,2026-05-23 21:15:00+05:30
no,23.72,2026-05-23 21:30:00+05:30
no,23.91,2026-05-23 21:45:00+05:30
no,23.56,2026-05-23 22:00:00+05:30
no,23.33,2026-05-23 22:15:00+05:30
no,23.01,2026-05-23 22:30:00+05:30
no,16.11,2026-05-23 22:45:00+05:30
no,14.01,2026-05-23 23:00:00+05:30
no,13.69,2026-05-23 23:15:00+05:30
no,13.71,2026-05-23 23:30:00+05:30
no,13.61,2026-05-23 23:45:00+05:30
no,14.57,2026-05-24 01:45:00+05:30
no,16.55,2026-05-24 02:00:00+05:30
no,17.75,2026-05-24 02:15:00+05:30
no,18.55,2026-05-24 02:30:00+05:30
no,18.47,2026-05-24 02:45:00+05:30
no,18.46,2026-05-24 03:00:00+05:30
no,18.58,2026-05-24 03:15:00+05:30
no,18.63,2026-05-24 03:30:00+05:30
no,18.68,2026-05-24 03:45:00+05:30
no,18.63,2026-05-24 04:00:00+05:30
no,18.91,2026-05-24 04:15:00+05:30
no,18.8,2026-05-24 04:30:00+05:30
no,18.84,2026-05-24 04:45:00+05:30
no,18.46,2026-05-24 05:00:00+05:30
no,18.25,2026-05-24 05:15:00+05:30
no,18.62,2026-05-24 05:30:00+05:30
no,18.68,2026-05-24 05:45:00+05:30
no,18.75,2026-05-24 06:00:00+05:30
no,18.86,2026-05-24 06:15:00+05:30
no,18.85,2026-05-24 06:30:00+05:30
no,18.44,2026-05-24 06:45:00+05:30
no,18.38,2026-05-24 07:00:00+05:30
no,18.34,2026-05-24 07:15:00+05:30
no,18.6,2026-05-24 07:30:00+05:30
no,18.7,2026-05-24 07:45:00+05:30
no,18.76,2026-05-24 08:00:00+05:30
no,18.52,2026-05-24 08:30:00+05:30
no,18.53,2026-05-24 08:45:00+05:30
no,18.54,2026-05-24 09:00:00+05:30
no,18.74,2026-05-24 09:15:00+05:30
no,19.05,2026-05-24 09:30:00+05:30
no,18.86,2026-05-24 09:45:00+05:30
no,20.38,2026-05-24 10:00:00+05:30
no,23.12,2026-05-24 10:15:00+05:30
no,23.81,2026-05-24 10:30:00+05:30
no,24.26,2026-05-24 10:45:00+05:30
no,24.34,2026-05-24 11:00:00+05:30
no,24.51,2026-05-24 11:15:00+05:30
no,24.67,2026-05-24 11:30:00+05:30
no,25.17,2026-05-24 11:45:00+05:30
no,25.48,2026-05-24 12:00:00+05:30
no,25.3,2026-05-24 12:15:00+05:30
no,26.73,2026-05-24 12:30:00+05:30
no,27.15,2026-05-24 12:45:00+05:30
no,27.22,2026-05-24 13:00:00+05:30
no,27.1,2026-05-24 13:15:00+05:30
no,27.14,2026-05-24 13:30:00+05:30
no,22.83,2026-05-24 13:45:00+05:30
no,18.3,2026-05-24 14:00:00+05:30
no,18.62,2026-05-24 14:15:00+05:30
no,19.07,2026-05-24 14:30:00+05:30
no,18.92,2026-05-24 14:45:00+05:30
no,18.48,2026-05-24 15:00:00+05:30
no,18.32,2026-05-24 15:15:00+05:30
no,18.36,2026-05-24 15:30:00+05:30
no,18.56,2026-05-24 15:45:00+05:30
no,18.25,2026-05-24 16:00:00+05:30
no,17.99,2026-05-24 16:15:00+05:30
no,18.11,2026-05-24 16:30:00+05:30
no,18.17,2026-05-24 16:45:00+05:30
no,18.46,2026-05-24 17:15:00+05:30
no,18.55,2026-05-24 17:30:00+05:30
no,18.52,2026-05-24 17:45:00+05:30
no,18.82,2026-05-24 18:00:00+05:30
no,18.1,2026-05-24 18:15:00+05:30
no,17.94,2026-05-24 18:30:00+05:30
no,18.15,2026-05-24 18:45:00+05:30
no,18.25,2026-05-24 19:00:00+05:30
no,18.63,2026-05-24 19:15:00+05:30
no,19.93,2026-05-24 19:45:00+05:30
no,20.47,2026-05-24 20:00:00+05:30
no,21.09,2026-05-24 20:15:00+05:30
no,21.11,2026-05-24 20:30:00+05:30
no,20.75,2026-05-24 20:45:00+05:30
no,20.96,2026-05-24 21:00:00+05:30
no,20.87,2026-05-24 21:15:00+05:30
no,20.91,2026-05-24 21:30:00+05:30
no,21.21,2026-05-24 21:45:00+05:30
no,21.34,2026-05-24 22:00:00+05:30
no,21.21,2026-05-24 22:15:00+05:30
no,21.31,2026-05-24 22:30:00+05:30
no,21.21,2026-05-24 22:45:00+05:30
no,20.9,2026-05-24 23:00:00+05:30
no,21.09,2026-05-24 23:15:00+05:30
no,20.93,2026-05-24 23:30:00+05:30
no,20.86,2026-05-24 23:45:00+05:30
no,21.16,2026-05-25 00:45:00+05:30
no,20.78,2026-05-25 01:00:00+05:30
no,20.72,2026-05-25 01:15:00+05:30
no,20.84,2026-05-25 01:30:00+05:30
no,21.02,2026-05-25 01:45:00+05:30
no,21.14,2026-05-25 02:00:00+05:30
no,21.27,2026-05-25 02:15:00+05:30
no,21.15,2026-05-25 02:30:00+05:30
no,21.11,2026-05-25 02:45:00+05:30
no,20.69,2026-05-25 03:00:00+05:30
no,20.85,2026-05-25 03:15:00+05:30
no,21.05,2026-05-25 03:30:00+05:30
no,20.91,2026-05-25 03:45:00+05:30
no,21.09,2026-05-25 04:00:00+05:30
no,20.91,2026-05-25 04:15:00+05:30
no,20.42,2026-05-25 04:30:00+05:30
no,20.53,2026-05-25 04:45:00+05:30
no,20.42,2026-05-25 05:00:00+05:30
no,20.48,2026-05-25 05:15:00+05:30
no,20.82,2026-05-25 05:30:00+05:30
no,20.79,2026-05-25 05:45:00+05:30
no,21.09,2026-05-25 06:00:00+05:30
no,21.25,2026-05-25 06:15:00+05:30
no,21.07,2026-05-25 06:30:00+05:30
no,21.04,2026-05-25 06:45:00+05:30
no,21.07,2026-05-25 07:00:00+05:30
no,20.86,2026-05-25 07:15:00+05:30
no,20.82,2026-05-25 07:30:00+05:30
no,21.0,2026-05-25 07:45:00+05:30
no,21.1,2026-05-25 08:00:00+05:30
no,21.14,2026-05-25 08:15:00+05:30
no,21.18,2026-05-25 08:30:00+05:30
no,21.35,2026-05-25 08:45:00+05:30
no,20.99,2026-05-25 09:00:00+05:30
no,21.18,2026-05-25 09:15:00+05:30
no,24.0,2026-05-25 09:30:00+05:30
no,26.68,2026-05-25 09:45:00+05:30
no,27.51,2026-05-25 10:00:00+05:30
no,27.11,2026-05-25 10:30:00+05:30
no,27.14,2026-05-25 10:45:00+05:30
no,26.87,2026-05-25 11:15:00+05:30
no,14.97,2026-05-25 12:45:00+05:30
no,14.22,2026-05-25 13:00:00+05:30
no,13.98,2026-05-25 13:15:00+05:30
no,14.34,2026-05-25 13:30:00+05:30
no,14.22,2026-05-25 13:45:00+05:30
no,14.51,2026-05-25 14:00:00+05:30
no,14.66,2026-05-25 14:15:00+05:30
no,14.52,2026-05-25 14:30:00+05:30
no,15.06,2026-05-25 15:00:00+05:30
no,15.25,2026-05-25 15:15:00+05:30
no,15.09,2026-05-25 15:30:00+05:30
no,14.96,2026-05-25 15:45:00+05:30
no,14.78,2026-05-25 16:00:00+05:30
no,14.64,2026-05-25 16:15:00+05:30
no,14.62,2026-05-25 16:30:00+05:30
no,14.58,2026-05-25 16:45:00+05:30
no,14.58,2026-05-25 17:00:00+05:30
no,14.64,2026-05-25 17:15:00+05:30
no,14.16,2026-05-25 17:45:00+05:30
no,14.58,2026-05-25 18:00:00+05:30
no,14.43,2026-05-25 18:15:00+05:30
no,14.47,2026-05-25 18:30:00+05:30
no,14.78,2026-05-25 18:45:00+05:30
no,14.96,2026-05-25 19:00:00+05:30
no,15.01,2026-05-25 19:15:00+05:30
no,15.19,2026-05-25 19:30:00+05:30
no,14.94,2026-05-25 19:45:00+05:30
no,14.7,2026-05-25 20:00:00+05:30
no,14.94,2026-05-25 20:15:00+05:30
no,14.92,2026-05-25 20:30:00+05:30
no,14.55,2026-05-25 20:45:00+05:30
no,14.72,2026-05-25 21:00:00+05:30
no,14.98,2026-05-25 21:15:00+05:30
no,14.97,2026-05-25 21:30:00+05:30
no,14.86,2026-05-25 21:45:00+05:30
no,14.49,2026-05-25 22:00:00+05:30
no,14.71,2026-05-25 22:15:00+05:30
no,14.68,2026-05-25 22:30:00+05:30
no,14.45,2026-05-25 22:45:00+05:30
no,14.64,2026-05-25 23:00:00+05:30
no,14.83,2026-05-25 23:15:00+05:30
no,14.97,2026-05-25 23:30:00+05:30
no,14.84,2026-05-25 23:45:00+05:30
no,14.77,2026-05-26 00:45:00+05:30
no,14.8,2026-05-26 01:00:00+05:30
no,14.8,2026-05-26 01:15:00+05:30
no,14.75,2026-05-26 01:30:00+05:30
no,14.72,2026-05-26 01:45:00+05:30
no,14.97,2026-05-26 02:00:00+05:30
no,15.02,2026-05-26 02:15:00+05:30
no,14.91,2026-05-26 02:30:00+05:30
no,15.07,2026-05-26 02:45:00+05:30
no,14.91,2026-05-26 03:00:00+05:30
no,14.88,2026-05-26 03:15:00+05:30
no,14.77,2026-05-26 03:30:00+05:30
no,14.65,2026-05-26 03:45:00+05:30
no,14.79,2026-05-26 04:00:00+05:30
no,14.84,2026-05-26 04:15:00+05:30
no,15.0,2026-05-26 04:30:00+05:30
no,14.94,2026-05-26 04:45:00+05:30
no,15.06,2026-05-26 05:00:00+05:30
no,15.06,2026-05-26 05:15:00+05:30
no,15.11,2026-05-26 05:30:00+05:30
no,15.2,2026-05-26 05:45:00+05:30
no,15.29,2026-05-26 06:00:00+05:30
no,15.22,2026-05-26 06:15:00+05:30
no,15.07,2026-05-26 06:30:00+05:30
no,15.2,2026-05-26 06:45:00+05:30
no,14.92,2026-05-26 07:00:00+05:30
no,15.04,2026-05-26 07:15:00+05:30
no,14.82,2026-05-26 07:30:00+05:30
no,14.76,2026-05-26 07:45:00+05:30
no,15.01,2026-05-26 08:00:00+05:30
no,14.92,2026-05-26 08:15:00+05:30
no,17.15,2026-05-26 08:30:00+05:30
no,24.03,2026-05-26 08:45:00+05:30
no,24.73,2026-05-26 09:00:00+05:30
no,24.72,2026-05-26 09:15:00+05:30
no,24.71,2026-05-26 10:45:00+05:30
no,21.21,2026-05-26 11:15:00+05:30
no,19.7,2026-05-26 11:30:00+05:30
no,18.92,2026-05-26 11:45:00+05:30
no,18.5,2026-05-26 12:00:00+05:30
no,18.39,2026-05-26 12:15:00+05:30
no,18.33,2026-05-26 12:30:00+05:30
no,18.13,2026-05-26 12:45:00+05:30
no,18.88,2026-05-26 13:00:00+05:30
no,18.7,2026-05-26 13:15:00+05:30
no,18.38,2026-05-26 13:30:00+05:30
no,18.42,2026-05-26 13:45:00+05:30
no,18.46,2026-05-26 14:00:00+05:30
no,18.31,2026-05-26 14:15:00+05:30
no,18.16,2026-05-26 14:30:00+05:30
no,11.51,2026-05-26 15:00:00+05:30
no,11.85,2026-05-26 15:15:00+05:30
no,12.84,2026-05-26 15:45:00+05:30
no,12.69,2026-05-26 16:00:00+05:30
no,12.4,2026-05-26 16:15:00+05:30
no,12.42,2026-05-26 16:30:00+05:30
no,12.54,2026-05-26 16:45:00+05:30
no,12.79,2026-05-26 17:00:00+05:30
no,12.77,2026-05-26 17:15:00+05:30
no,12.96,2026-05-26 17:30:00+05:30
no,12.76,2026-05-26 17:45:00+05:30
no,12.62,2026-05-26 18:00:00+05:30
no,12.59,2026-05-26 18:15:00+05:30
no,12.28,2026-05-26 18:30:00+05:30
no,12.11,2026-05-26 18:45:00+05:30
no,12.47,2026-05-26 19:00:00+05:30
no,12.55,2026-05-26 19:15:00+05:30
no,12.37,2026-05-26 19:30:00+05:30
no,12.12,2026-05-26 19:45:00+05:30
no,12.49,2026-05-26 20:15:00+05:30
no,12.76,2026-05-26 20:30:00+05:30
no,12.62,2026-05-26 20:45:00+05:30
no,12.55,2026-05-26 21:30:00+05:30
no,12.18,2026-05-26 21:45:00+05:30
no,12.43,2026-05-26 22:00:00+05:30
no,12.54,2026-05-26 22:15:00+05:30
no,12.56,2026-05-26 22:30:00+05:30
no,12.5,2026-05-26 22:45:00+05:30
no,12.77,2026-05-26 23:00:00+05:30
no,12.34,2026-05-26 23:15:00+05:30
no,12.66,2026-05-26 23:30:00+05:30
no,12.61,2026-05-26 23:45:00+05:30
no,12.69,2026-05-27 00:45:00+05:30
no,12.78,2026-05-27 01:00:00+05:30
no,12.6,2026-05-27 01:15:00+05:30
no,12.43,2026-05-27 01:30:00+05:30
no,12.42,2026-05-27 01:45:00+05:30
no,12.62,2026-05-27 02:00:00+05:30
no,12.59,2026-05-27 02:15:00+05:30
no,12.72,2026-05-27 02:30:00+05:30
no,12.65,2026-05-27 02:45:00+05:30
no,12.53,2026-05-27 03:00:00+05:30
no,12.09,2026-05-27 03:15:00+05:30
no,12.19,2026-05-27 03:30:00+05:30
no,12.36,2026-05-27 03:45:00+05:30
no,12.19,2026-05-27 04:00:00+05:30
no,12.36,2026-05-27 04:15:00+05:30
no,12.19,2026-05-27 04:30:00+05:30
no,12.33,2026-05-27 04:45:00+05:30
no,12.66,2026-05-27 05:00:00+05:30
no,12.67,2026-05-27 05:15:00+05:30
no,12.43,2026-05-27 05:30:00+05:30
no,12.39,2026-05-27 05:45:00+05:30
no,12.31,2026-05-27 06:00:00+05:30
no,12.64,2026-05-27 06:15:00+05:30
no,12.56,2026-05-27 06:30:00+05:30
no,12.35,2026-05-27 06:45:00+05:30
no,12.4,2026-05-27 07:00:00+05:30
no,12.3,2026-05-27 07:15:00+05:30
no,13.06,2026-05-27 07:30:00+05:30
no,16.92,2026-05-27 07:45:00+05:30
no,18.44,2026-05-27 08:00:00+05:30
no,18.44,2026-05-27 08:15:00+05:30
no,18.46,2026-05-27 08:30:00+05:30
no,18.71,2026-05-27 08:45:00+05:30
no,18.88,2026-05-27 09:00:00+05:30
no,18.59,2026-05-27 09:15:00+05:30
no,18.74,2026-05-27 09:30:00+05:30
no,18.72,2026-05-27 09:45:00+05:30
no,18.66,2026-05-27 10:00:00+05:30
no,18.3,2026-05-27 10:15:00+05:30
no,18.41,2026-05-27 10:30:00+05:30
no,18.42,2026-05-27 10:45:00+05:30
no,18.71,2026-05-27 11:00:00+05:30
no,20.09,2026-05-27 11:15:00+05:30
no,22.32,2026-05-27 11:30:00+05:30
no,23.28,2026-05-27 12:00:00+05:30
no,23.21,2026-05-27 12:15:00+05:30
no,23.12,2026-05-27 12:30:00+05:30
no,23.33,2026-05-27 12:45:00+05:30
no,19.05,2026-05-27 17:45:00+05:30
no,15.28,2026-05-27 18:00:00+05:30
no,13.08,2026-05-27 18:15:00+05:30
no,12.72,2026-05-27 18:30:00+05:30
no,12.64,2026-05-27 18:45:00+05:30
no,12.49,2026-05-27 19:00:00+05:30
no,12.35,2026-05-27 19:15:00+05:30
no,11.25,2026-05-27 19:30:00+05:30
no,11.79,2026-05-27 19:45:00+05:30
no,12.49,2026-05-27 20:00:00+05:30
no,12.67,2026-05-27 20:15:00+05:30
no,12.81,2026-05-27 20:30:00+05:30
no,12.2,2026-05-27 20:45:00+05:30
no,12.33,2026-05-27 21:00:00+05:30
no,12.38,2026-05-27 21:15:00+05:30
no,12.47,2026-05-27 21:30:00+05:30
no,12.56,2026-05-27 21:45:00+05:30
no,12.76,2026-05-27 22:00:00+05:30
no,12.52,2026-05-27 22:15:00+05:30
no,12.26,2026-05-27 22:30:00+05:30
no,12.47,2026-05-27 22:45:00+05:30
no,12.54,2026-05-27 23:00:00+05:30
no,12.74,2026-05-27 23:15:00+05:30
no,16.83,2026-05-27 23:30:00+05:30
no,19.25,2026-05-27 23:45:00+05:30
no,19.72,2026-05-28 00:45:00+05:30
no,19.81,2026-05-28 01:00:00+05:30
no,19.46,2026-05-28 01:15:00+05:30
no,19.61,2026-05-28 01:30:00+05:30
no,19.9,2026-05-28 01:45:00+05:30
no,19.99,2026-05-28 02:00:00+05:30
no,20.03,2026-05-28 02:15:00+05:30
no,19.96,2026-05-28 02:30:00+05:30
no,19.87,2026-05-28 02:45:00+05:30
no,19.82,2026-05-28 03:00:00+05:30
no,19.86,2026-05-28 03:15:00+05:30
no,19.54,2026-05-28 03:30:00+05:30
no,19.64,2026-05-28 03:45:00+05:30
no,20.03,2026-05-28 04:00:00+05:30
no,19.92,2026-05-28 04:15:00+05:30
no,19.73,2026-05-28 04:30:00+05:30
no,19.66,2026-05-28 04:45:00+05:30
no,19.68,2026-05-28 05:00:00+05:30
no,19.84,2026-05-28 05:15:00+05:30
no,20.09,2026-05-28 05:30:00+05:30
no,19.8,2026-05-28 05:45:00+05:30
no,19.8,2026-05-28 06:00:00+05:30
no,19.81,2026-05-28 06:15:00+05:30
no,20.0,2026-05-28 06:30:00+05:30
no,20.13,2026-05-28 06:45:00+05:30
no,19.86,2026-05-28 07:00:00+05:30
no,19.82,2026-05-28 07:15:00+05:30
no,19.76,2026-05-28 07:30:00+05:30
no,19.9,2026-05-28 07:45:00+05:30
no,19.7,2026-05-28 08:00:00+05:30
no,19.8,2026-05-28 08:15:00+05:30
no,19.83,2026-05-28 08:30:00+05:30
no,19.85,2026-05-28 08:45:00+05:30
no,19.57,2026-05-28 09:00:00+05:30
no,19.84,2026-05-28 09:15:00+05:30
no,19.56,2026-05-28 09:30:00+05:30
no,19.79,2026-05-28 09:45:00+05:30
no,19.84,2026-05-28 10:00:00+05:30
no,19.94,2026-05-28 10:15:00+05:30
no,19.81,2026-05-28 10:30:00+05:30
no,19.62,2026-05-28 10:45:00+05:30
no,19.71,2026-05-28 11:00:00+05:30
no,19.77,2026-05-28 11:15:00+05:30
no,19.93,2026-05-28 11:30:00+05:30
no,19.45,2026-05-28 11:45:00+05:30
no,18.79,2026-05-28 12:00:00+05:30
no,18.72,2026-05-28 12:15:00+05:30
no,18.61,2026-05-28 12:30:00+05:30
no,18.7,2026-05-28 12:45:00+05:30
no,18.34,2026-05-28 13:00:00+05:30
no,18.31,2026-05-28 13:15:00+05:30
no,18.32,2026-05-28 13:30:00+05:30
no,18.69,2026-05-28 13:45:00+05:30
no,18.73,2026-05-28 14:00:00+05:30
no,17.64,2026-05-28 14:15:00+05:30
no,13.73,2026-05-28 14:30:00+05:30
no,12.53,2026-05-28 14:45:00+05:30
no,12.55,2026-05-28 15:00:00+05:30
no,12.2,2026-05-28 15:15:00+05:30
no,12.21,2026-05-28 15:30:00+05:30
no,12.56,2026-05-28 15:45:00+05:30
no,13.69,2026-05-28 16:15:00+05:30
no,15.88,2026-05-28 16:45:00+05:30
no,16.04,2026-05-28 17:15:00+05:30
no,16.13,2026-05-28 17:30:00+05:30
no,16.33,2026-05-28 17:45:00+05:30
no,15.67,2026-05-28 18:45:00+05:30
no,15.74,2026-05-28 19:00:00+05:30
no,15.87,2026-05-28 19:15:00+05:30
no,16.04,2026-05-28 19:30:00+05:30
no,15.69,2026-05-28 19:45:00+05:30
no,15.65,2026-05-28 20:45:00+05:30
no,16.35,2026-05-28 22:45:00+05:30
no,16.18,2026-05-28 23:00:00+05:30
no,16.01,2026-05-28 23:15:00+05:30
no,15.74,2026-05-28 23:30:00+05:30
no,15.7,2026-05-28 23:45:00+05:30
no,16.11,2026-05-29 00:45:00+05:30
no,15.98,2026-05-29 01:00:00+05:30
no,15.96,2026-05-29 01:15:00+05:30
no,16.08,2026-05-29 01:30:00+05:30
no,16.0,2026-05-29 01:45:00+05:30
no,15.74,2026-05-29 02:00:00+05:30
no,15.88,2026-05-29 02:15:00+05:30
no,16.24,2026-05-29 02:30:00+05:30
no,16.32,2026-05-29 02:45:00+05:30
no,16.34,2026-05-29 03:00:00+05:30
no,16.35,2026-05-29 03:15:00+05:30
no,15.93,2026-05-29 03:30:00+05:30
no,16.05,2026-05-29 03:45:00+05:30
no,16.03,2026-05-29 04:00:00+05:30
no,16.06,2026-05-29 04:15:00+05:30
no,16.18,2026-05-29 04:30:00+05:30
no,15.79,2026-05-29 04:45:00+05:30
no,15.93,2026-05-29 05:00:00+05:30
no,16.25,2026-05-29 05:15:00+05:30
no,16.25,2026-05-29 05:30:00+05:30
no,15.61,2026-05-29 05:45:00+05:30
no,15.48,2026-05-29 06:00:00+05:30
no,15.77,2026-05-29 06:15:00+05:30
no,15.93,2026-05-29 06:30:00+05:30
no,15.98,2026-05-29 06:45:00+05:30
no,25.26,2026-05-29 07:00:00+05:30
no,28.24,2026-05-29 07:15:00+05:30
no,28.4,2026-05-29 07:30:00+05:30
no,28.2,2026-05-29 07:45:00+05:30
no,28.18,2026-05-29 08:00:00+05:30
no,28.37,2026-05-29 08:15:00+05:30
no,28.14,2026-05-29 08:30:00+05:30
no,27.91,2026-05-29 08:45:00+05:30
no,27.76,2026-05-29 09:00:00+05:30
no,28.02,2026-05-29 09:15:00+05:30
no,28.19,2026-05-29 09:30:00+05:30
no,28.45,2026-05-29 09:45:00+05:30
no,27.78,2026-05-29 10:00:00+05:30
no,28.02,2026-05-29 10:15:00+05:30
no,28.11,2026-05-29 10:30:00+05:30
no,28.72,2026-05-29 10:45:00+05:30
no,26.47,2026-05-29 11:00:00+05:30
no,16.45,2026-05-29 11:15:00+05:30
no,16.2,2026-05-29 11:30:00+05:30
no,16.49,2026-05-29 11:45:00+05:30
no,16.14,2026-05-29 13:00:00+05:30
no,16.15,2026-05-29 13:15:00+05:30
no,15.98,2026-05-29 13:30:00+05:30
no,15.78,2026-05-29 13:45:00+05:30
no,16.26,2026-05-29 14:00:00+05:30
no,16.14,2026-05-29 14:15:00+05:30
no,13.63,2026-05-29 14:30:00+05:30
no,7.14,2026-05-29 15:45:00+05:30
no,19.21,2026-05-29 16:00:00+05:30
no,16.57,2026-05-29 16:15:00+05:30
no,14.61,2026-05-29 16:30:00+05:30
no,13.45,2026-05-29 16:45:00+05:30
no,12.18,2026-05-29 17:00:00+05:30
no,11.57,2026-05-29 17:15:00+05:30
no,11.67,2026-05-29 17:30:00+05:30
no,11.69,2026-05-29 17:45:00+05:30
no,12.08,2026-05-29 18:00:00+05:30
no,12.4,2026-05-29 18:15:00+05:30
no,12.13,2026-05-29 18:30:00+05:30
no,11.94,2026-05-29 18:45:00+05:30
no,11.78,2026-05-29 19:00:00+05:30
no,12.2,2026-05-29 19:15:00+05:30
no,12.0,2026-05-29 19:30:00+05:30
no,11.94,2026-05-29 19:45:00+05:30
no,11.89,2026-05-29 20:00:00+05:30
no,12.14,2026-05-29 20:15:00+05:30
no,12.36,2026-05-29 20:30:00+05:30
no,11.9,2026-05-29 20:45:00+05:30
no,12.65,2026-05-29 21:00:00+05:30
no,21.86,2026-05-29 21:15:00+05:30
no,24.79,2026-05-29 21:30:00+05:30
no,24.92,2026-05-29 21:45:00+05:30
no,24.86,2026-05-29 22:00:00+05:30
no,24.59,2026-05-29 22:15:00+05:30
no,16.34,2026-05-29 22:30:00+05:30
no,12.17,2026-05-29 22:45:00+05:30
no,12.42,2026-05-29 23:00:00+05:30
no,12.87,2026-05-29 23:15:00+05:30
no,12.72,2026-05-29 23:30:00+05:30
no,12.73,2026-05-29 23:45:00+05:30
no,12.3,2026-05-30 00:45:00+05:30
no,12.67,2026-05-30 01:00:00+05:30
no,12.68,2026-05-30 01:15:00+05:30
no,12.6,2026-05-30 01:30:00+05:30
no,12.43,2026-05-30 01:45:00+05:30
no,12.1,2026-05-30 02:00:00+05:30
no,12.24,2026-05-30 02:15:00+05:30
no,12.14,2026-05-30 02:30:00+05:30
no,12.12,2026-05-30 02:45:00+05:30
no,12.08,2026-05-30 03:00:00+05:30
no,12.21,2026-05-30 03:15:00+05:30
no,12.18,2026-05-30 03:30:00+05:30
no,12.38,2026-05-30 03:45:00+05:30
no,12.34,2026-05-30 04:00:00+05:30
no,12.61,2026-05-30 04:15:00+05:30
no,12.4,2026-05-30 04:30:00+05:30
no,12.37,2026-05-30 04:45:00+05:30
no,12.32,2026-05-30 05:00:00+05:30
no,12.55,2026-05-30 05:15:00+05:30
no,12.48,2026-05-30 05:30:00+05:30
no,12.51,2026-05-30 05:45:00+05:30
no,11.93,2026-05-30 06:00:00+05:30
no,12.12,2026-05-30 06:15:00+05:30
no,12.21,2026-05-30 06:30:00+05:30
no,12.03,2026-05-30 06:45:00+05:30
no,12.25,2026-05-30 07:00:00+05:30
no,12.55,2026-05-30 07:15:00+05:30
no,12.27,2026-05-30 07:30:00+05:30
no,12.22,2026-05-30 07:45:00+05:30
no,12.28,2026-05-30 08:00:00+05:30
no,12.44,2026-05-30 08:15:00+05:30
no,12.03,2026-05-30 08:30:00+05:30
no,12.09,2026-05-30 08:45:00+05:30
no,12.16,2026-05-30 09:00:00+05:30
no,12.44,2026-05-30 09:15:00+05:30
no,12.41,2026-05-30 09:30:00+05:30
no,12.31,2026-05-30 09:45:00+05:30
no,12.38,2026-05-30 10:00:00+05:30
no,12.67,2026-05-30 10:15:00+05:30
no,12.46,2026-05-30 10:30:00+05:30
no,12.16,2026-05-30 10:45:00+05:30
no,11.92,2026-05-30 11:00:00+05:30
no,12.2,2026-05-30 11:15:00+05:30
no,12.23,2026-05-30 11:30:00+05:30
no,12.54,2026-05-30 11:45:00+05:30
no,12.34,2026-05-30 12:00:00+05:30
no,12.1,2026-05-30 12:15:00+05:30
no,19.74,2026-05-30 12:30:00+05:30
no,24.52,2026-05-30 12:45:00+05:30
no,24.83,2026-05-30 13:00:00+05:30
no,24.58,2026-05-30 13:15:00+05:30
no,24.24,2026-05-30 13:30:00+05:30
no,24.32,2026-05-30 14:00:00+05:30
no,24.3,2026-05-30 14:15:00+05:30
no,24.48,2026-05-30 14:30:00+05:30
no,24.63,2026-05-30 14:45:00+05:30
no,24.66,2026-05-30 15:00:00+05:30
no,24.49,2026-05-30 15:15:00+05:30
no,25.15,2026-05-30 15:30:00+05:30
no,26.25,2026-05-30 15:45:00+05:30
no,34.62,2026-05-30 16:00:00+05:30
no,37.46,2026-05-30 16:15:00+05:30
no,38.14,2026-05-30 16:30:00+05:30
no,38.68,2026-05-30 16:45:00+05:30
no,38.57,2026-05-30 17:00:00+05:30
no,38.22,2026-05-30 17:15:00+05:30
no,39.02,2026-05-30 17:30:00+05:30
no,39.02,2026-05-30 17:45:00+05:30
no,38.67,2026-05-30 18:00:00+05:30
no,37.95,2026-05-30 18:15:00+05:30
no,37.6,2026-05-30 18:30:00+05:30
no,37.37,2026-05-30 18:45:00+05:30
no,37.37,2026-05-30 19:00:00+05:30
no,36.46,2026-05-30 19:15:00+05:30
no,36.06,2026-05-30 19:30:00+05:30
no,26.71,2026-05-30 19:45:00+05:30
no,25.14,2026-05-30 20:00:00+05:30
no,24.81,2026-05-30 20:15:00+05:30
no,24.79,2026-05-30 20:30:00+05:30
no,24.73,2026-05-30 20:45:00+05:30
no,24.9,2026-05-30 21:00:00+05:30
no,24.61,2026-05-30 21:15:00+05:30
no,24.9,2026-05-30 21:30:00+05:30
no,24.76,2026-05-30 21:45:00+05:30
no,20.35,2026-05-30 22:00:00+05:30
no,13.07,2026-05-30 22:15:00+05:30
no,12.66,2026-05-30 22:30:00+05:30
no,12.57,2026-05-30 22:45:00+05:30
no,12.64,2026-05-30 23:00:00+05:30
no,12.22,2026-05-30 23:15:00+05:30
no,12.46,2026-05-30 23:30:00+05:30
no,12.5,2026-05-30 23:45:00+05:30
no,12.47,2026-05-31 00:45:00+05:30
no,12.37,2026-05-31 01:00:00+05:30
no,11.94,2026-05-31 01:15:00+05:30
no,12.17,2026-05-31 01:30:00+05:30
no,12.32,2026-05-31 01:45:00+05:30
no,12.36,2026-05-31 02:00:00+05:30
no,12.56,2026-05-31 02:15:00+05:30
no,12.61,2026-05-31 02:30:00+05:30
no2,40.68,2026-05-19 05:45:00+05:30
no2,40.55,2026-05-19 06:00:00+05:30
no2,40.4,2026-05-19 06:15:00+05:30
no2,40.54,2026-05-19 06:30:00+05:30
no2,40.38,2026-05-19 06:45:00+05:30
no2,40.57,2026-05-19 07:00:00+05:30
no2,40.62,2026-05-19 07:15:00+05:30
no2,40.46,2026-05-19 07:30:00+05:30
no2,40.45,2026-05-19 07:45:00+05:30
no2,40.65,2026-05-19 08:00:00+05:30
no2,40.61,2026-05-19 08:15:00+05:30
no2,40.43,2026-05-19 08:30:00+05:30
no2,40.26,2026-05-19 08:45:00+05:30
no2,40.22,2026-05-19 09:00:00+05:30
no2,40.66,2026-05-19 09:15:00+05:30
no2,44.36,2026-05-19 09:30:00+05:30
no2,47.6,2026-05-19 09:45:00+05:30
no2,46.6,2026-05-19 10:00:00+05:30
no2,46.39,2026-05-19 10:15:00+05:30
no2,46.45,2026-05-19 10:30:00+05:30
no2,46.79,2026-05-19 10:45:00+05:30
no2,46.27,2026-05-19 11:00:00+05:30
no2,46.47,2026-05-19 11:30:00+05:30
no2,47.09,2026-05-19 11:45:00+05:30
no2,47.6,2026-05-19 12:00:00+05:30
no2,47.15,2026-05-19 12:15:00+05:30
no2,46.51,2026-05-19 12:30:00+05:30
no2,46.24,2026-05-19 12:45:00+05:30
no2,46.17,2026-05-19 13:00:00+05:30
no2,45.86,2026-05-19 13:15:00+05:30
no2,45.87,2026-05-19 13:30:00+05:30
no2,41.45,2026-05-19 13:45:00+05:30
no2,33.52,2026-05-19 14:45:00+05:30
no2,32.9,2026-05-19 15:00:00+05:30
no2,23.3,2026-05-19 15:15:00+05:30
no2,14.78,2026-05-19 15:30:00+05:30
no2,14.79,2026-05-19 15:45:00+05:30
no2,14.71,2026-05-19 16:00:00+05:30
no2,14.52,2026-05-19 16:15:00+05:30
no2,19.1,2026-05-19 16:30:00+05:30
no2,24.92,2026-05-19 16:45:00+05:30
no2,26.42,2026-05-19 17:00:00+05:30
no2,26.84,2026-05-19 17:15:00+05:30
no2,27.11,2026-05-19 17:30:00+05:30
no2,27.38,2026-05-19 17:45:00+05:30
no2,27.13,2026-05-19 18:00:00+05:30
no2,27.16,2026-05-19 18:15:00+05:30
no2,27.2,2026-05-19 18:30:00+05:30
no2,27.63,2026-05-19 18:45:00+05:30
no2,27.58,2026-05-19 19:00:00+05:30
no2,27.55,2026-05-19 19:15:00+05:30
no2,27.33,2026-05-19 19:30:00+05:30
no2,27.13,2026-05-19 19:45:00+05:30
no2,27.47,2026-05-19 20:15:00+05:30
no2,27.48,2026-05-19 20:30:00+05:30
no2,27.61,2026-05-19 20:45:00+05:30
no2,27.2,2026-05-19 21:00:00+05:30
no2,27.2,2026-05-19 21:15:00+05:30
no2,27.05,2026-05-19 21:30:00+05:30
no2,27.8,2026-05-19 21:45:00+05:30
no2,31.46,2026-05-19 22:00:00+05:30
no2,33.05,2026-05-19 22:15:00+05:30
no2,33.24,2026-05-19 22:30:00+05:30
no2,33.22,2026-05-19 22:45:00+05:30
no2,33.05,2026-05-19 23:00:00+05:30
no2,33.34,2026-05-19 23:15:00+05:30
no2,33.39,2026-05-19 23:30:00+05:30
no2,33.59,2026-05-19 23:45:00+05:30
no2,33.02,2026-05-20 00:45:00+05:30
no2,33.18,2026-05-20 01:00:00+05:30
no2,33.33,2026-05-20 01:15:00+05:30
no2,33.31,2026-05-20 01:30:00+05:30
no2,33.07,2026-05-20 01:45:00+05:30
no2,32.83,2026-05-20 02:00:00+05:30
no2,32.84,2026-05-20 02:15:00+05:30
no2,32.99,2026-05-20 02:30:00+05:30
no2,32.77,2026-05-20 02:45:00+05:30
no2,33.04,2026-05-20 03:00:00+05:30
no2,33.31,2026-05-20 03:15:00+05:30
no2,33.31,2026-05-20 03:30:00+05:30
no2,33.22,2026-05-20 03:45:00+05:30
no2,33.32,2026-05-20 04:00:00+05:30
no2,33.28,2026-05-20 04:15:00+05:30
no2,33.03,2026-05-20 04:30:00+05:30
no2,33.21,2026-05-20 04:45:00+05:30
no2,32.96,2026-05-20 05:00:00+05:30
no2,33.07,2026-05-20 05:15:00+05:30
no2,33.45,2026-05-20 05:30:00+05:30
no2,32.99,2026-05-20 05:45:00+05:30
no2,33.09,2026-05-20 06:00:00+05:30
no2,33.14,2026-05-20 06:15:00+05:30
no2,33.14,2026-05-20 06:30:00+05:30
no2,32.96,2026-05-20 06:45:00+05:30
no2,32.94,2026-05-20 07:00:00+05:30
no2,32.64,2026-05-20 07:15:00+05:30
no2,32.73,2026-05-20 07:30:00+05:30
no2,33.12,2026-05-20 07:45:00+05:30
no2,33.36,2026-05-20 08:00:00+05:30
no2,34.46,2026-05-20 08:15:00+05:30
no2,39.78,2026-05-20 08:30:00+05:30
no2,42.43,2026-05-20 08:45:00+05:30
no2,42.41,2026-05-20 09:00:00+05:30
no2,42.53,2026-05-20 09:15:00+05:30
no2,42.37,2026-05-20 09:30:00+05:30
no2,42.28,2026-05-20 10:15:00+05:30
no2,42.23,2026-05-20 10:30:00+05:30
no2,42.37,2026-05-20 10:45:00+05:30
no2,29.67,2026-05-20 12:00:00+05:30
no2,29.34,2026-05-20 12:15:00+05:30
no2,29.23,2026-05-20 12:30:00+05:30
no2,29.22,2026-05-20 12:45:00+05:30
no2,29.22,2026-05-20 13:00:00+05:30
no2,29.4,2026-05-20 13:15:00+05:30
no2,25.5,2026-05-20 13:30:00+05:30
no2,15.62,2026-05-20 13:45:00+05:30
no2,14.64,2026-05-20 14:00:00+05:30
no2,14.25,2026-05-20 14:15:00+05:30
no2,14.09,2026-05-20 14:30:00+05:30
no2,14.51,2026-05-20 14:45:00+05:30
no2,15.89,2026-05-20 15:00:00+05:30
no2,16.54,2026-05-20 15:15:00+05:30
no2,17.18,2026-05-20 15:30:00+05:30
no2,17.78,2026-05-20 15:45:00+05:30
no2,17.9,2026-05-20 16:00:00+05:30
no2,17.96,2026-05-20 16:15:00+05:30
no2,18.05,2026-05-20 16:30:00+05:30
no2,18.49,2026-05-20 16:45:00+05:30
no2,24.74,2026-05-20 17:00:00+05:30
no2,26.97,2026-05-20 17:15:00+05:30
no2,27.23,2026-05-20 17:30:00+05:30
no2,27.46,2026-05-20 17:45:00+05:30
no2,27.68,2026-05-20 18:00:00+05:30
no2,27.81,2026-05-20 18:15:00+05:30
no2,27.63,2026-05-20 18:30:00+05:30
no2,27.2,2026-05-20 18:45:00+05:30
no2,27.65,2026-05-20 19:00:00+05:30
no2,27.83,2026-05-20 19:15:00+05:30
no2,27.44,2026-05-20 19:30:00+05:30
no2,27.49,2026-05-20 19:45:00+05:30
no2,27.4,2026-05-20 20:00:00+05:30
no2,27.57,2026-05-20 20:15:00+05:30
no2,27.32,2026-05-20 20:30:00+05:30
no2,27.42,2026-05-20 20:45:00+05:30
no2,27.39,2026-05-20 21:00:00+05:30
no2,27.01,2026-05-20 21:15:00+05:30
no2,26.83,2026-05-20 21:30:00+05:30
no2,26.94,2026-05-20 21:45:00+05:30
no2,27.37,2026-05-20 22:00:00+05:30
no2,27.42,2026-05-20 22:15:00+05:30
no2,27.61,2026-05-20 22:30:00+05:30
no2,27.35,2026-05-20 22:45:00+05:30
no2,27.65,2026-05-20 23:00:00+05:30
no2,27.5,2026-05-20 23:15:00+05:30
no2,27.58,2026-05-20 23:30:00+05:30
no2,27.22,2026-05-20 23:45:00+05:30
no2,45.55,2026-05-21 00:45:00+05:30
no2,45.86,2026-05-21 01:00:00+05:30
no2,46.52,2026-05-21 01:15:00+05:30
no2,46.23,2026-05-21 01:30:00+05:30
no2,45.89,2026-05-21 01:45:00+05:30
no2,46.04,2026-05-21 02:00:00+05:30
no2,46.18,2026-05-21 02:15:00+05:30
no2,45.95,2026-05-21 02:30:00+05:30
no2,45.86,2026-05-21 02:45:00+05:30
no2,46.35,2026-05-21 03:00:00+05:30
no2,46.3,2026-05-21 03:15:00+05:30
no2,46.27,2026-05-21 03:30:00+05:30
no2,46.25,2026-05-21 03:45:00+05:30
no2,45.95,2026-05-21 04:15:00+05:30
no2,45.95,2026-05-21 04:30:00+05:30
no2,46.1,2026-05-21 04:45:00+05:30
no2,46.06,2026-05-21 05:00:00+05:30
no2,46.21,2026-05-21 05:15:00+05:30
no2,46.31,2026-05-21 05:30:00+05:30
no2,46.24,2026-05-21 05:45:00+05:30
no2,46.55,2026-05-21 06:45:00+05:30
no2,46.34,2026-05-21 07:00:00+05:30
no2,46.09,2026-05-21 07:15:00+05:30
no2,46.01,2026-05-21 07:30:00+05:30
no2,46.13,2026-05-21 07:45:00+05:30
no2,45.48,2026-05-21 08:00:00+05:30
no2,31.85,2026-05-21 08:15:00+05:30
no2,22.41,2026-05-21 08:30:00+05:30
no2,20.61,2026-05-21 08:45:00+05:30
no2,20.19,2026-05-21 09:00:00+05:30
no2,19.77,2026-05-21 09:15:00+05:30
no2,20.09,2026-05-21 09:30:00+05:30
no2,19.89,2026-05-21 09:45:00+05:30
no2,19.8,2026-05-21 10:00:00+05:30
no2,18.64,2026-05-21 10:15:00+05:30
no2,18.41,2026-05-21 10:30:00+05:30
no2,18.47,2026-05-21 10:45:00+05:30
no2,18.25,2026-05-21 11:00:00+05:30
no2,17.98,2026-05-21 11:15:00+05:30
no2,18.03,2026-05-21 11:30:00+05:30
no2,18.29,2026-05-21 11:45:00+05:30
no2,18.47,2026-05-21 12:00:00+05:30
no2,25.83,2026-05-21 12:15:00+05:30
no2,34.2,2026-05-21 12:30:00+05:30
no2,35.56,2026-05-21 12:45:00+05:30
no2,35.81,2026-05-21 13:00:00+05:30
no2,36.2,2026-05-21 13:15:00+05:30
no2,36.49,2026-05-21 13:30:00+05:30
no2,36.34,2026-05-21 13:45:00+05:30
no2,37.1,2026-05-21 14:30:00+05:30
no2,37.14,2026-05-21 14:45:00+05:30
no2,36.96,2026-05-21 15:00:00+05:30
no2,36.97,2026-05-21 15:15:00+05:30
no2,37.11,2026-05-21 15:30:00+05:30
no2,37.21,2026-05-21 15:45:00+05:30
no2,37.05,2026-05-21 16:00:00+05:30
no2,36.96,2026-05-21 16:15:00+05:30
no2,36.82,2026-05-21 16:30:00+05:30
no2,35.47,2026-05-21 16:45:00+05:30
no2,32.05,2026-05-21 17:00:00+05:30
no2,30.79,2026-05-21 17:15:00+05:30
no2,30.29,2026-05-21 17:30:00+05:30
no2,29.68,2026-05-21 17:45:00+05:30
no2,29.3,2026-05-21 18:00:00+05:30
no2,29.26,2026-05-21 18:15:00+05:30
no2,29.1,2026-05-21 18:30:00+05:30
no2,29.35,2026-05-21 18:45:00+05:30
no2,29.08,2026-05-21 19:00:00+05:30
no2,28.7,2026-05-21 19:15:00+05:30
no2,28.92,2026-05-21 19:30:00+05:30
no2,29.07,2026-05-21 19:45:00+05:30
no2,29.39,2026-05-21 20:00:00+05:30
no2,29.38,2026-05-21 20:15:00+05:30
no2,29.42,2026-05-21 20:30:00+05:30
no2,29.31,2026-05-21 20:45:00+05:30
no2,29.23,2026-05-21 21:00:00+05:30
no2,29.08,2026-05-21 21:15:00+05:30
no2,29.37,2026-05-21 21:30:00+05:30
no2,132.25,2026-05-21 21:45:00+05:30
no2,7.73,2026-05-21 22:00:00+05:30
no2,9.05,2026-05-21 22:15:00+05:30
no2,8.87,2026-05-21 22:30:00+05:30
no2,8.96,2026-05-21 22:45:00+05:30
no2,8.79,2026-05-21 23:00:00+05:30
no2,8.83,2026-05-21 23:15:00+05:30
no2,8.62,2026-05-21 23:30:00+05:30
no2,8.69,2026-05-21 23:45:00+05:30
no2,19.98,2026-05-22 00:45:00+05:30
no2,19.87,2026-05-22 01:00:00+05:30
no2,19.82,2026-05-22 01:15:00+05:30
no2,20.32,2026-05-22 01:30:00+05:30
no2,20.35,2026-05-22 01:45:00+05:30
no2,20.1,2026-05-22 02:00:00+05:30
no2,19.83,2026-05-22 02:15:00+05:30
no2,19.68,2026-05-22 02:30:00+05:30
no2,19.96,2026-05-22 02:45:00+05:30
no2,20.04,2026-05-22 03:00:00+05:30
no2,19.99,2026-05-22 03:15:00+05:30
no2,19.93,2026-05-22 03:30:00+05:30
no2,19.59,2026-05-22 03:45:00+05:30
no2,19.5,2026-05-22 04:00:00+05:30
no2,19.92,2026-05-22 04:15:00+05:30
no2,20.22,2026-05-22 04:45:00+05:30
no2,20.25,2026-05-22 05:00:00+05:30
no2,20.0,2026-05-22 05:15:00+05:30
no2,19.72,2026-05-22 05:30:00+05:30
no2,19.56,2026-05-22 05:45:00+05:30
no2,20.06,2026-05-22 06:00:00+05:30
no2,20.27,2026-05-22 06:15:00+05:30
no2,20.4,2026-05-22 06:30:00+05:30
no2,19.87,2026-05-22 06:45:00+05:30
no2,20.26,2026-05-22 07:00:00+05:30
no2,20.1,2026-05-22 07:15:00+05:30
no2,19.84,2026-05-22 07:30:00+05:30
no2,19.9,2026-05-22 07:45:00+05:30
no2,19.96,2026-05-22 08:00:00+05:30
no2,20.7,2026-05-22 08:15:00+05:30
no2,24.82,2026-05-22 08:30:00+05:30
no2,23.54,2026-05-22 08:45:00+05:30
no2,23.62,2026-05-22 09:00:00+05:30
no2,23.66,2026-05-22 09:15:00+05:30
no2,23.43,2026-05-22 09:30:00+05:30
no2,23.33,2026-05-22 09:45:00+05:30
no2,23.59,2026-05-22 11:45:00+05:30
no2,23.43,2026-05-22 12:00:00+05:30
no2,33.69,2026-05-22 12:15:00+05:30
no2,42.84,2026-05-22 12:30:00+05:30
no2,44.89,2026-05-22 12:45:00+05:30
no2,45.91,2026-05-22 13:00:00+05:30
no2,45.65,2026-05-22 13:15:00+05:30
no2,45.76,2026-05-22 13:30:00+05:30
no2,46.18,2026-05-22 13:45:00+05:30
no2,46.37,2026-05-22 14:15:00+05:30
no2,46.62,2026-05-22 14:30:00+05:30
no2,46.6,2026-05-22 14:45:00+05:30
no2,46.36,2026-05-22 15:00:00+05:30
no2,41.46,2026-05-22 15:15:00+05:30
no2,36.57,2026-05-22 15:30:00+05:30
no2,36.53,2026-05-22 15:45:00+05:30
no2,36.73,2026-05-22 16:00:00+05:30
no2,35.97,2026-05-22 16:15:00+05:30
no2,26.04,2026-05-22 16:30:00+05:30
no2,23.8,2026-05-22 16:45:00+05:30
no2,23.72,2026-05-22 17:15:00+05:30
no2,23.56,2026-05-22 17:30:00+05:30
no2,23.94,2026-05-22 17:45:00+05:30
no2,23.68,2026-05-22 18:00:00+05:30
no2,23.31,2026-05-22 18:15:00+05:30
no2,23.21,2026-05-22 18:30:00+05:30
no2,23.3,2026-05-22 18:45:00+05:30
no2,23.16,2026-05-22 19:00:00+05:30
no2,23.76,2026-05-22 19:15:00+05:30
no2,23.99,2026-05-22 19:30:00+05:30
no2,23.64,2026-05-22 19:45:00+05:30
no2,23.75,2026-05-22 20:00:00+05:30
no2,23.96,2026-05-22 20:15:00+05:30
no2,27.62,2026-05-22 20:30:00+05:30
no2,29.82,2026-05-22 20:45:00+05:30
no2,30.86,2026-05-22 21:00:00+05:30
no2,31.29,2026-05-22 21:15:00+05:30
no2,31.42,2026-05-22 21:30:00+05:30
no2,31.15,2026-05-22 21:45:00+05:30
no2,31.14,2026-05-22 22:00:00+05:30
no2,31.34,2026-05-22 22:15:00+05:30
no2,29.32,2026-05-22 22:30:00+05:30
no2,24.68,2026-05-22 22:45:00+05:30
no2,22.16,2026-05-22 23:00:00+05:30
no2,21.09,2026-05-22 23:15:00+05:30
no2,20.91,2026-05-22 23:30:00+05:30
no2,20.79,2026-05-22 23:45:00+05:30
no2,20.43,2026-05-23 01:45:00+05:30
no2,20.69,2026-05-23 02:00:00+05:30
no2,20.56,2026-05-23 02:15:00+05:30
no2,20.84,2026-05-23 02:30:00+05:30
no2,20.89,2026-05-23 02:45:00+05:30
no2,21.06,2026-05-23 03:00:00+05:30
no2,20.83,2026-05-23 03:15:00+05:30
no2,20.77,2026-05-23 03:30:00+05:30
no2,20.77,2026-05-23 03:45:00+05:30
no2,20.61,2026-05-23 04:00:00+05:30
no2,20.53,2026-05-23 04:15:00+05:30
no2,20.47,2026-05-23 04:30:00+05:30
no2,20.52,2026-05-23 04:45:00+05:30
no2,20.62,2026-05-23 05:00:00+05:30
no2,20.71,2026-05-23 05:15:00+05:30
no2,20.68,2026-05-23 05:30:00+05:30
no2,20.49,2026-05-23 05:45:00+05:30
no2,20.63,2026-05-23 06:00:00+05:30
no2,20.78,2026-05-23 06:15:00+05:30
no2,20.82,2026-05-23 06:30:00+05:30
no2,20.77,2026-05-23 06:45:00+05:30
no2,20.76,2026-05-23 07:00:00+05:30
no2,20.85,2026-05-23 07:15:00+05:30
no2,20.8,2026-05-23 07:30:00+05:30
no2,20.91,2026-05-23 07:45:00+05:30
no2,20.97,2026-05-23 08:00:00+05:30
no2,20.56,2026-05-23 08:15:00+05:30
no2,20.63,2026-05-23 08:30:00+05:30
no2,20.74,2026-05-23 08:45:00+05:30
no2,20.66,2026-05-23 09:00:00+05:30
no2,20.25,2026-05-23 09:15:00+05:30
no2,20.69,2026-05-23 09:30:00+05:30
no2,22.69,2026-05-23 09:45:00+05:30
no2,29.7,2026-05-23 10:00:00+05:30
no2,31.17,2026-05-23 10:15:00+05:30
no2,30.42,2026-05-23 10:30:00+05:30
no2,30.4,2026-05-23 10:45:00+05:30
no2,30.32,2026-05-23 11:00:00+05:30
no2,30.3,2026-05-23 11:15:00+05:30
no2,30.0,2026-05-23 11:30:00+05:30
no2,30.02,2026-05-23 11:45:00+05:30
no2,30.13,2026-05-23 12:00:00+05:30
no2,30.27,2026-05-23 12:15:00+05:30
no2,30.3,2026-05-23 12:30:00+05:30
no2,30.03,2026-05-23 12:45:00+05:30
no2,33.01,2026-05-23 13:00:00+05:30
no2,44.97,2026-05-23 13:15:00+05:30
no2,44.53,2026-05-23 13:30:00+05:30
no2,43.83,2026-05-23 13:45:00+05:30
no2,43.47,2026-05-23 14:00:00+05:30
no2,43.72,2026-05-23 14:15:00+05:30
no2,43.65,2026-05-23 14:30:00+05:30
no2,43.3,2026-05-23 14:45:00+05:30
no2,43.44,2026-05-23 15:15:00+05:30
no2,43.62,2026-05-23 15:30:00+05:30
no2,43.61,2026-05-23 15:45:00+05:30
no2,43.52,2026-05-23 16:00:00+05:30
no2,43.51,2026-05-23 16:15:00+05:30
no2,43.66,2026-05-23 16:30:00+05:30
no2,43.58,2026-05-23 16:45:00+05:30
no2,43.68,2026-05-23 17:00:00+05:30
no2,43.62,2026-05-23 17:15:00+05:30
no2,43.32,2026-05-23 17:30:00+05:30
no2,43.19,2026-05-23 17:45:00+05:30
no2,43.21,2026-05-23 18:00:00+05:30
no2,43.67,2026-05-23 18:15:00+05:30
no2,43.59,2026-05-23 18:30:00+05:30
no2,43.29,2026-05-23 18:45:00+05:30
no2,34.63,2026-05-23 19:00:00+05:30
no2,23.97,2026-05-23 19:15:00+05:30
no2,24.12,2026-05-23 19:30:00+05:30
no2,24.12,2026-05-23 19:45:00+05:30
no2,24.19,2026-05-23 20:00:00+05:30
no2,24.59,2026-05-23 20:15:00+05:30
no2,24.63,2026-05-23 20:30:00+05:30
no2,24.48,2026-05-23 20:45:00+05:30
no2,24.74,2026-05-23 21:00:00+05:30
no2,24.5,2026-05-23 21:15:00+05:30
no2,24.54,2026-05-23 21:30:00+05:30
no2,24.75,2026-05-23 21:45:00+05:30
no2,24.63,2026-05-23 22:00:00+05:30
no2,24.63,2026-05-23 22:15:00+05:30
no2,22.21,2026-05-23 22:30:00+05:30
no2,20.65,2026-05-23 22:45:00+05:30
no2,20.66,2026-05-23 23:00:00+05:30
no2,21.01,2026-05-23 23:15:00+05:30
no2,20.86,2026-05-23 23:30:00+05:30
no2,21.14,2026-05-23 23:45:00+05:30
no2,18.06,2026-05-24 01:45:00+05:30
no2,15.4,2026-05-24 02:00:00+05:30
no2,14.08,2026-05-24 02:15:00+05:30
no2,13.48,2026-05-24 02:30:00+05:30
no2,13.41,2026-05-24 02:45:00+05:30
no2,13.28,2026-05-24 03:00:00+05:30
no2,13.2,2026-05-24 03:15:00+05:30
no2,13.41,2026-05-24 03:30:00+05:30
no2,13.47,2026-05-24 03:45:00+05:30
no2,13.38,2026-05-24 04:00:00+05:30
no2,12.97,2026-05-24 04:15:00+05:30
no2,12.93,2026-05-24 04:30:00+05:30
no2,13.16,2026-05-24 04:45:00+05:30
no2,13.51,2026-05-24 05:00:00+05:30
no2,13.64,2026-05-24 05:15:00+05:30
no2,13.5,2026-05-24 05:30:00+05:30
no2,13.57,2026-05-24 05:45:00+05:30
no2,13.69,2026-05-24 06:00:00+05:30
no2,13.65,2026-05-24 06:15:00+05:30
no2,13.78,2026-05-24 06:30:00+05:30
no2,13.63,2026-05-24 06:45:00+05:30
no2,13.46,2026-05-24 07:00:00+05:30
no2,13.19,2026-05-24 07:15:00+05:30
no2,13.1,2026-05-24 07:30:00+05:30
no2,13.2,2026-05-24 07:45:00+05:30
no2,13.4,2026-05-24 08:00:00+05:30
no2,13.32,2026-05-24 08:30:00+05:30
no2,13.39,2026-05-24 08:45:00+05:30
no2,13.03,2026-05-24 09:00:00+05:30
no2,13.1,2026-05-24 09:15:00+05:30
no2,13.06,2026-05-24 09:30:00+05:30
no2,14.0,2026-05-24 09:45:00+05:30
no2,24.15,2026-05-24 10:00:00+05:30
no2,23.87,2026-05-24 10:15:00+05:30
no2,23.37,2026-05-24 10:30:00+05:30
no2,23.04,2026-05-24 10:45:00+05:30
no2,22.77,2026-05-24 11:00:00+05:30
no2,22.74,2026-05-24 11:15:00+05:30
no2,22.44,2026-05-24 11:30:00+05:30
no2,22.2,2026-05-24 11:45:00+05:30
no2,22.47,2026-05-24 12:00:00+05:30
no2,27.76,2026-05-24 12:15:00+05:30
no2,37.89,2026-05-24 12:30:00+05:30
no2,38.0,2026-05-24 12:45:00+05:30
no2,38.23,2026-05-24 13:00:00+05:30
no2,38.07,2026-05-24 13:15:00+05:30
no2,38.15,2026-05-24 13:30:00+05:30
no2,48.5,2026-05-24 13:45:00+05:30
no2,51.05,2026-05-24 14:00:00+05:30
no2,50.52,2026-05-24 14:15:00+05:30
no2,50.49,2026-05-24 14:30:00+05:30
no2,50.34,2026-05-24 14:45:00+05:30
no2,50.42,2026-05-24 15:00:00+05:30
no2,50.65,2026-05-24 15:15:00+05:30
no2,51.05,2026-05-24 15:30:00+05:30
no2,51.06,2026-05-24 15:45:00+05:30
no2,50.74,2026-05-24 16:00:00+05:30
no2,51.01,2026-05-24 16:15:00+05:30
no2,50.89,2026-05-24 16:30:00+05:30
no2,51.04,2026-05-24 16:45:00+05:30
no2,50.86,2026-05-24 17:15:00+05:30
no2,50.79,2026-05-24 17:30:00+05:30
no2,50.72,2026-05-24 17:45:00+05:30
no2,50.83,2026-05-24 18:00:00+05:30
no2,51.06,2026-05-24 18:15:00+05:30
no2,51.12,2026-05-24 18:30:00+05:30
no2,50.99,2026-05-24 18:45:00+05:30
no2,51.13,2026-05-24 19:00:00+05:30
no2,43.41,2026-05-24 19:15:00+05:30
no2,25.31,2026-05-24 19:45:00+05:30
no2,24.94,2026-05-24 20:00:00+05:30
no2,24.94,2026-05-24 20:15:00+05:30
no2,24.89,2026-05-24 20:30:00+05:30
no2,25.0,2026-05-24 20:45:00+05:30
no2,24.98,2026-05-24 21:00:00+05:30
no2,24.98,2026-05-24 21:15:00+05:30
no2,24.62,2026-05-24 21:30:00+05:30
no2,24.73,2026-05-24 21:45:00+05:30
no2,24.52,2026-05-24 22:00:00+05:30
no2,24.91,2026-05-24 22:15:00+05:30
no2,24.46,2026-05-24 22:30:00+05:30
no2,24.67,2026-05-24 22:45:00+05:30
no2,24.73,2026-05-24 23:00:00+05:30
no2,24.79,2026-05-24 23:15:00+05:30
no2,24.67,2026-05-24 23:30:00+05:30
no2,24.66,2026-05-24 23:45:00+05:30
no2,9.34,2026-05-25 00:45:00+05:30
no2,9.2,2026-05-25 01:00:00+05:30
no2,9.35,2026-05-25 01:15:00+05:30
no2,9.38,2026-05-25 01:30:00+05:30
no2,9.6,2026-05-25 01:45:00+05:30
no2,9.39,2026-05-25 02:00:00+05:30
no2,9.56,2026-05-25 02:15:00+05:30
no2,9.73,2026-05-25 02:30:00+05:30
no2,9.77,2026-05-25 02:45:00+05:30
no2,9.7,2026-05-25 03:00:00+05:30
no2,9.59,2026-05-25 03:15:00+05:30
no2,9.72,2026-05-25 03:30:00+05:30
no2,9.44,2026-05-25 03:45:00+05:30
no2,9.53,2026-05-25 04:00:00+05:30
no2,9.67,2026-05-25 04:15:00+05:30
no2,9.42,2026-05-25 04:30:00+05:30
no2,9.47,2026-05-25 04:45:00+05:30
no2,9.62,2026-05-25 05:00:00+05:30
no2,9.93,2026-05-25 05:15:00+05:30
no2,9.27,2026-05-25 05:30:00+05:30
no2,8.99,2026-05-25 05:45:00+05:30
no2,9.18,2026-05-25 06:00:00+05:30
no2,9.37,2026-05-25 06:15:00+05:30
no2,9.58,2026-05-25 06:30:00+05:30
no2,9.63,2026-05-25 06:45:00+05:30
no2,10.05,2026-05-25 07:00:00+05:30
no2,10.11,2026-05-25 07:15:00+05:30
no2,9.98,2026-05-25 07:30:00+05:30
no2,9.74,2026-05-25 07:45:00+05:30
no2,9.54,2026-05-25 08:00:00+05:30
no2,9.66,2026-05-25 08:15:00+05:30
no2,9.71,2026-05-25 08:30:00+05:30
no2,10.42,2026-05-25 08:45:00+05:30
no2,10.25,2026-05-25 09:00:00+05:30
no2,10.69,2026-05-25 09:15:00+05:30
no2,20.85,2026-05-25 09:30:00+05:30
no2,18.58,2026-05-25 09:45:00+05:30
no2,18.48,2026-05-25 10:00:00+05:30
no2,19.06,2026-05-25 10:30:00+05:30
no2,19.04,2026-05-25 10:45:00+05:30
no2,21.36,2026-05-25 11:15:00+05:30
no2,62.19,2026-05-25 12:45:00+05:30
no2,56.6,2026-05-25 13:00:00+05:30
no2,43.62,2026-05-25 13:15:00+05:30
no2,43.65,2026-05-25 13:30:00+05:30
no2,43.52,2026-05-25 13:45:00+05:30
no2,43.45,2026-05-25 14:00:00+05:30
no2,43.26,2026-05-25 14:15:00+05:30
no2,43.25,2026-05-25 14:30:00+05:30
no2,39.09,2026-05-25 15:00:00+05:30
no2,35.71,2026-05-25 15:15:00+05:30
no2,34.6,2026-05-25 15:30:00+05:30
no2,34.51,2026-05-25 15:45:00+05:30
no2,34.45,2026-05-25 16:00:00+05:30
no2,27.08,2026-05-25 16:15:00+05:30
no2,15.66,2026-05-25 16:30:00+05:30
no2,15.22,2026-05-25 16:45:00+05:30
no2,15.32,2026-05-25 17:00:00+05:30
no2,15.3,2026-05-25 17:15:00+05:30
no2,15.02,2026-05-25 17:45:00+05:30
no2,14.95,2026-05-25 18:00:00+05:30
no2,15.1,2026-05-25 18:15:00+05:30
no2,14.77,2026-05-25 18:30:00+05:30
no2,14.97,2026-05-25 18:45:00+05:30
no2,14.83,2026-05-25 19:00:00+05:30
no2,14.86,2026-05-25 19:15:00+05:30
no2,15.19,2026-05-25 19:30:00+05:30
no2,15.31,2026-05-25 19:45:00+05:30
no2,14.93,2026-05-25 20:00:00+05:30
no2,15.26,2026-05-25 20:15:00+05:30
no2,15.31,2026-05-25 20:30:00+05:30
no2,15.23,2026-05-25 20:45:00+05:30
no2,15.12,2026-05-25 21:00:00+05:30
no2,14.99,2026-05-25 21:15:00+05:30
no2,15.17,2026-05-25 21:30:00+05:30
no2,20.16,2026-05-25 21:45:00+05:30
no2,22.93,2026-05-25 22:00:00+05:30
no2,23.53,2026-05-25 22:15:00+05:30
no2,24.11,2026-05-25 22:30:00+05:30
no2,24.5,2026-05-25 22:45:00+05:30
no2,24.53,2026-05-25 23:00:00+05:30
no2,24.52,2026-05-25 23:15:00+05:30
no2,24.97,2026-05-25 23:30:00+05:30
no2,23.44,2026-05-25 23:45:00+05:30
no2,15.35,2026-05-26 00:45:00+05:30
no2,15.16,2026-05-26 01:00:00+05:30
no2,15.09,2026-05-26 01:15:00+05:30
no2,15.04,2026-05-26 01:30:00+05:30
no2,15.46,2026-05-26 01:45:00+05:30
no2,15.44,2026-05-26 02:00:00+05:30
no2,15.42,2026-05-26 02:15:00+05:30
no2,15.53,2026-05-26 02:30:00+05:30
no2,15.31,2026-05-26 02:45:00+05:30
no2,15.14,2026-05-26 03:00:00+05:30
no2,15.12,2026-05-26 03:15:00+05:30
no2,15.3,2026-05-26 03:30:00+05:30
no2,15.39,2026-05-26 03:45:00+05:30
no2,15.53,2026-05-26 04:00:00+05:30
no2,15.28,2026-05-26 04:15:00+05:30
no2,15.33,2026-05-26 04:30:00+05:30
no2,15.36,2026-05-26 04:45:00+05:30
no2,15.06,2026-05-26 05:00:00+05:30
no2,15.47,2026-05-26 05:15:00+05:30
no2,15.36,2026-05-26 05:30:00+05:30
no2,15.45,2026-05-26 05:45:00+05:30
no2,15.2,2026-05-26 06:00:00+05:30
no2,15.08,2026-05-26 06:15:00+05:30
no2,15.05,2026-05-26 06:30:00+05:30
no2,15.18,2026-05-26 06:45:00+05:30
no2,15.24,2026-05-26 07:00:00+05:30
no2,15.23,2026-05-26 07:15:00+05:30
no2,15.45,2026-05-26 07:30:00+05:30
no2,15.0,2026-05-26 07:45:00+05:30
no2,14.86,2026-05-26 08:00:00+05:30
no2,15.04,2026-05-26 08:15:00+05:30
no2,9.1,2026-05-26 08:30:00+05:30
no2,6.97,2026-05-26 08:45:00+05:30
no2,8.37,2026-05-26 09:00:00+05:30
no2,9.25,2026-05-26 09:15:00+05:30
no2,9.59,2026-05-26 10:45:00+05:30
no2,22.68,2026-05-26 11:15:00+05:30
no2,26.09,2026-05-26 11:30:00+05:30
no2,27.43,2026-05-26 11:45:00+05:30
no2,28.23,2026-05-26 12:00:00+05:30
no2,28.5,2026-05-26 12:15:00+05:30
no2,28.43,2026-05-26 12:30:00+05:30
no2,28.27,2026-05-26 12:45:00+05:30
no2,28.15,2026-05-26 13:00:00+05:30
no2,27.97,2026-05-26 13:15:00+05:30
no2,27.89,2026-05-26 13:30:00+05:30
no2,28.27,2026-05-26 13:45:00+05:30
no2,28.47,2026-05-26 14:00:00+05:30
no2,28.11,2026-05-26 14:15:00+05:30
no2,28.69,2026-05-26 14:30:00+05:30
no2,33.14,2026-05-26 15:00:00+05:30
no2,33.14,2026-05-26 15:15:00+05:30
no2,33.4,2026-05-26 15:45:00+05:30
no2,33.89,2026-05-26 16:00:00+05:30
no2,34.22,2026-05-26 16:15:00+05:30
no2,34.15,2026-05-26 16:30:00+05:30
no2,34.35,2026-05-26 16:45:00+05:30
no2,33.33,2026-05-26 17:00:00+05:30
no2,30.63,2026-05-26 17:15:00+05:30
no2,29.05,2026-05-26 17:30:00+05:30
no2,28.62,2026-05-26 17:45:00+05:30
no2,28.5,2026-05-26 18:00:00+05:30
no2,28.59,2026-05-26 18:15:00+05:30
no2,28.39,2026-05-26 18:30:00+05:30
no2,28.03,2026-05-26 18:45:00+05:30
no2,28.35,2026-05-26 19:00:00+05:30
no2,28.26,2026-05-26 19:15:00+05:30
no2,28.26,2026-05-26 19:30:00+05:30
no2,28.28,2026-05-26 19:45:00+05:30
no2,28.18,2026-05-26 20:15:00+05:30
no2,28.26,2026-05-26 20:30:00+05:30
no2,28.36,2026-05-26 20:45:00+05:30
no2,28.63,2026-05-26 21:30:00+05:30
no2,28.48,2026-05-26 21:45:00+05:30
no2,28.44,2026-05-26 22:00:00+05:30
no2,28.24,2026-05-26 22:15:00+05:30
no2,28.59,2026-05-26 22:30:00+05:30
no2,28.5,2026-05-26 22:45:00+05:30
no2,28.58,2026-05-26 23:00:00+05:30
no2,28.4,2026-05-26 23:15:00+05:30
no2,28.54,2026-05-26 23:30:00+05:30
no2,28.2,2026-05-26 23:45:00+05:30
no2,28.43,2026-05-27 00:45:00+05:30
no2,28.55,2026-05-27 01:00:00+05:30
no2,28.92,2026-05-27 01:15:00+05:30
no2,28.77,2026-05-27 01:30:00+05:30
no2,28.78,2026-05-27 01:45:00+05:30
no2,28.56,2026-05-27 02:00:00+05:30
no2,28.46,2026-05-27 02:15:00+05:30
no2,28.46,2026-05-27 02:30:00+05:30
no2,28.31,2026-05-27 02:45:00+05:30
no2,28.34,2026-05-27 03:00:00+05:30
no2,28.29,2026-05-27 03:15:00+05:30
no2,28.3,2026-05-27 03:30:00+05:30
no2,28.34,2026-05-27 03:45:00+05:30
no2,28.3,2026-05-27 04:00:00+05:30
no2,28.32,2026-05-27 04:15:00+05:30
no2,28.48,2026-05-27 04:30:00+05:30
no2,28.26,2026-05-27 04:45:00+05:30
no2,28.21,2026-05-27 05:00:00+05:30
no2,28.16,2026-05-27 05:15:00+05:30
no2,28.37,2026-05-27 05:30:00+05:30
no2,28.58,2026-05-27 05:45:00+05:30
no2,28.63,2026-05-27 06:00:00+05:30
no2,28.38,2026-05-27 06:15:00+05:30
no2,28.11,2026-05-27 06:30:00+05:30
no2,28.03,2026-05-27 06:45:00+05:30
no2,28.09,2026-05-27 07:00:00+05:30
no2,28.52,2026-05-27 07:15:00+05:30
no2,28.56,2026-05-27 07:30:00+05:30
no2,27.51,2026-05-27 07:45:00+05:30
no2,28.02,2026-05-27 08:00:00+05:30
no2,28.19,2026-05-27 08:15:00+05:30
no2,20.32,2026-05-27 08:30:00+05:30
no2,9.9,2026-05-27 08:45:00+05:30
no2,9.55,2026-05-27 09:00:00+05:30
no2,9.26,2026-05-27 09:15:00+05:30
no2,9.18,2026-05-27 09:30:00+05:30
no2,9.39,2026-05-27 09:45:00+05:30
no2,9.56,2026-05-27 10:00:00+05:30
no2,9.33,2026-05-27 10:15:00+05:30
no2,9.63,2026-05-27 10:30:00+05:30
no2,9.87,2026-05-27 10:45:00+05:30
no2,10.86,2026-05-27 11:00:00+05:30
no2,19.75,2026-05-27 11:15:00+05:30
no2,22.54,2026-05-27 11:30:00+05:30
no2,20.68,2026-05-27 12:00:00+05:30
no2,20.9,2026-05-27 12:15:00+05:30
no2,21.16,2026-05-27 12:30:00+05:30
no2,20.83,2026-05-27 12:45:00+05:30
no2,48.87,2026-05-27 17:45:00+05:30
no2,41.03,2026-05-27 18:00:00+05:30
no2,41.17,2026-05-27 18:15:00+05:30
no2,41.2,2026-05-27 18:30:00+05:30
no2,41.41,2026-05-27 18:45:00+05:30
no2,41.36,2026-05-27 19:00:00+05:30
no2,41.46,2026-05-27 19:15:00+05:30
no2,41.65,2026-05-27 19:30:00+05:30
no2,42.0,2026-05-27 19:45:00+05:30
no2,41.87,2026-05-27 20:00:00+05:30
no2,41.76,2026-05-27 20:15:00+05:30
no2,41.58,2026-05-27 20:30:00+05:30
no2,41.67,2026-05-27 20:45:00+05:30
no2,42.05,2026-05-27 21:00:00+05:30
no2,41.9,2026-05-27 21:15:00+05:30
no2,42.0,2026-05-27 21:30:00+05:30
no2,41.77,2026-05-27 21:45:00+05:30
no2,41.52,2026-05-27 22:00:00+05:30
no2,41.45,2026-05-27 22:15:00+05:30
no2,41.52,2026-05-27 22:30:00+05:30
no2,41.68,2026-05-27 22:45:00+05:30
no2,41.68,2026-05-27 23:00:00+05:30
no2,35.03,2026-05-27 23:15:00+05:30
no2,13.85,2026-05-27 23:30:00+05:30
no2,11.79,2026-05-27 23:45:00+05:30
no2,11.62,2026-05-28 00:45:00+05:30
no2,11.65,2026-05-28 01:00:00+05:30
no2,11.53,2026-05-28 01:15:00+05:30
no2,11.43,2026-05-28 01:30:00+05:30
no2,11.73,2026-05-28 01:45:00+05:30
no2,11.56,2026-05-28 02:00:00+05:30
no2,11.5,2026-05-28 02:15:00+05:30
no2,11.67,2026-05-28 02:30:00+05:30
no2,11.46,2026-05-28 02:45:00+05:30
no2,11.51,2026-05-28 03:00:00+05:30
no2,11.12,2026-05-28 03:15:00+05:30
no2,11.1,2026-05-28 03:30:00+05:30
no2,11.34,2026-05-28 03:45:00+05:30
no2,11.6,2026-05-28 04:00:00+05:30
no2,11.56,2026-05-28 04:15:00+05:30
no2,11.6,2026-05-28 04:30:00+05:30
no2,11.69,2026-05-28 04:45:00+05:30
no2,11.87,2026-05-28 05:00:00+05:30
no2,11.69,2026-05-28 05:15:00+05:30
no2,11.37,2026-05-28 05:30:00+05:30
no2,11.41,2026-05-28 05:45:00+05:30
no2,11.4,2026-05-28 06:00:00+05:30
no2,11.77,2026-05-28 06:15:00+05:30
no2,11.73,2026-05-28 06:30:00+05:30
no2,11.8,2026-05-28 06:45:00+05:30
no2,11.75,2026-05-28 07:00:00+05:30
no2,11.6,2026-05-28 07:15:00+05:30
no2,11.28,2026-05-28 07:30:00+05:30
no2,11.29,2026-05-28 07:45:00+05:30
no2,20.9,2026-05-28 08:00:00+05:30
no2,24.6,2026-05-28 08:15:00+05:30
no2,24.67,2026-05-28 08:30:00+05:30
no2,24.72,2026-05-28 08:45:00+05:30
no2,24.68,2026-05-28 09:00:00+05:30
no2,24.54,2026-05-28 09:15:00+05:30
no2,24.56,2026-05-28 09:30:00+05:30
no2,24.58,2026-05-28 09:45:00+05:30
no2,24.87,2026-05-28 10:00:00+05:30
no2,24.77,2026-05-28 10:15:00+05:30
no2,24.84,2026-05-28 10:30:00+05:30
no2,24.92,2026-05-28 10:45:00+05:30
no2,24.8,2026-05-28 11:00:00+05:30
no2,24.38,2026-05-28 11:15:00+05:30
no2,25.72,2026-05-28 11:30:00+05:30
no2,36.17,2026-05-28 11:45:00+05:30
no2,42.06,2026-05-28 12:00:00+05:30
no2,43.15,2026-05-28 12:15:00+05:30
no2,43.53,2026-05-28 12:30:00+05:30
no2,43.33,2026-05-28 12:45:00+05:30
no2,43.02,2026-05-28 13:00:00+05:30
no2,43.1,2026-05-28 13:15:00+05:30
no2,43.61,2026-05-28 13:30:00+05:30
no2,43.79,2026-05-28 13:45:00+05:30
no2,43.3,2026-05-28 14:00:00+05:30
no2,38.76,2026-05-28 14:15:00+05:30
no2,37.28,2026-05-28 14:30:00+05:30
no2,37.7,2026-05-28 14:45:00+05:30
no2,37.76,2026-05-28 15:00:00+05:30
no2,37.97,2026-05-28 15:15:00+05:30
no2,37.72,2026-05-28 15:30:00+05:30
no2,37.35,2026-05-28 15:45:00+05:30
no2,25.55,2026-05-28 16:15:00+05:30
no2,17.84,2026-05-28 16:45:00+05:30
no2,17.12,2026-05-28 17:15:00+05:30
no2,17.03,2026-05-28 17:30:00+05:30
no2,17.11,2026-05-28 17:45:00+05:30
no2,17.11,2026-05-28 18:45:00+05:30
no2,17.13,2026-05-28 19:00:00+05:30
no2,17.02,2026-05-28 19:15:00+05:30
no2,16.69,2026-05-28 19:30:00+05:30
no2,17.05,2026-05-28 19:45:00+05:30
no2,17.09,2026-05-28 20:45:00+05:30
no2,17.08,2026-05-28 22:45:00+05:30
no2,17.42,2026-05-28 23:00:00+05:30
no2,17.0,2026-05-28 23:15:00+05:30
no2,17.09,2026-05-28 23:30:00+05:30
no2,17.04,2026-05-28 23:45:00+05:30
no2,17.01,2026-05-29 00:45:00+05:30
no2,17.0,2026-05-29 01:00:00+05:30
no2,17.09,2026-05-29 01:15:00+05:30
no2,16.88,2026-05-29 01:30:00+05:30
no2,16.84,2026-05-29 01:45:00+05:30
no2,16.94,2026-05-29 02:00:00+05:30
no2,16.99,2026-05-29 02:15:00+05:30
no2,17.16,2026-05-29 02:30:00+05:30
no2,17.26,2026-05-29 02:45:00+05:30
no2,17.29,2026-05-29 03:00:00+05:30
no2,17.32,2026-05-29 03:15:00+05:30
no2,17.27,2026-05-29 03:30:00+05:30
no2,17.1,2026-05-29 03:45:00+05:30
no2,17.35,2026-05-29 04:00:00+05:30
no2,17.04,2026-05-29 04:15:00+05:30
no2,17.32,2026-05-29 04:30:00+05:30
no2,17.27,2026-05-29 04:45:00+05:30
no2,16.92,2026-05-29 05:00:00+05:30
no2,17.02,2026-05-29 05:15:00+05:30
no2,17.16,2026-05-29 05:30:00+05:30
no2,17.01,2026-05-29 05:45:00+05:30
no2,17.09,2026-05-29 06:00:00+05:30
no2,16.88,2026-05-29 06:15:00+05:30
no2,16.9,2026-05-29 06:30:00+05:30
no2,16.88,2026-05-29 06:45:00+05:30
no2,17.69,2026-05-29 07:00:00+05:30
no2,16.53,2026-05-29 07:15:00+05:30
no2,16.41,2026-05-29 07:30:00+05:30
no2,16.89,2026-05-29 07:45:00+05:30
no2,17.07,2026-05-29 08:00:00+05:30
no2,17.19,2026-05-29 08:15:00+05:30
no2,17.24,2026-05-29 08:30:00+05:30
no2,16.77,2026-05-29 08:45:00+05:30
no2,16.65,2026-05-29 09:00:00+05:30
no2,16.67,2026-05-29 09:15:00+05:30
no2,16.61,2026-05-29 09:30:00+05:30
no2,16.72,2026-05-29 09:45:00+05:30
no2,16.99,2026-05-29 10:00:00+05:30
no2,17.32,2026-05-29 10:15:00+05:30
no2,17.39,2026-05-29 10:30:00+05:30
no2,17.22,2026-05-29 10:45:00+05:30
no2,38.18,2026-05-29 11:00:00+05:30
no2,54.14,2026-05-29 11:15:00+05:30
no2,54.49,2026-05-29 11:30:00+05:30
no2,54.59,2026-05-29 11:45:00+05:30
no2,54.99,2026-05-29 13:00:00+05:30
no2,55.0,2026-05-29 13:15:00+05:30
no2,54.96,2026-05-29 13:30:00+05:30
no2,54.82,2026-05-29 13:45:00+05:30
no2,54.89,2026-05-29 14:00:00+05:30
no2,55.05,2026-05-29 14:15:00+05:30
no2,46.9,2026-05-29 14:30:00+05:30
no2,28.79,2026-05-29 15:45:00+05:30
no2,55.58,2026-05-29 16:00:00+05:30
no2,55.49,2026-05-29 16:15:00+05:30
no2,54.55,2026-05-29 16:30:00+05:30
no2,45.69,2026-05-29 16:45:00+05:30
no2,40.51,2026-05-29 17:00:00+05:30
no2,41.12,2026-05-29 17:15:00+05:30
no2,41.52,2026-05-29 17:30:00+05:30
no2,41.39,2026-05-29 17:45:00+05:30
no2,41.6,2026-05-29 18:00:00+05:30
no2,41.38,2026-05-29 18:15:00+05:30
no2,41.47,2026-05-29 18:30:00+05:30
no2,41.28,2026-05-29 18:45:00+05:30
no2,41.47,2026-05-29 19:00:00+05:30
no2,41.71,2026-05-29 19:15:00+05:30
no2,41.36,2026-05-29 19:30:00+05:30
no2,41.21,2026-05-29 19:45:00+05:30
no2,41.4,2026-05-29 20:00:00+05:30
no2,41.12,2026-05-29 20:15:00+05:30
no2,41.14,2026-05-29 20:30:00+05:30
no2,41.23,2026-05-29 20:45:00+05:30
no2,42.73,2026-05-29 21:00:00+05:30
no2,41.14,2026-05-29 21:15:00+05:30
no2,40.91,2026-05-29 21:30:00+05:30
no2,41.11,2026-05-29 21:45:00+05:30
no2,41.29,2026-05-29 22:00:00+05:30
no2,41.77,2026-05-29 22:15:00+05:30
no2,44.99,2026-05-29 22:30:00+05:30
no2,42.24,2026-05-29 22:45:00+05:30
no2,41.66,2026-05-29 23:00:00+05:30
no2,41.72,2026-05-29 23:15:00+05:30
no2,41.97,2026-05-29 23:30:00+05:30
no2,42.07,2026-05-29 23:45:00+05:30
no2,41.32,2026-05-30 00:45:00+05:30
no2,41.24,2026-05-30 01:00:00+05:30
no2,41.27,2026-05-30 01:15:00+05:30
no2,41.64,2026-05-30 01:30:00+05:30
no2,41.9,2026-05-30 01:45:00+05:30
no2,41.88,2026-05-30 02:00:00+05:30
no2,41.58,2026-05-30 02:15:00+05:30
no2,41.82,2026-05-30 02:30:00+05:30
no2,41.69,2026-05-30 02:45:00+05:30
no2,41.67,2026-05-30 03:00:00+05:30
no2,42.02,2026-05-30 03:15:00+05:30
no2,41.94,2026-05-30 03:30:00+05:30
no2,41.97,2026-05-30 03:45:00+05:30
no2,41.76,2026-05-30 04:00:00+05:30
no2,41.83,2026-05-30 04:15:00+05:30
no2,41.76,2026-05-30 04:30:00+05:30
no2,41.41,2026-05-30 04:45:00+05:30
no2,41.58,2026-05-30 05:00:00+05:30
no2,41.72,2026-05-30 05:15:00+05:30
no2,41.67,2026-05-30 05:30:00+05:30
no2,41.94,2026-05-30 05:45:00+05:30
no2,41.92,2026-05-30 06:00:00+05:30
no2,41.81,2026-05-30 06:15:00+05:30
no2,41.27,2026-05-30 06:30:00+05:30
no2,39.83,2026-05-30 06:45:00+05:30
no2,24.59,2026-05-30 07:00:00+05:30
no2,23.24,2026-05-30 07:15:00+05:30
no2,22.94,2026-05-30 07:30:00+05:30
no2,22.58,2026-05-30 07:45:00+05:30
no2,22.8,2026-05-30 08:00:00+05:30
no2,22.88,2026-05-30 08:15:00+05:30
no2,22.5,2026-05-30 08:30:00+05:30
no2,22.64,2026-05-30 08:45:00+05:30
no2,22.66,2026-05-30 09:00:00+05:30
no2,22.46,2026-05-30 09:15:00+05:30
no2,22.67,2026-05-30 09:30:00+05:30
no2,22.67,2026-05-30 09:45:00+05:30
no2,22.53,2026-05-30 10:00:00+05:30
no2,22.6,2026-05-30 10:15:00+05:30
no2,22.77,2026-05-30 10:30:00+05:30
no2,22.79,2026-05-30 10:45:00+05:30
no2,22.42,2026-05-30 11:00:00+05:30
no2,22.75,2026-05-30 11:15:00+05:30
no2,22.84,2026-05-30 11:30:00+05:30
no2,23.0,2026-05-30 11:45:00+05:30
no2,22.81,2026-05-30 12:00:00+05:30
no2,22.46,2026-05-30 12:15:00+05:30
no2,30.18,2026-05-30 12:30:00+05:30
no2,41.93,2026-05-30 12:45:00+05:30
no2,41.3,2026-05-30 13:00:00+05:30
no2,40.91,2026-05-30 13:15:00+05:30
no2,40.87,2026-05-30 13:30:00+05:30
no2,41.64,2026-05-30 14:00:00+05:30
no2,41.69,2026-05-30 14:15:00+05:30
no2,41.52,2026-05-30 14:30:00+05:30
no2,41.26,2026-05-30 14:45:00+05:30
no2,41.44,2026-05-30 15:00:00+05:30
no2,41.33,2026-05-30 15:15:00+05:30
no2,41.69,2026-05-30 15:30:00+05:30
no2,41.55,2026-05-30 15:45:00+05:30
no2,39.31,2026-05-30 16:00:00+05:30
no2,42.05,2026-05-30 16:15:00+05:30
no2,42.35,2026-05-30 16:30:00+05:30
no2,42.11,2026-05-30 16:45:00+05:30
no2,42.22,2026-05-30 17:00:00+05:30
no2,42.19,2026-05-30 17:15:00+05:30
no2,41.98,2026-05-30 17:30:00+05:30
no2,41.88,2026-05-30 17:45:00+05:30
no2,41.61,2026-05-30 18:00:00+05:30
no2,41.78,2026-05-30 18:15:00+05:30
no2,41.85,2026-05-30 18:30:00+05:30
no2,41.65,2026-05-30 18:45:00+05:30
no2,41.63,2026-05-30 19:00:00+05:30
no2,41.32,2026-05-30 19:15:00+05:30
no2,41.69,2026-05-30 19:30:00+05:30
no2,42.21,2026-05-30 19:45:00+05:30
no2,41.61,2026-05-30 20:00:00+05:30
no2,39.01,2026-05-30 20:15:00+05:30
no2,25.68,2026-05-30 20:30:00+05:30
no2,22.63,2026-05-30 20:45:00+05:30
no2,22.96,2026-05-30 21:00:00+05:30
no2,22.53,2026-05-30 21:15:00+05:30
no2,22.58,2026-05-30 21:30:00+05:30
no2,22.88,2026-05-30 21:45:00+05:30
no2,24.96,2026-05-30 22:00:00+05:30
no2,23.5,2026-05-30 22:15:00+05:30
no2,22.87,2026-05-30 22:30:00+05:30
no2,22.28,2026-05-30 22:45:00+05:30
no2,22.11,2026-05-30 23:00:00+05:30
no2,22.45,2026-05-30 23:15:00+05:30
no2,22.61,2026-05-30 23:30:00+05:30
no2,22.48,2026-05-30 23:45:00+05:30
no2,23.14,2026-05-31 00:45:00+05:30
no2,22.8,2026-05-31 01:00:00+05:30
no2,22.33,2026-05-31 01:15:00+05:30
no2,22.4,2026-05-31 01:30:00+05:30
no2,22.61,2026-05-31 01:45:00+05:30
no2,22.21,2026-05-31 02:00:00+05:30
no2,22.28,2026-05-31 02:15:00+05:30
no2,22.66,2026-05-31 02:30:00+05:30
nox,0.03346,2026-05-19 05:45:00+05:30
nox,0.03324,2026-05-19 06:00:00+05:30
nox,0.03312,2026-05-19 06:15:00+05:30
nox,0.03313,2026-05-19 06:30:00+05:30
nox,0.03321,2026-05-19 06:45:00+05:30
nox,0.03325,2026-05-19 07:00:00+05:30
nox,0.03329,2026-05-19 07:15:00+05:30
nox,0.03301,2026-05-19 07:30:00+05:30
nox,0.033,2026-05-19 07:45:00+05:30
nox,0.03308,2026-05-19 08:00:00+05:30
nox,0.0332,2026-05-19 08:15:00+05:30
nox,0.03314,2026-05-19 08:30:00+05:30
nox,0.03313,2026-05-19 08:45:00+05:30
nox,0.03301,2026-05-19 09:00:00+05:30
nox,0.0330499999999999,2026-05-19 09:15:00+05:30
nox,0.0352,2026-05-19 09:30:00+05:30
nox,0.03993,2026-05-19 09:45:00+05:30
nox,0.03999,2026-05-19 10:00:00+05:30
nox,0.04002,2026-05-19 10:15:00+05:30
nox,0.04021,2026-05-19 10:30:00+05:30
nox,0.04006,2026-05-19 10:45:00+05:30
nox,0.03938,2026-05-19 11:00:00+05:30
nox,0.04022,2026-05-19 11:30:00+05:30
nox,0.03865,2026-05-19 11:45:00+05:30
nox,0.03661,2026-05-19 12:00:00+05:30
nox,0.03574,2026-05-19 12:15:00+05:30
nox,0.03562,2026-05-19 12:30:00+05:30
nox,0.0348,2026-05-19 12:45:00+05:30
nox,0.03472,2026-05-19 13:00:00+05:30
nox,0.03409,2026-05-19 13:15:00+05:30
nox,0.0341,2026-05-19 13:30:00+05:30
nox,0.0334799999999999,2026-05-19 13:45:00+05:30
nox,0.02865,2026-05-19 14:45:00+05:30
nox,0.0282399999999999,2026-05-19 15:00:00+05:30
nox,0.02614,2026-05-19 15:15:00+05:30
nox,0.01843,2026-05-19 15:30:00+05:30
nox,0.01837,2026-05-19 15:45:00+05:30
nox,0.01839,2026-05-19 16:00:00+05:30
nox,0.01842,2026-05-19 16:15:00+05:30
nox,0.0196,2026-05-19 16:30:00+05:30
nox,0.02312,2026-05-19 16:45:00+05:30
nox,0.0244899999999999,2026-05-19 17:00:00+05:30
nox,0.0245799999999999,2026-05-19 17:15:00+05:30
nox,0.02487,2026-05-19 17:30:00+05:30
nox,0.02524,2026-05-19 17:45:00+05:30
nox,0.02528,2026-05-19 18:00:00+05:30
nox,0.02481,2026-05-19 18:15:00+05:30
nox,0.02481,2026-05-19 18:30:00+05:30
nox,0.02525,2026-05-19 18:45:00+05:30
nox,0.02548,2026-05-19 19:00:00+05:30
nox,0.02543,2026-05-19 19:15:00+05:30
nox,0.0252,2026-05-19 19:30:00+05:30
nox,0.02517,2026-05-19 19:45:00+05:30
nox,0.02531,2026-05-19 20:15:00+05:30
nox,0.0253,2026-05-19 20:30:00+05:30
nox,0.02548,2026-05-19 20:45:00+05:30
nox,0.02518,2026-05-19 21:00:00+05:30
nox,0.02523,2026-05-19 21:15:00+05:30
nox,0.02513,2026-05-19 21:30:00+05:30
nox,0.02511,2026-05-19 21:45:00+05:30
nox,0.02803,2026-05-19 22:00:00+05:30
nox,0.03181,2026-05-19 22:15:00+05:30
nox,0.0326599999999999,2026-05-19 22:30:00+05:30
nox,0.0329099999999999,2026-05-19 22:45:00+05:30
nox,0.03312,2026-05-19 23:00:00+05:30
nox,0.03303,2026-05-19 23:15:00+05:30
nox,0.03302,2026-05-19 23:30:00+05:30
nox,0.03329,2026-05-19 23:45:00+05:30
nox,0.03318,2026-05-20 00:45:00+05:30
nox,0.03339,2026-05-20 01:00:00+05:30
nox,0.03343,2026-05-20 01:15:00+05:30
nox,0.03335,2026-05-20 01:30:00+05:30
nox,0.03321,2026-05-20 01:45:00+05:30
nox,0.03328,2026-05-20 02:00:00+05:30
nox,0.03301,2026-05-20 02:15:00+05:30
nox,0.0332999999999999,2026-05-20 02:30:00+05:30
nox,0.03299,2026-05-20 02:45:00+05:30
nox,0.03297,2026-05-20 03:00:00+05:30
nox,0.03317,2026-05-20 03:15:00+05:30
nox,0.03317,2026-05-20 03:30:00+05:30
nox,0.03329,2026-05-20 03:45:00+05:30
nox,0.03328,2026-05-20 04:00:00+05:30
nox,0.03339,2026-05-20 04:15:00+05:30
nox,0.03329,2026-05-20 04:30:00+05:30
nox,0.03359,2026-05-20 04:45:00+05:30
nox,0.03296,2026-05-20 05:00:00+05:30
nox,0.03285,2026-05-20 05:15:00+05:30
nox,0.03328,2026-05-20 05:30:00+05:30
nox,0.03321,2026-05-20 05:45:00+05:30
nox,0.03332,2026-05-20 06:00:00+05:30
nox,0.03357,2026-05-20 06:15:00+05:30
nox,0.03346,2026-05-20 06:30:00+05:30
nox,0.03274,2026-05-20 06:45:00+05:30
nox,0.03269,2026-05-20 07:00:00+05:30
nox,0.03251,2026-05-20 07:15:00+05:30
nox,0.03275,2026-05-20 07:30:00+05:30
nox,0.03319,2026-05-20 07:45:00+05:30
nox,0.0332999999999999,2026-05-20 08:00:00+05:30
nox,0.0335499999999999,2026-05-20 08:15:00+05:30
nox,0.03662,2026-05-20 08:30:00+05:30
nox,0.03942,2026-05-20 08:45:00+05:30
nox,0.04013,2026-05-20 09:00:00+05:30
nox,0.04042,2026-05-20 09:15:00+05:30
nox,0.04007,2026-05-20 09:30:00+05:30
nox,0.0399799999999999,2026-05-20 10:15:00+05:30
nox,0.0398699999999999,2026-05-20 10:30:00+05:30
nox,0.04018,2026-05-20 10:45:00+05:30
nox,0.02861,2026-05-20 12:00:00+05:30
nox,0.02867,2026-05-20 12:15:00+05:30
nox,0.0282399999999999,2026-05-20 12:30:00+05:30
nox,0.02793,2026-05-20 12:45:00+05:30
nox,0.02778,2026-05-20 13:00:00+05:30
nox,0.02779,2026-05-20 13:15:00+05:30
nox,0.02766,2026-05-20 13:30:00+05:30
nox,0.02142,2026-05-20 13:45:00+05:30
nox,0.02014,2026-05-20 14:00:00+05:30
nox,0.0200799999999999,2026-05-20 14:15:00+05:30
nox,0.01994,2026-05-20 14:30:00+05:30
nox,0.01927,2026-05-20 14:45:00+05:30
nox,0.01907,2026-05-20 15:00:00+05:30
nox,0.01945,2026-05-20 15:15:00+05:30
nox,0.01978,2026-05-20 15:30:00+05:30
nox,0.02021,2026-05-20 15:45:00+05:30
nox,0.0203,2026-05-20 16:00:00+05:30
nox,0.02018,2026-05-20 16:15:00+05:30
nox,0.0200799999999999,2026-05-20 16:30:00+05:30
nox,0.01988,2026-05-20 16:45:00+05:30
nox,0.0222699999999999,2026-05-20 17:00:00+05:30
nox,0.02461,2026-05-20 17:15:00+05:30
nox,0.02506,2026-05-20 17:30:00+05:30
nox,0.02521,2026-05-20 17:45:00+05:30
nox,0.02532,2026-05-20 18:00:00+05:30
nox,0.0256,2026-05-20 18:15:00+05:30
nox,0.02562,2026-05-20 18:30:00+05:30
nox,0.02575,2026-05-20 18:45:00+05:30
nox,0.02566,2026-05-20 19:00:00+05:30
nox,0.02563,2026-05-20 19:15:00+05:30
nox,0.02545,2026-05-20 19:30:00+05:30
nox,0.02528,2026-05-20 19:45:00+05:30
nox,0.02534,2026-05-20 20:00:00+05:30
nox,0.02506,2026-05-20 20:15:00+05:30
nox,0.02532,2026-05-20 20:30:00+05:30
nox,0.02531,2026-05-20 20:45:00+05:30
nox,0.02537,2026-05-20 21:00:00+05:30
nox,0.02522,2026-05-20 21:15:00+05:30
nox,0.02503,2026-05-20 21:30:00+05:30
nox,0.0250799999999999,2026-05-20 21:45:00+05:30
nox,0.02528,2026-05-20 22:00:00+05:30
nox,0.02523,2026-05-20 22:15:00+05:30
nox,0.02518,2026-05-20 22:30:00+05:30
nox,0.02502,2026-05-20 22:45:00+05:30
nox,0.02526,2026-05-20 23:00:00+05:30
nox,0.02521,2026-05-20 23:15:00+05:30
nox,0.02509,2026-05-20 23:30:00+05:30
nox,0.02512,2026-05-20 23:45:00+05:30
nox,0.03426,2026-05-21 00:45:00+05:30
nox,0.03509,2026-05-21 01:00:00+05:30
nox,0.03565,2026-05-21 01:15:00+05:30
nox,0.03559,2026-05-21 01:30:00+05:30
nox,0.03533,2026-05-21 01:45:00+05:30
nox,0.03458,2026-05-21 02:00:00+05:30
nox,0.03474,2026-05-21 02:15:00+05:30
nox,0.03518,2026-05-21 02:30:00+05:30
nox,0.03525,2026-05-21 02:45:00+05:30
nox,0.03539,2026-05-21 03:00:00+05:30
nox,0.03517,2026-05-21 03:15:00+05:30
nox,0.0351,2026-05-21 03:30:00+05:30
nox,0.03505,2026-05-21 03:45:00+05:30
nox,0.03513,2026-05-21 04:15:00+05:30
nox,0.03523,2026-05-21 04:30:00+05:30
nox,0.03525,2026-05-21 04:45:00+05:30
nox,0.03516,2026-05-21 05:00:00+05:30
nox,0.03501,2026-05-21 05:15:00+05:30
nox,0.03502,2026-05-21 05:30:00+05:30
nox,0.03499,2026-05-21 05:45:00+05:30
nox,0.03529,2026-05-21 06:45:00+05:30
nox,0.03513,2026-05-21 07:00:00+05:30
nox,0.03508,2026-05-21 07:15:00+05:30
nox,0.03512,2026-05-21 07:30:00+05:30
nox,0.03541,2026-05-21 07:45:00+05:30
nox,0.03505,2026-05-21 08:00:00+05:30
nox,0.03208,2026-05-21 08:15:00+05:30
nox,0.02621,2026-05-21 08:30:00+05:30
nox,0.02527,2026-05-21 08:45:00+05:30
nox,0.02537,2026-05-21 09:00:00+05:30
nox,0.02479,2026-05-21 09:15:00+05:30
nox,0.02485,2026-05-21 09:30:00+05:30
nox,0.02505,2026-05-21 09:45:00+05:30
nox,0.02514,2026-05-21 10:00:00+05:30
nox,0.0261,2026-05-21 10:15:00+05:30
nox,0.02736,2026-05-21 10:30:00+05:30
nox,0.0280599999999999,2026-05-21 10:45:00+05:30
nox,0.02804,2026-05-21 11:00:00+05:30
nox,0.0280599999999999,2026-05-21 11:15:00+05:30
nox,0.0281,2026-05-21 11:30:00+05:30
nox,0.02844,2026-05-21 11:45:00+05:30
nox,0.02835,2026-05-21 12:00:00+05:30
nox,0.02931,2026-05-21 12:15:00+05:30
nox,0.03425,2026-05-21 12:30:00+05:30
nox,0.034,2026-05-21 12:45:00+05:30
nox,0.03326,2026-05-21 13:00:00+05:30
nox,0.03345,2026-05-21 13:15:00+05:30
nox,0.03455,2026-05-21 13:30:00+05:30
nox,0.03497,2026-05-21 13:45:00+05:30
nox,0.03538,2026-05-21 14:30:00+05:30
nox,0.03755,2026-05-21 14:45:00+05:30
nox,0.03983,2026-05-21 15:00:00+05:30
nox,0.0403699999999999,2026-05-21 15:15:00+05:30
nox,0.04071,2026-05-21 15:30:00+05:30
nox,0.04068,2026-05-21 15:45:00+05:30
nox,0.04067,2026-05-21 16:00:00+05:30
nox,0.04046,2026-05-21 16:15:00+05:30
nox,0.0401199999999999,2026-05-21 16:30:00+05:30
nox,0.0399399999999999,2026-05-21 16:45:00+05:30
nox,0.03813,2026-05-21 17:00:00+05:30
nox,0.03711,2026-05-21 17:15:00+05:30
nox,0.03728,2026-05-21 17:30:00+05:30
nox,0.03689,2026-05-21 17:45:00+05:30
nox,0.03652,2026-05-21 18:00:00+05:30
nox,0.03596,2026-05-21 18:15:00+05:30
nox,0.0358599999999999,2026-05-21 18:30:00+05:30
nox,0.03596,2026-05-21 18:45:00+05:30
nox,0.03592,2026-05-21 19:00:00+05:30
nox,0.0357,2026-05-21 19:15:00+05:30
nox,0.03581,2026-05-21 19:30:00+05:30
nox,0.03594,2026-05-21 19:45:00+05:30
nox,0.0361099999999999,2026-05-21 20:00:00+05:30
nox,0.03602,2026-05-21 20:15:00+05:30
nox,0.03602,2026-05-21 20:30:00+05:30
nox,0.03637,2026-05-21 20:45:00+05:30
nox,0.03638,2026-05-21 21:00:00+05:30
nox,0.0361099999999999,2026-05-21 21:15:00+05:30
nox,0.03615,2026-05-21 21:30:00+05:30
nox,0.03646,2026-05-21 21:45:00+05:30
nox,0.15794,2026-05-21 22:00:00+05:30
nox,0.02518,2026-05-21 22:15:00+05:30
nox,0.02535,2026-05-21 22:30:00+05:30
nox,0.02551,2026-05-21 22:45:00+05:30
nox,0.02522,2026-05-21 23:00:00+05:30
nox,0.02503,2026-05-21 23:15:00+05:30
nox,0.02509,2026-05-21 23:30:00+05:30
nox,0.02528,2026-05-21 23:45:00+05:30
nox,0.023,2026-05-22 00:45:00+05:30
nox,0.02246,2026-05-22 01:00:00+05:30
nox,0.02228,2026-05-22 01:15:00+05:30
nox,0.02243,2026-05-22 01:30:00+05:30
nox,0.02241,2026-05-22 01:45:00+05:30
nox,0.0223599999999999,2026-05-22 02:00:00+05:30
nox,0.02205,2026-05-22 02:15:00+05:30
nox,0.02217,2026-05-22 02:30:00+05:30
nox,0.0222699999999999,2026-05-22 02:45:00+05:30
nox,0.02237,2026-05-22 03:00:00+05:30
nox,0.02217,2026-05-22 03:15:00+05:30
nox,0.02241,2026-05-22 03:30:00+05:30
nox,0.02215,2026-05-22 03:45:00+05:30
nox,0.02234,2026-05-22 04:00:00+05:30
nox,0.02212,2026-05-22 04:15:00+05:30
nox,0.02246,2026-05-22 04:45:00+05:30
nox,0.0226099999999999,2026-05-22 05:00:00+05:30
nox,0.0225,2026-05-22 05:15:00+05:30
nox,0.02229,2026-05-22 05:30:00+05:30
nox,0.02223,2026-05-22 05:45:00+05:30
nox,0.02221,2026-05-22 06:00:00+05:30
nox,0.0222,2026-05-22 06:15:00+05:30
nox,0.02247,2026-05-22 06:30:00+05:30
nox,0.02212,2026-05-22 06:45:00+05:30
nox,0.02219,2026-05-22 07:00:00+05:30
nox,0.02228,2026-05-22 07:15:00+05:30
nox,0.02213,2026-05-22 07:30:00+05:30
nox,0.02222,2026-05-22 07:45:00+05:30
nox,0.02242,2026-05-22 08:00:00+05:30
nox,0.02243,2026-05-22 08:15:00+05:30
nox,0.02973,2026-05-22 08:30:00+05:30
nox,0.03196,2026-05-22 08:45:00+05:30
nox,0.03189,2026-05-22 09:00:00+05:30
nox,0.03153,2026-05-22 09:15:00+05:30
nox,0.03185,2026-05-22 09:30:00+05:30
nox,0.03196,2026-05-22 09:45:00+05:30
nox,0.03181,2026-05-22 11:45:00+05:30
nox,0.03158,2026-05-22 12:00:00+05:30
nox,0.03369,2026-05-22 12:15:00+05:30
nox,0.03879,2026-05-22 12:30:00+05:30
nox,0.03961,2026-05-22 12:45:00+05:30
nox,0.04002,2026-05-22 13:00:00+05:30
nox,0.0392,2026-05-22 13:15:00+05:30
nox,0.03882,2026-05-22 13:30:00+05:30
nox,0.03936,2026-05-22 13:45:00+05:30
nox,0.04021,2026-05-22 14:15:00+05:30
nox,0.04058,2026-05-22 14:30:00+05:30
nox,0.04031,2026-05-22 14:45:00+05:30
nox,0.04027,2026-05-22 15:00:00+05:30
nox,0.03806,2026-05-22 15:15:00+05:30
nox,0.0311299999999999,2026-05-22 15:30:00+05:30
nox,0.03066,2026-05-22 15:45:00+05:30
nox,0.0303,2026-05-22 16:00:00+05:30
nox,0.03009,2026-05-22 16:15:00+05:30
nox,0.02588,2026-05-22 16:30:00+05:30
nox,0.02258,2026-05-22 16:45:00+05:30
nox,0.02234,2026-05-22 17:15:00+05:30
nox,0.02216,2026-05-22 17:30:00+05:30
nox,0.02214,2026-05-22 17:45:00+05:30
nox,0.02207,2026-05-22 18:00:00+05:30
nox,0.02171,2026-05-22 18:15:00+05:30
nox,0.02161,2026-05-22 18:30:00+05:30
nox,0.02165,2026-05-22 18:45:00+05:30
nox,0.0212,2026-05-22 19:00:00+05:30
nox,0.02182,2026-05-22 19:15:00+05:30
nox,0.02201,2026-05-22 19:30:00+05:30
nox,0.02207,2026-05-22 19:45:00+05:30
nox,0.02206,2026-05-22 20:00:00+05:30
nox,0.02192,2026-05-22 20:15:00+05:30
nox,0.02339,2026-05-22 20:30:00+05:30
nox,0.02529,2026-05-22 20:45:00+05:30
nox,0.02562,2026-05-22 21:00:00+05:30
nox,0.0261099999999999,2026-05-22 21:15:00+05:30
nox,0.0261999999999999,2026-05-22 21:30:00+05:30
nox,0.0261,2026-05-22 21:45:00+05:30
nox,0.02607,2026-05-22 22:00:00+05:30
nox,0.02617,2026-05-22 22:15:00+05:30
nox,0.02605,2026-05-22 22:30:00+05:30
nox,0.02427,2026-05-22 22:45:00+05:30
nox,0.02317,2026-05-22 23:00:00+05:30
nox,0.0222,2026-05-22 23:15:00+05:30
nox,0.0221,2026-05-22 23:30:00+05:30
nox,0.0221,2026-05-22 23:45:00+05:30
nox,0.02221,2026-05-23 01:45:00+05:30
nox,0.02219,2026-05-23 02:00:00+05:30
nox,0.02212,2026-05-23 02:15:00+05:30
nox,0.02205,2026-05-23 02:30:00+05:30
nox,0.02212,2026-05-23 02:45:00+05:30
nox,0.0222,2026-05-23 03:00:00+05:30
nox,0.02235,2026-05-23 03:15:00+05:30
nox,0.02216,2026-05-23 03:30:00+05:30
nox,0.02208,2026-05-23 03:45:00+05:30
nox,0.02207,2026-05-23 04:00:00+05:30
nox,0.02196,2026-05-23 04:15:00+05:30
nox,0.02181,2026-05-23 04:30:00+05:30
nox,0.02198,2026-05-23 04:45:00+05:30
nox,0.02204,2026-05-23 05:00:00+05:30
nox,0.02221,2026-05-23 05:15:00+05:30
nox,0.02212,2026-05-23 05:30:00+05:30
nox,0.02206,2026-05-23 05:45:00+05:30
nox,0.02228,2026-05-23 06:00:00+05:30
nox,0.02228,2026-05-23 06:15:00+05:30
nox,0.0224,2026-05-23 06:30:00+05:30
nox,0.02239,2026-05-23 06:45:00+05:30
nox,0.0224499999999999,2026-05-23 07:00:00+05:30
nox,0.02241,2026-05-23 07:15:00+05:30
nox,0.0219299999999999,2026-05-23 07:30:00+05:30
nox,0.02208,2026-05-23 07:45:00+05:30
nox,0.0224,2026-05-23 08:00:00+05:30
nox,0.02226,2026-05-23 08:15:00+05:30
nox,0.02234,2026-05-23 08:30:00+05:30
nox,0.02243,2026-05-23 08:45:00+05:30
nox,0.02239,2026-05-23 09:00:00+05:30
nox,0.02234,2026-05-23 09:15:00+05:30
nox,0.02243,2026-05-23 09:30:00+05:30
nox,0.02308,2026-05-23 09:45:00+05:30
nox,0.02818,2026-05-23 10:00:00+05:30
nox,0.03185,2026-05-23 10:15:00+05:30
nox,0.03202,2026-05-23 10:30:00+05:30
nox,0.03199,2026-05-23 10:45:00+05:30
nox,0.03201,2026-05-23 11:00:00+05:30
nox,0.03206,2026-05-23 11:15:00+05:30
nox,0.0319,2026-05-23 11:30:00+05:30
nox,0.03185,2026-05-23 11:45:00+05:30
nox,0.03224,2026-05-23 12:00:00+05:30
nox,0.0321599999999999,2026-05-23 12:15:00+05:30
nox,0.0321899999999999,2026-05-23 12:30:00+05:30
nox,0.0320499999999999,2026-05-23 12:45:00+05:30
nox,0.03197,2026-05-23 13:00:00+05:30
nox,0.03974,2026-05-23 13:15:00+05:30
nox,0.04187,2026-05-23 13:30:00+05:30
nox,0.04209,2026-05-23 13:45:00+05:30
nox,0.04177,2026-05-23 14:00:00+05:30
nox,0.04178,2026-05-23 14:15:00+05:30
nox,0.04201,2026-05-23 14:30:00+05:30
nox,0.04212,2026-05-23 14:45:00+05:30
nox,0.04228,2026-05-23 15:15:00+05:30
nox,0.04221,2026-05-23 15:30:00+05:30
nox,0.0421,2026-05-23 15:45:00+05:30
nox,0.04209,2026-05-23 16:00:00+05:30
nox,0.04205,2026-05-23 16:15:00+05:30
nox,0.04207,2026-05-23 16:30:00+05:30
nox,0.04218,2026-05-23 16:45:00+05:30
nox,0.04244,2026-05-23 17:00:00+05:30
nox,0.04218,2026-05-23 17:15:00+05:30
nox,0.04232,2026-05-23 17:30:00+05:30
nox,0.04203,2026-05-23 17:45:00+05:30
nox,0.04209,2026-05-23 18:00:00+05:30
nox,0.04209,2026-05-23 18:15:00+05:30
nox,0.0423,2026-05-23 18:30:00+05:30
nox,0.04217,2026-05-23 18:45:00+05:30
nox,0.04032,2026-05-23 19:00:00+05:30
nox,0.0322,2026-05-23 19:15:00+05:30
nox,0.03178,2026-05-23 19:30:00+05:30
nox,0.0315,2026-05-23 19:45:00+05:30
nox,0.03188,2026-05-23 20:00:00+05:30
nox,0.03243,2026-05-23 20:15:00+05:30
nox,0.0325499999999999,2026-05-23 20:30:00+05:30
nox,0.03235,2026-05-23 20:45:00+05:30
nox,0.03245,2026-05-23 21:00:00+05:30
nox,0.0326599999999999,2026-05-23 21:15:00+05:30
nox,0.0322999999999999,2026-05-23 21:30:00+05:30
nox,0.03257,2026-05-23 21:45:00+05:30
nox,0.0322999999999999,2026-05-23 22:00:00+05:30
nox,0.03209,2026-05-23 22:15:00+05:30
nox,0.03151,2026-05-23 22:30:00+05:30
nox,0.02386,2026-05-23 22:45:00+05:30
nox,0.02233,2026-05-23 23:00:00+05:30
nox,0.02223,2026-05-23 23:15:00+05:30
nox,0.0223,2026-05-23 23:30:00+05:30
nox,0.02224,2026-05-23 23:45:00+05:30
nox,0.0221099999999999,2026-05-24 01:45:00+05:30
nox,0.02197,2026-05-24 02:00:00+05:30
nox,0.02214,2026-05-24 02:15:00+05:30
nox,0.0223,2026-05-24 02:30:00+05:30
nox,0.02217,2026-05-24 02:45:00+05:30
nox,0.0221,2026-05-24 03:00:00+05:30
nox,0.02213,2026-05-24 03:15:00+05:30
nox,0.02222,2026-05-24 03:30:00+05:30
nox,0.02233,2026-05-24 03:45:00+05:30
nox,0.02233,2026-05-24 04:00:00+05:30
nox,0.02232,2026-05-24 04:15:00+05:30
nox,0.02215,2026-05-24 04:30:00+05:30
nox,0.02228,2026-05-24 04:45:00+05:30
nox,0.02213,2026-05-24 05:00:00+05:30
nox,0.02212,2026-05-24 05:15:00+05:30
nox,0.02231,2026-05-24 05:30:00+05:30
nox,0.02241,2026-05-24 05:45:00+05:30
nox,0.02248,2026-05-24 06:00:00+05:30
nox,0.02262,2026-05-24 06:15:00+05:30
nox,0.02264,2026-05-24 06:30:00+05:30
nox,0.02229,2026-05-24 06:45:00+05:30
nox,0.0221099999999999,2026-05-24 07:00:00+05:30
nox,0.02198,2026-05-24 07:15:00+05:30
nox,0.0221,2026-05-24 07:30:00+05:30
nox,0.0222,2026-05-24 07:45:00+05:30
nox,0.02237,2026-05-24 08:00:00+05:30
nox,0.02216,2026-05-24 08:30:00+05:30
nox,0.02219,2026-05-24 08:45:00+05:30
nox,0.02208,2026-05-24 09:00:00+05:30
nox,0.02214,2026-05-24 09:15:00+05:30
nox,0.02249,2026-05-24 09:30:00+05:30
nox,0.02225,2026-05-24 09:45:00+05:30
nox,0.028,2026-05-24 10:00:00+05:30
nox,0.0316,2026-05-24 10:15:00+05:30
nox,0.03185,2026-05-24 10:30:00+05:30
nox,0.03207,2026-05-24 10:45:00+05:30
nox,0.0319,2026-05-24 11:00:00+05:30
nox,0.03208,2026-05-24 11:15:00+05:30
nox,0.03202,2026-05-24 11:30:00+05:30
nox,0.03232,2026-05-24 11:45:00+05:30
nox,0.03258,2026-05-24 12:00:00+05:30
nox,0.03344,2026-05-24 12:15:00+05:30
nox,0.04114,2026-05-24 12:30:00+05:30
nox,0.04224,2026-05-24 12:45:00+05:30
nox,0.04247,2026-05-24 13:00:00+05:30
nox,0.04229,2026-05-24 13:15:00+05:30
nox,0.04229,2026-05-24 13:30:00+05:30
nox,0.04205,2026-05-24 13:45:00+05:30
nox,0.0421,2026-05-24 14:00:00+05:30
nox,0.04208,2026-05-24 14:15:00+05:30
nox,0.04238,2026-05-24 14:30:00+05:30
nox,0.04217,2026-05-24 14:45:00+05:30
nox,0.04183,2026-05-24 15:00:00+05:30
nox,0.0418,2026-05-24 15:15:00+05:30
nox,0.04202,2026-05-24 15:30:00+05:30
nox,0.04226,2026-05-24 15:45:00+05:30
nox,0.04185,2026-05-24 16:00:00+05:30
nox,0.04174,2026-05-24 16:15:00+05:30
nox,0.04181,2026-05-24 16:30:00+05:30
nox,0.04192,2026-05-24 16:45:00+05:30
nox,0.04208,2026-05-24 17:15:00+05:30
nox,0.04208,2026-05-24 17:30:00+05:30
nox,0.04203,2026-05-24 17:45:00+05:30
nox,0.04231,2026-05-24 18:00:00+05:30
nox,0.04184,2026-05-24 18:15:00+05:30
nox,0.04177,2026-05-24 18:30:00+05:30
nox,0.04189,2026-05-24 18:45:00+05:30
nox,0.04204,2026-05-24 19:00:00+05:30
nox,0.04155,2026-05-24 19:15:00+05:30
nox,0.02975,2026-05-24 19:45:00+05:30
nox,0.02997,2026-05-24 20:00:00+05:30
nox,0.03043,2026-05-24 20:15:00+05:30
nox,0.03044,2026-05-24 20:30:00+05:30
nox,0.03009,2026-05-24 20:45:00+05:30
nox,0.03033,2026-05-24 21:00:00+05:30
nox,0.03032,2026-05-24 21:15:00+05:30
nox,0.03012,2026-05-24 21:30:00+05:30
nox,0.03044,2026-05-24 21:45:00+05:30
nox,0.03041,2026-05-24 22:00:00+05:30
nox,0.03048,2026-05-24 22:15:00+05:30
nox,0.03033,2026-05-24 22:30:00+05:30
nox,0.03034,2026-05-24 22:45:00+05:30
nox,0.03015,2026-05-24 23:00:00+05:30
nox,0.03033,2026-05-24 23:15:00+05:30
nox,0.03012,2026-05-24 23:30:00+05:30
nox,0.0301,2026-05-24 23:45:00+05:30
nox,0.02238,2026-05-25 00:45:00+05:30
nox,0.02175,2026-05-25 01:00:00+05:30
nox,0.02184,2026-05-25 01:15:00+05:30
nox,0.02194,2026-05-25 01:30:00+05:30
nox,0.02215,2026-05-25 01:45:00+05:30
nox,0.02222,2026-05-25 02:00:00+05:30
nox,0.02229,2026-05-25 02:15:00+05:30
nox,0.02243,2026-05-25 02:30:00+05:30
nox,0.02237,2026-05-25 02:45:00+05:30
nox,0.02203,2026-05-25 03:00:00+05:30
nox,0.02204,2026-05-25 03:15:00+05:30
nox,0.0222699999999999,2026-05-25 03:30:00+05:30
nox,0.022,2026-05-25 03:45:00+05:30
nox,0.02225,2026-05-25 04:00:00+05:30
nox,0.02214,2026-05-25 04:15:00+05:30
nox,0.0216,2026-05-25 04:30:00+05:30
nox,0.02169,2026-05-25 04:45:00+05:30
nox,0.02172,2026-05-25 05:00:00+05:30
nox,0.02192,2026-05-25 05:15:00+05:30
nox,0.02198,2026-05-25 05:30:00+05:30
nox,0.02171,2026-05-25 05:45:00+05:30
nox,0.02197,2026-05-25 06:00:00+05:30
nox,0.02225,2026-05-25 06:15:00+05:30
nox,0.02219,2026-05-25 06:30:00+05:30
nox,0.02226,2026-05-25 06:45:00+05:30
nox,0.0223599999999999,2026-05-25 07:00:00+05:30
nox,0.02238,2026-05-25 07:15:00+05:30
nox,0.02228,2026-05-25 07:30:00+05:30
nox,0.02228,2026-05-25 07:45:00+05:30
nox,0.02224,2026-05-25 08:00:00+05:30
nox,0.02231,2026-05-25 08:15:00+05:30
nox,0.02233,2026-05-25 08:30:00+05:30
nox,0.02276,2026-05-25 08:45:00+05:30
nox,0.0226,2026-05-25 09:00:00+05:30
nox,0.02259,2026-05-25 09:15:00+05:30
nox,0.02949,2026-05-25 09:30:00+05:30
nox,0.03185,2026-05-25 09:45:00+05:30
nox,0.03214,2026-05-25 10:00:00+05:30
nox,0.03217,2026-05-25 10:30:00+05:30
nox,0.03217,2026-05-25 10:45:00+05:30
nox,0.03202,2026-05-25 11:15:00+05:30
nox,0.04516,2026-05-25 12:45:00+05:30
nox,0.04401,2026-05-25 13:00:00+05:30
nox,0.03554,2026-05-25 13:15:00+05:30
nox,0.03485,2026-05-25 13:30:00+05:30
nox,0.03476,2026-05-25 13:45:00+05:30
nox,0.03489,2026-05-25 14:00:00+05:30
nox,0.03498,2026-05-25 14:15:00+05:30
nox,0.0348,2026-05-25 14:30:00+05:30
nox,0.03396,2026-05-25 15:00:00+05:30
nox,0.03188,2026-05-25 15:15:00+05:30
nox,0.0308,2026-05-25 15:30:00+05:30
nox,0.03046,2026-05-25 15:45:00+05:30
nox,0.03041,2026-05-25 16:00:00+05:30
nox,0.02897,2026-05-25 16:15:00+05:30
nox,0.02086,2026-05-25 16:30:00+05:30
nox,0.01998,2026-05-25 16:45:00+05:30
nox,0.02002,2026-05-25 17:00:00+05:30
nox,0.02001,2026-05-25 17:15:00+05:30
nox,0.01953,2026-05-25 17:45:00+05:30
nox,0.01976,2026-05-25 18:00:00+05:30
nox,0.01977,2026-05-25 18:15:00+05:30
nox,0.01967,2026-05-25 18:30:00+05:30
nox,0.01991,2026-05-25 18:45:00+05:30
nox,0.02013,2026-05-25 19:00:00+05:30
nox,0.02009,2026-05-25 19:15:00+05:30
nox,0.02036,2026-05-25 19:30:00+05:30
nox,0.02029,2026-05-25 19:45:00+05:30
nox,0.01993,2026-05-25 20:00:00+05:30
nox,0.02019,2026-05-25 20:15:00+05:30
nox,0.02032,2026-05-25 20:30:00+05:30
nox,0.01986,2026-05-25 20:45:00+05:30
nox,0.02009,2026-05-25 21:00:00+05:30
nox,0.02019,2026-05-25 21:15:00+05:30
nox,0.02003,2026-05-25 21:30:00+05:30
nox,0.02187,2026-05-25 21:45:00+05:30
nox,0.02367,2026-05-25 22:00:00+05:30
nox,0.02438,2026-05-25 22:15:00+05:30
nox,0.0247,2026-05-25 22:30:00+05:30
nox,0.02469,2026-05-25 22:45:00+05:30
nox,0.02496,2026-05-25 23:00:00+05:30
nox,0.0250799999999999,2026-05-25 23:15:00+05:30
nox,0.02538,2026-05-25 23:30:00+05:30
nox,0.02515,2026-05-25 23:45:00+05:30
nox,0.02028,2026-05-26 00:45:00+05:30
nox,0.02011,2026-05-26 01:00:00+05:30
nox,0.02007,2026-05-26 01:15:00+05:30
nox,0.01996,2026-05-26 01:30:00+05:30
nox,0.02014,2026-05-26 01:45:00+05:30
nox,0.0203999999999999,2026-05-26 02:00:00+05:30
nox,0.02041,2026-05-26 02:15:00+05:30
nox,0.02036,2026-05-26 02:30:00+05:30
nox,0.02042,2026-05-26 02:45:00+05:30
nox,0.02019,2026-05-26 03:00:00+05:30
nox,0.02016,2026-05-26 03:15:00+05:30
nox,0.02007,2026-05-26 03:30:00+05:30
nox,0.02012,2026-05-26 03:45:00+05:30
nox,0.02023,2026-05-26 04:00:00+05:30
nox,0.02029,2026-05-26 04:15:00+05:30
nox,0.0203,2026-05-26 04:30:00+05:30
nox,0.02034,2026-05-26 04:45:00+05:30
nox,0.0203099999999999,2026-05-26 05:00:00+05:30
nox,0.02036,2026-05-26 05:15:00+05:30
nox,0.0205,2026-05-26 05:30:00+05:30
nox,0.02055,2026-05-26 05:45:00+05:30
nox,0.0205799999999999,2026-05-26 06:00:00+05:30
nox,0.02039,2026-05-26 06:15:00+05:30
nox,0.02028,2026-05-26 06:30:00+05:30
nox,0.02042,2026-05-26 06:45:00+05:30
nox,0.0202399999999999,2026-05-26 07:00:00+05:30
nox,0.02025,2026-05-26 07:15:00+05:30
nox,0.02028,2026-05-26 07:30:00+05:30
nox,0.02009,2026-05-26 07:45:00+05:30
nox,0.02001,2026-05-26 08:00:00+05:30
nox,0.0201499999999999,2026-05-26 08:15:00+05:30
nox,0.02062,2026-05-26 08:30:00+05:30
nox,0.02284,2026-05-26 08:45:00+05:30
nox,0.02439,2026-05-26 09:00:00+05:30
nox,0.02488,2026-05-26 09:15:00+05:30
nox,0.02521,2026-05-26 10:45:00+05:30
nox,0.0279899999999999,2026-05-26 11:15:00+05:30
nox,0.0295,2026-05-26 11:30:00+05:30
nox,0.02971,2026-05-26 11:45:00+05:30
nox,0.02998,2026-05-26 12:00:00+05:30
nox,0.03006,2026-05-26 12:15:00+05:30
nox,0.03006,2026-05-26 12:30:00+05:30
nox,0.02981,2026-05-26 12:45:00+05:30
nox,0.0303599999999999,2026-05-26 13:00:00+05:30
nox,0.0301,2026-05-26 13:15:00+05:30
nox,0.02978,2026-05-26 13:30:00+05:30
nox,0.02994,2026-05-26 13:45:00+05:30
nox,0.03013,2026-05-26 14:00:00+05:30
nox,0.0299,2026-05-26 14:15:00+05:30
nox,0.02979,2026-05-26 14:30:00+05:30
nox,0.02687,2026-05-26 15:00:00+05:30
nox,0.0272399999999999,2026-05-26 15:15:00+05:30
nox,0.02816,2026-05-26 15:45:00+05:30
nox,0.02828,2026-05-26 16:00:00+05:30
nox,0.0282399999999999,2026-05-26 16:15:00+05:30
nox,0.02831,2026-05-26 16:30:00+05:30
nox,0.02841,2026-05-26 16:45:00+05:30
nox,0.02842,2026-05-26 17:00:00+05:30
nox,0.02717,2026-05-26 17:15:00+05:30
nox,0.02623,2026-05-26 17:30:00+05:30
nox,0.02562,2026-05-26 17:45:00+05:30
nox,0.02541,2026-05-26 18:00:00+05:30
nox,0.02545,2026-05-26 18:15:00+05:30
nox,0.02512,2026-05-26 18:30:00+05:30
nox,0.0248,2026-05-26 18:45:00+05:30
nox,0.02517,2026-05-26 19:00:00+05:30
nox,0.02527,2026-05-26 19:15:00+05:30
nox,0.02506,2026-05-26 19:30:00+05:30
nox,0.02491,2026-05-26 19:45:00+05:30
nox,0.02516,2026-05-26 20:15:00+05:30
nox,0.02538,2026-05-26 20:30:00+05:30
nox,0.02532,2026-05-26 20:45:00+05:30
nox,0.0254,2026-05-26 21:30:00+05:30
nox,0.02506,2026-05-26 21:45:00+05:30
nox,0.02525,2026-05-26 22:00:00+05:30
nox,0.02523,2026-05-26 22:15:00+05:30
nox,0.02537,2026-05-26 22:30:00+05:30
nox,0.02534,2026-05-26 22:45:00+05:30
nox,0.0255899999999999,2026-05-26 23:00:00+05:30
nox,0.02515,2026-05-26 23:15:00+05:30
nox,0.02548,2026-05-26 23:30:00+05:30
nox,0.0253,2026-05-26 23:45:00+05:30
nox,0.0254,2026-05-27 00:45:00+05:30
nox,0.02555,2026-05-27 01:00:00+05:30
nox,0.02557,2026-05-27 01:15:00+05:30
nox,0.02545,2026-05-27 01:30:00+05:30
nox,0.02539,2026-05-27 01:45:00+05:30
nox,0.02547,2026-05-27 02:00:00+05:30
nox,0.02541,2026-05-27 02:15:00+05:30
nox,0.02546,2026-05-27 02:30:00+05:30
nox,0.02542,2026-05-27 02:45:00+05:30
nox,0.02518,2026-05-27 03:00:00+05:30
nox,0.02493,2026-05-27 03:15:00+05:30
nox,0.02496,2026-05-27 03:30:00+05:30
nox,0.0251,2026-05-27 03:45:00+05:30
nox,0.025,2026-05-27 04:00:00+05:30
nox,0.02511,2026-05-27 04:15:00+05:30
nox,0.02502,2026-05-27 04:30:00+05:30
nox,0.02512,2026-05-27 04:45:00+05:30
nox,0.0253,2026-05-27 05:00:00+05:30
nox,0.02528,2026-05-27 05:15:00+05:30
nox,0.02513,2026-05-27 05:30:00+05:30
nox,0.02526,2026-05-27 05:45:00+05:30
nox,0.02525,2026-05-27 06:00:00+05:30
nox,0.02539,2026-05-27 06:15:00+05:30
nox,0.02523,2026-05-27 06:30:00+05:30
nox,0.02496,2026-05-27 06:45:00+05:30
nox,0.02498,2026-05-27 07:00:00+05:30
nox,0.02511,2026-05-27 07:15:00+05:30
nox,0.02584,2026-05-27 07:30:00+05:30
nox,0.02851,2026-05-27 07:45:00+05:30
nox,0.02976,2026-05-27 08:00:00+05:30
nox,0.02996,2026-05-27 08:15:00+05:30
nox,0.02878,2026-05-27 08:30:00+05:30
nox,0.02097,2026-05-27 08:45:00+05:30
nox,0.02046,2026-05-27 09:00:00+05:30
nox,0.0200799999999999,2026-05-27 09:15:00+05:30
nox,0.0201,2026-05-27 09:30:00+05:30
nox,0.02021,2026-05-27 09:45:00+05:30
nox,0.0202399999999999,2026-05-27 10:00:00+05:30
nox,0.01988,2026-05-27 10:15:00+05:30
nox,0.02003,2026-05-27 10:30:00+05:30
nox,0.02021,2026-05-27 10:45:00+05:30
nox,0.02059,2026-05-27 11:00:00+05:30
nox,0.02463,2026-05-27 11:15:00+05:30
nox,0.03048,2026-05-27 11:30:00+05:30
nox,0.02997,2026-05-27 12:00:00+05:30
nox,0.02986,2026-05-27 12:15:00+05:30
nox,0.03012,2026-05-27 12:30:00+05:30
nox,0.03008,2026-05-27 12:45:00+05:30
nox,0.04336,2026-05-27 17:45:00+05:30
nox,0.03431,2026-05-27 18:00:00+05:30
nox,0.03271,2026-05-27 18:15:00+05:30
nox,0.0322,2026-05-27 18:30:00+05:30
nox,0.03225,2026-05-27 18:45:00+05:30
nox,0.0321599999999999,2026-05-27 19:00:00+05:30
nox,0.03209,2026-05-27 19:15:00+05:30
nox,0.03121,2026-05-27 19:30:00+05:30
nox,0.0319,2026-05-27 19:45:00+05:30
nox,0.0324099999999999,2026-05-27 20:00:00+05:30
nox,0.03258,2026-05-27 20:15:00+05:30
nox,0.0325499999999999,2026-05-27 20:30:00+05:30
nox,0.03208,2026-05-27 20:45:00+05:30
nox,0.03226,2026-05-27 21:00:00+05:30
nox,0.03242,2026-05-27 21:15:00+05:30
nox,0.03246,2026-05-27 21:30:00+05:30
nox,0.03247,2026-05-27 21:45:00+05:30
nox,0.0325,2026-05-27 22:00:00+05:30
nox,0.0322299999999999,2026-05-27 22:15:00+05:30
nox,0.03202,2026-05-27 22:30:00+05:30
nox,0.0322999999999999,2026-05-27 22:45:00+05:30
nox,0.03234,2026-05-27 23:00:00+05:30
nox,0.03179,2026-05-27 23:15:00+05:30
nox,0.02348,2026-05-27 23:30:00+05:30
nox,0.0221099999999999,2026-05-27 23:45:00+05:30
nox,0.02222,2026-05-28 00:45:00+05:30
nox,0.02229,2026-05-28 01:00:00+05:30
nox,0.02201,2026-05-28 01:15:00+05:30
nox,0.022,2026-05-28 01:30:00+05:30
nox,0.02238,2026-05-28 01:45:00+05:30
nox,0.0224499999999999,2026-05-28 02:00:00+05:30
nox,0.02239,2026-05-28 02:15:00+05:30
nox,0.02243,2026-05-28 02:30:00+05:30
nox,0.02225,2026-05-28 02:45:00+05:30
nox,0.02228,2026-05-28 03:00:00+05:30
nox,0.02212,2026-05-28 03:15:00+05:30
nox,0.02175,2026-05-28 03:30:00+05:30
nox,0.02199,2026-05-28 03:45:00+05:30
nox,0.02239,2026-05-28 04:00:00+05:30
nox,0.02237,2026-05-28 04:15:00+05:30
nox,0.02222,2026-05-28 04:30:00+05:30
nox,0.02222,2026-05-28 04:45:00+05:30
nox,0.02225,2026-05-28 05:00:00+05:30
nox,0.02242,2026-05-28 05:15:00+05:30
nox,0.02242,2026-05-28 05:30:00+05:30
nox,0.02215,2026-05-28 05:45:00+05:30
nox,0.02214,2026-05-28 06:00:00+05:30
nox,0.02232,2026-05-28 06:15:00+05:30
nox,0.0225399999999999,2026-05-28 06:30:00+05:30
nox,0.02257,2026-05-28 06:45:00+05:30
nox,0.02247,2026-05-28 07:00:00+05:30
nox,0.02232,2026-05-28 07:15:00+05:30
nox,0.02212,2026-05-28 07:30:00+05:30
nox,0.02212,2026-05-28 07:45:00+05:30
nox,0.02484,2026-05-28 08:00:00+05:30
nox,0.02903,2026-05-28 08:15:00+05:30
nox,0.02928,2026-05-28 08:30:00+05:30
nox,0.02925,2026-05-28 08:45:00+05:30
nox,0.02907,2026-05-28 09:00:00+05:30
nox,0.02918,2026-05-28 09:15:00+05:30
nox,0.02899,2026-05-28 09:30:00+05:30
nox,0.02914,2026-05-28 09:45:00+05:30
nox,0.02932,2026-05-28 10:00:00+05:30
nox,0.02938,2026-05-28 10:15:00+05:30
nox,0.02936,2026-05-28 10:30:00+05:30
nox,0.02916,2026-05-28 10:45:00+05:30
nox,0.02923,2026-05-28 11:00:00+05:30
nox,0.02913,2026-05-28 11:15:00+05:30
nox,0.02928,2026-05-28 11:30:00+05:30
nox,0.03302,2026-05-28 11:45:00+05:30
nox,0.03702,2026-05-28 12:00:00+05:30
nox,0.0380799999999999,2026-05-28 12:15:00+05:30
nox,0.03821,2026-05-28 12:30:00+05:30
nox,0.03832,2026-05-28 12:45:00+05:30
nox,0.0378299999999999,2026-05-28 13:00:00+05:30
nox,0.0377599999999999,2026-05-28 13:15:00+05:30
nox,0.03804,2026-05-28 13:30:00+05:30
nox,0.03845,2026-05-28 13:45:00+05:30
nox,0.0383699999999999,2026-05-28 14:00:00+05:30
nox,0.0363599999999999,2026-05-28 14:15:00+05:30
nox,0.03058,2026-05-28 14:30:00+05:30
nox,0.03027,2026-05-28 14:45:00+05:30
nox,0.03026,2026-05-28 15:00:00+05:30
nox,0.0301099999999999,2026-05-28 15:15:00+05:30
nox,0.0300199999999999,2026-05-28 15:30:00+05:30
nox,0.03016,2026-05-28 15:45:00+05:30
nox,0.02751,2026-05-28 16:15:00+05:30
nox,0.02271,2026-05-28 16:45:00+05:30
nox,0.0222,2026-05-28 17:15:00+05:30
nox,0.02218,2026-05-28 17:30:00+05:30
nox,0.02232,2026-05-28 17:45:00+05:30
nox,0.02185,2026-05-28 18:45:00+05:30
nox,0.0219,2026-05-28 19:00:00+05:30
nox,0.02198,2026-05-28 19:15:00+05:30
nox,0.02196,2026-05-28 19:30:00+05:30
nox,0.02175,2026-05-28 19:45:00+05:30
nox,0.02182,2026-05-28 20:45:00+05:30
nox,0.02238,2026-05-28 22:45:00+05:30
nox,0.0223599999999999,2026-05-28 23:00:00+05:30
nox,0.02216,2026-05-28 23:15:00+05:30
nox,0.02186,2026-05-28 23:30:00+05:30
nox,0.02187,2026-05-28 23:45:00+05:30
nox,0.02212,2026-05-29 00:45:00+05:30
nox,0.0220199999999999,2026-05-29 01:00:00+05:30
nox,0.02207,2026-05-29 01:15:00+05:30
nox,0.02208,2026-05-29 01:30:00+05:30
nox,0.02201,2026-05-29 01:45:00+05:30
nox,0.02171,2026-05-29 02:00:00+05:30
nox,0.02196,2026-05-29 02:15:00+05:30
nox,0.0223,2026-05-29 02:30:00+05:30
nox,0.0224499999999999,2026-05-29 02:45:00+05:30
nox,0.02247,2026-05-29 03:00:00+05:30
nox,0.02251,2026-05-29 03:15:00+05:30
nox,0.02215,2026-05-29 03:30:00+05:30
nox,0.02219,2026-05-29 03:45:00+05:30
nox,0.0222,2026-05-29 04:00:00+05:30
nox,0.02218,2026-05-29 04:15:00+05:30
nox,0.0223,2026-05-29 04:30:00+05:30
nox,0.02208,2026-05-29 04:45:00+05:30
nox,0.02198,2026-05-29 05:00:00+05:30
nox,0.02224,2026-05-29 05:15:00+05:30
nox,0.0223,2026-05-29 05:30:00+05:30
nox,0.02179,2026-05-29 05:45:00+05:30
nox,0.02165,2026-05-29 06:00:00+05:30
nox,0.02185,2026-05-29 06:15:00+05:30
nox,0.02194,2026-05-29 06:30:00+05:30
nox,0.02192,2026-05-29 06:45:00+05:30
nox,0.03004,2026-05-29 07:00:00+05:30
nox,0.03184,2026-05-29 07:15:00+05:30
nox,0.03182,2026-05-29 07:30:00+05:30
nox,0.03179,2026-05-29 07:45:00+05:30
nox,0.0320499999999999,2026-05-29 08:00:00+05:30
nox,0.03214,2026-05-29 08:15:00+05:30
nox,0.03206,2026-05-29 08:30:00+05:30
nox,0.03171,2026-05-29 08:45:00+05:30
nox,0.0314,2026-05-29 09:00:00+05:30
nox,0.03168,2026-05-29 09:15:00+05:30
nox,0.03174,2026-05-29 09:30:00+05:30
nox,0.0320499999999999,2026-05-29 09:45:00+05:30
nox,0.0315,2026-05-29 10:00:00+05:30
nox,0.03197,2026-05-29 10:15:00+05:30
nox,0.03211,2026-05-29 10:30:00+05:30
nox,0.03256,2026-05-29 10:45:00+05:30
nox,0.03482,2026-05-29 11:00:00+05:30
nox,0.04192,2026-05-29 11:15:00+05:30
nox,0.04205,2026-05-29 11:30:00+05:30
nox,0.04248,2026-05-29 11:45:00+05:30
nox,0.04234,2026-05-29 13:00:00+05:30
nox,0.04244,2026-05-29 13:15:00+05:30
nox,0.04225,2026-05-29 13:30:00+05:30
nox,0.04196,2026-05-29 13:45:00+05:30
nox,0.04244,2026-05-29 14:00:00+05:30
nox,0.04237,2026-05-29 14:15:00+05:30
nox,0.03619,2026-05-29 14:30:00+05:30
nox,0.018,2026-05-29 15:45:00+05:30
nox,0.04503,2026-05-29 16:00:00+05:30
nox,0.04304,2026-05-29 16:15:00+05:30
nox,0.04109,2026-05-29 16:30:00+05:30
nox,0.03744,2026-05-29 16:45:00+05:30
nox,0.0317,2026-05-29 17:00:00+05:30
nox,0.03116,2026-05-29 17:15:00+05:30
nox,0.03151,2026-05-29 17:30:00+05:30
nox,0.03158,2026-05-29 17:45:00+05:30
nox,0.03187,2026-05-29 18:00:00+05:30
nox,0.0321599999999999,2026-05-29 18:15:00+05:30
nox,0.03191,2026-05-29 18:30:00+05:30
nox,0.0317,2026-05-29 18:45:00+05:30
nox,0.03157,2026-05-29 19:00:00+05:30
nox,0.03204,2026-05-29 19:15:00+05:30
nox,0.03185,2026-05-29 19:30:00+05:30
nox,0.03163,2026-05-29 19:45:00+05:30
nox,0.03167,2026-05-29 20:00:00+05:30
nox,0.03181,2026-05-29 20:15:00+05:30
nox,0.03189,2026-05-29 20:30:00+05:30
nox,0.03162,2026-05-29 20:45:00+05:30
nox,0.0324099999999999,2026-05-29 21:00:00+05:30
nox,0.04034,2026-05-29 21:15:00+05:30
nox,0.0419,2026-05-29 21:30:00+05:30
nox,0.04203,2026-05-29 21:45:00+05:30
nox,0.04219,2026-05-29 22:00:00+05:30
nox,0.04204,2026-05-29 22:15:00+05:30
nox,0.03706,2026-05-29 22:30:00+05:30
nox,0.0326199999999999,2026-05-29 22:45:00+05:30
nox,0.03229,2026-05-29 23:00:00+05:30
nox,0.03268,2026-05-29 23:15:00+05:30
nox,0.0325499999999999,2026-05-29 23:30:00+05:30
nox,0.03276,2026-05-29 23:45:00+05:30
nox,0.03198,2026-05-30 00:45:00+05:30
nox,0.03226,2026-05-30 01:00:00+05:30
nox,0.03225,2026-05-30 01:15:00+05:30
nox,0.03229,2026-05-30 01:30:00+05:30
nox,0.0323699999999999,2026-05-30 01:45:00+05:30
nox,0.03214,2026-05-30 02:00:00+05:30
nox,0.03209,2026-05-30 02:15:00+05:30
nox,0.03211,2026-05-30 02:30:00+05:30
nox,0.03201,2026-05-30 02:45:00+05:30
nox,0.03199,2026-05-30 03:00:00+05:30
nox,0.03222,2026-05-30 03:15:00+05:30
nox,0.03224,2026-05-30 03:30:00+05:30
nox,0.03239,2026-05-30 03:45:00+05:30
nox,0.03226,2026-05-30 04:00:00+05:30
nox,0.0325,2026-05-30 04:15:00+05:30
nox,0.03231,2026-05-30 04:30:00+05:30
nox,0.0321599999999999,2026-05-30 04:45:00+05:30
nox,0.03206,2026-05-30 05:00:00+05:30
nox,0.03238,2026-05-30 05:15:00+05:30
nox,0.03234,2026-05-30 05:30:00+05:30
nox,0.0324099999999999,2026-05-30 05:45:00+05:30
nox,0.03201,2026-05-30 06:00:00+05:30
nox,0.0321199999999999,2026-05-30 06:15:00+05:30
nox,0.03198,2026-05-30 06:30:00+05:30
nox,0.03165,2026-05-30 06:45:00+05:30
nox,0.0254,2026-05-30 07:00:00+05:30
nox,0.0226099999999999,2026-05-30 07:15:00+05:30
nox,0.02225,2026-05-30 07:30:00+05:30
nox,0.022,2026-05-30 07:45:00+05:30
nox,0.02206,2026-05-30 08:00:00+05:30
nox,0.02231,2026-05-30 08:15:00+05:30
nox,0.02178,2026-05-30 08:30:00+05:30
nox,0.02186,2026-05-30 08:45:00+05:30
nox,0.02196,2026-05-30 09:00:00+05:30
nox,0.02209,2026-05-30 09:15:00+05:30
nox,0.0221,2026-05-30 09:30:00+05:30
nox,0.02207,2026-05-30 09:45:00+05:30
nox,0.02207,2026-05-30 10:00:00+05:30
nox,0.02231,2026-05-30 10:15:00+05:30
nox,0.02219,2026-05-30 10:30:00+05:30
nox,0.02206,2026-05-30 10:45:00+05:30
nox,0.02166,2026-05-30 11:00:00+05:30
nox,0.02194,2026-05-30 11:15:00+05:30
nox,0.02205,2026-05-30 11:30:00+05:30
nox,0.02246,2026-05-30 11:45:00+05:30
nox,0.02219,2026-05-30 12:00:00+05:30
nox,0.02189,2026-05-30 12:15:00+05:30
nox,0.02888,2026-05-30 12:30:00+05:30
nox,0.04194,2026-05-30 12:45:00+05:30
nox,0.04227,2026-05-30 13:00:00+05:30
nox,0.04181,2026-05-30 13:15:00+05:30
nox,0.04138,2026-05-30 13:30:00+05:30
nox,0.04187,2026-05-30 14:00:00+05:30
nox,0.04192,2026-05-30 14:15:00+05:30
nox,0.04206,2026-05-30 14:30:00+05:30
nox,0.04197,2026-05-30 14:45:00+05:30
nox,0.04213,2026-05-30 15:00:00+05:30
nox,0.04186,2026-05-30 15:15:00+05:30
nox,0.04255,2026-05-30 15:30:00+05:30
nox,0.04369,2026-05-30 15:45:00+05:30
nox,0.04876,2026-05-30 16:00:00+05:30
nox,0.0525,2026-05-30 16:15:00+05:30
nox,0.05357,2026-05-30 16:30:00+05:30
nox,0.0538999999999999,2026-05-30 16:45:00+05:30
nox,0.0538,2026-05-30 17:00:00+05:30
nox,0.05352,2026-05-30 17:15:00+05:30
nox,0.05409,2026-05-30 17:30:00+05:30
nox,0.054,2026-05-30 17:45:00+05:30
nox,0.0536499999999999,2026-05-30 18:00:00+05:30
nox,0.05299,2026-05-30 18:15:00+05:30
nox,0.05286,2026-05-30 18:30:00+05:30
nox,0.05255,2026-05-30 18:45:00+05:30
nox,0.05264,2026-05-30 19:00:00+05:30
nox,0.05162,2026-05-30 19:15:00+05:30
nox,0.05135,2026-05-30 19:30:00+05:30
nox,0.04423,2026-05-30 19:45:00+05:30
nox,0.04262,2026-05-30 20:00:00+05:30
nox,0.04195,2026-05-30 20:15:00+05:30
nox,0.03595,2026-05-30 20:30:00+05:30
nox,0.03232,2026-05-30 20:45:00+05:30
nox,0.03238,2026-05-30 21:00:00+05:30
nox,0.0321,2026-05-30 21:15:00+05:30
nox,0.03218,2026-05-30 21:30:00+05:30
nox,0.03226,2026-05-30 21:45:00+05:30
nox,0.02951,2026-05-30 22:00:00+05:30
nox,0.02332,2026-05-30 22:15:00+05:30
nox,0.02256,2026-05-30 22:30:00+05:30
nox,0.02218,2026-05-30 22:45:00+05:30
nox,0.02203,2026-05-30 23:00:00+05:30
nox,0.02177,2026-05-30 23:15:00+05:30
nox,0.02217,2026-05-30 23:30:00+05:30
nox,0.02212,2026-05-30 23:45:00+05:30
nox,0.02238,2026-05-31 00:45:00+05:30
nox,0.02234,2026-05-31 01:00:00+05:30
nox,0.02159,2026-05-31 01:15:00+05:30
nox,0.02179,2026-05-31 01:30:00+05:30
nox,0.0220199999999999,2026-05-31 01:45:00+05:30
nox,0.02194,2026-05-31 02:00:00+05:30
nox,0.02204,2026-05-31 02:15:00+05:30
nox,0.0222,2026-05-31 02:30:00+05:30
o3,18.53,2026-05-19 05:45:00+05:30
o3,17.79,2026-05-19 06:00:00+05:30
o3,18.35,2026-05-19 06:15:00+05:30
o3,18.02,2026-05-19 06:30:00+05:30
o3,18.18,2026-05-19 06:45:00+05:30
o3,17.99,2026-05-19 07:00:00+05:30
o3,18.43,2026-05-19 07:15:00+05:30
o3,17.91,2026-05-19 07:30:00+05:30
o3,19.07,2026-05-19 07:45:00+05:30
o3,19.07,2026-05-19 08:00:00+05:30
o3,18.34,2026-05-19 08:15:00+05:30
o3,18.61,2026-05-19 08:30:00+05:30
o3,18.28,2026-05-19 08:45:00+05:30
o3,18.96,2026-05-19 09:00:00+05:30
o3,19.7,2026-05-19 09:15:00+05:30
o3,19.26,2026-05-19 09:30:00+05:30
o3,18.86,2026-05-19 09:45:00+05:30
o3,18.3,2026-05-19 10:00:00+05:30
o3,19.15,2026-05-19 10:15:00+05:30
o3,18.87,2026-05-19 10:30:00+05:30
o3,19.87,2026-05-19 10:45:00+05:30
o3,19.25,2026-05-19 11:00:00+05:30
o3,21.73,2026-05-19 11:30:00+05:30
o3,28.1,2026-05-19 11:45:00+05:30
o3,27.93,2026-05-19 12:00:00+05:30
o3,28.57,2026-05-19 12:15:00+05:30
o3,28.33,2026-05-19 12:30:00+05:30
o3,30.97,2026-05-19 12:45:00+05:30
o3,28.48,2026-05-19 13:00:00+05:30
o3,29.1,2026-05-19 13:15:00+05:30
o3,29.45,2026-05-19 13:30:00+05:30
o3,28.57,2026-05-19 13:45:00+05:30
o3,55.02,2026-05-19 14:45:00+05:30
o3,47.73,2026-05-19 15:00:00+05:30
o3,56.67,2026-05-19 15:15:00+05:30
o3,60.65,2026-05-19 15:30:00+05:30
o3,61.19,2026-05-19 15:45:00+05:30
o3,61.79,2026-05-19 16:00:00+05:30
o3,56.54,2026-05-19 16:15:00+05:30
o3,37.88,2026-05-19 16:30:00+05:30
o3,34.23,2026-05-19 16:45:00+05:30
o3,38.29,2026-05-19 17:00:00+05:30
o3,27.86,2026-05-19 17:15:00+05:30
o3,31.76,2026-05-19 17:30:00+05:30
o3,25.4,2026-05-19 17:45:00+05:30
o3,21.39,2026-05-19 18:00:00+05:30
o3,17.55,2026-05-19 18:15:00+05:30
o3,11.18,2026-05-19 18:30:00+05:30
o3,10.26,2026-05-19 18:45:00+05:30
o3,7.35,2026-05-19 19:00:00+05:30
o3,6.53,2026-05-19 19:15:00+05:30
o3,4.31,2026-05-19 19:30:00+05:30
o3,1.43,2026-05-19 19:45:00+05:30
o3,0.45,2026-05-19 20:15:00+05:30
o3,0.0,2026-05-19 20:30:00+05:30
o3,0.0,2026-05-19 20:45:00+05:30
o3,0.0,2026-05-19 21:00:00+05:30
o3,0.0,2026-05-19 21:15:00+05:30
o3,0.0,2026-05-19 21:30:00+05:30
o3,1.12,2026-05-19 21:45:00+05:30
o3,17.81,2026-05-19 22:00:00+05:30
o3,18.74,2026-05-19 22:15:00+05:30
o3,20.91,2026-05-19 22:30:00+05:30
o3,21.44,2026-05-19 22:45:00+05:30
o3,20.66,2026-05-19 23:00:00+05:30
o3,19.0,2026-05-19 23:15:00+05:30
o3,19.6,2026-05-19 23:30:00+05:30
o3,19.96,2026-05-19 23:45:00+05:30
o3,21.43,2026-05-20 00:45:00+05:30
o3,20.3,2026-05-20 01:00:00+05:30
o3,20.72,2026-05-20 01:15:00+05:30
o3,21.78,2026-05-20 01:30:00+05:30
o3,22.38,2026-05-20 01:45:00+05:30
o3,22.95,2026-05-20 02:00:00+05:30
o3,23.26,2026-05-20 02:15:00+05:30
o3,23.76,2026-05-20 02:30:00+05:30
o3,23.42,2026-05-20 02:45:00+05:30
o3,23.86,2026-05-20 03:00:00+05:30
o3,23.03,2026-05-20 03:15:00+05:30
o3,23.21,2026-05-20 03:30:00+05:30
o3,24.06,2026-05-20 03:45:00+05:30
o3,23.04,2026-05-20 04:00:00+05:30
o3,22.59,2026-05-20 04:15:00+05:30
o3,23.73,2026-05-20 04:30:00+05:30
o3,24.34,2026-05-20 04:45:00+05:30
o3,22.45,2026-05-20 05:00:00+05:30
o3,21.61,2026-05-20 05:15:00+05:30
o3,21.07,2026-05-20 05:30:00+05:30
o3,22.19,2026-05-20 05:45:00+05:30
o3,21.34,2026-05-20 06:00:00+05:30
o3,20.83,2026-05-20 06:15:00+05:30
o3,22.5,2026-05-20 06:30:00+05:30
o3,22.77,2026-05-20 06:45:00+05:30
o3,24.31,2026-05-20 07:00:00+05:30
o3,28.15,2026-05-20 07:15:00+05:30
o3,26.48,2026-05-20 07:30:00+05:30
o3,27.21,2026-05-20 07:45:00+05:30
o3,27.07,2026-05-20 08:00:00+05:30
o3,32.92,2026-05-20 08:15:00+05:30
o3,39.07,2026-05-20 08:30:00+05:30
o3,37.36,2026-05-20 08:45:00+05:30
o3,38.55,2026-05-20 09:00:00+05:30
o3,36.27,2026-05-20 09:15:00+05:30
o3,39.59,2026-05-20 09:30:00+05:30
o3,40.02,2026-05-20 10:15:00+05:30
o3,46.36,2026-05-20 10:30:00+05:30
o3,41.94,2026-05-20 10:45:00+05:30
o3,49.23,2026-05-20 12:00:00+05:30
o3,50.97,2026-05-20 12:15:00+05:30
o3,48.81,2026-05-20 12:30:00+05:30
o3,54.19,2026-05-20 12:45:00+05:30
o3,52.02,2026-05-20 13:00:00+05:30
o3,52.2,2026-05-20 13:15:00+05:30
o3,48.09,2026-05-20 13:30:00+05:30
o3,48.52,2026-05-20 13:45:00+05:30
o3,46.8,2026-05-20 14:00:00+05:30
o3,46.64,2026-05-20 14:15:00+05:30
o3,44.45,2026-05-20 14:30:00+05:30
o3,45.44,2026-05-20 14:45:00+05:30
o3,44.09,2026-05-20 15:00:00+05:30
o3,47.38,2026-05-20 15:15:00+05:30
o3,50.48,2026-05-20 15:30:00+05:30
o3,50.16,2026-05-20 15:45:00+05:30
o3,45.61,2026-05-20 16:00:00+05:30
o3,49.76,2026-05-20 16:15:00+05:30
o3,49.74,2026-05-20 16:30:00+05:30
o3,43.87,2026-05-20 16:45:00+05:30
o3,38.76,2026-05-20 17:00:00+05:30
o3,40.57,2026-05-20 17:15:00+05:30
o3,42.3,2026-05-20 17:30:00+05:30
o3,38.77,2026-05-20 17:45:00+05:30
o3,34.08,2026-05-20 18:00:00+05:30
o3,39.42,2026-05-20 18:15:00+05:30
o3,35.09,2026-05-20 18:30:00+05:30
o3,28.03,2026-05-20 18:45:00+05:30
o3,24.61,2026-05-20 19:00:00+05:30
o3,25.65,2026-05-20 19:15:00+05:30
o3,22.29,2026-05-20 19:30:00+05:30
o3,17.47,2026-05-20 19:45:00+05:30
o3,18.89,2026-05-20 20:00:00+05:30
o3,21.43,2026-05-20 20:15:00+05:30
o3,27.41,2026-05-20 20:30:00+05:30
o3,24.08,2026-05-20 20:45:00+05:30
o3,22.44,2026-05-20 21:00:00+05:30
o3,23.71,2026-05-20 21:15:00+05:30
o3,22.33,2026-05-20 21:30:00+05:30
o3,23.46,2026-05-20 21:45:00+05:30
o3,28.09,2026-05-20 22:00:00+05:30
o3,29.6,2026-05-20 22:15:00+05:30
o3,26.64,2026-05-20 22:30:00+05:30
o3,26.12,2026-05-20 22:45:00+05:30
o3,25.74,2026-05-20 23:00:00+05:30
o3,26.42,2026-05-20 23:15:00+05:30
o3,23.65,2026-05-20 23:30:00+05:30
o3,20.91,2026-05-20 23:45:00+05:30
o3,19.93,2026-05-21 00:45:00+05:30
o3,20.09,2026-05-21 01:00:00+05:30
o3,22.32,2026-05-21 01:15:00+05:30
o3,22.77,2026-05-21 01:30:00+05:30
o3,21.09,2026-05-21 01:45:00+05:30
o3,21.39,2026-05-21 02:00:00+05:30
o3,22.73,2026-05-21 02:15:00+05:30
o3,22.16,2026-05-21 02:30:00+05:30
o3,21.52,2026-05-21 02:45:00+05:30
o3,21.17,2026-05-21 03:00:00+05:30
o3,21.71,2026-05-21 03:15:00+05:30
o3,19.55,2026-05-21 03:30:00+05:30
o3,21.37,2026-05-21 03:45:00+05:30
o3,23.35,2026-05-21 04:15:00+05:30
o3,23.97,2026-05-21 04:30:00+05:30
o3,21.78,2026-05-21 04:45:00+05:30
o3,21.99,2026-05-21 05:00:00+05:30
o3,24.08,2026-05-21 05:15:00+05:30
o3,20.72,2026-05-21 05:30:00+05:30
o3,21.61,2026-05-21 05:45:00+05:30
o3,22.0,2026-05-21 06:45:00+05:30
o3,22.12,2026-05-21 07:00:00+05:30
o3,25.1,2026-05-21 07:15:00+05:30
o3,25.46,2026-05-21 07:30:00+05:30
o3,25.31,2026-05-21 07:45:00+05:30
o3,25.89,2026-05-21 08:00:00+05:30
o3,29.5,2026-05-21 08:15:00+05:30
o3,30.7,2026-05-21 08:30:00+05:30
o3,30.69,2026-05-21 08:45:00+05:30
o3,29.9,2026-05-21 09:00:00+05:30
o3,34.23,2026-05-21 09:15:00+05:30
o3,36.85,2026-05-21 09:30:00+05:30
o3,33.8,2026-05-21 09:45:00+05:30
o3,35.03,2026-05-21 10:00:00+05:30
o3,34.07,2026-05-21 10:15:00+05:30
o3,34.74,2026-05-21 10:30:00+05:30
o3,35.16,2026-05-21 10:45:00+05:30
o3,44.99,2026-05-21 11:00:00+05:30
o3,46.46,2026-05-21 11:15:00+05:30
o3,46.98,2026-05-21 11:30:00+05:30
o3,45.26,2026-05-21 11:45:00+05:30
o3,46.65,2026-05-21 12:00:00+05:30
o3,49.82,2026-05-21 12:15:00+05:30
o3,45.33,2026-05-21 12:30:00+05:30
o3,35.36,2026-05-21 12:45:00+05:30
o3,41.09,2026-05-21 13:00:00+05:30
o3,38.92,2026-05-21 13:15:00+05:30
o3,36.73,2026-05-21 13:30:00+05:30
o3,35.49,2026-05-21 13:45:00+05:30
o3,44.99,2026-05-21 14:30:00+05:30
o3,44.86,2026-05-21 14:45:00+05:30
o3,42.57,2026-05-21 15:00:00+05:30
o3,40.05,2026-05-21 15:15:00+05:30
o3,47.35,2026-05-21 15:30:00+05:30
o3,42.55,2026-05-21 15:45:00+05:30
o3,46.67,2026-05-21 16:00:00+05:30
o3,42.01,2026-05-21 16:15:00+05:30
o3,43.8,2026-05-21 16:30:00+05:30
o3,40.83,2026-05-21 16:45:00+05:30
o3,37.21,2026-05-21 17:00:00+05:30
o3,40.72,2026-05-21 17:15:00+05:30
o3,40.03,2026-05-21 17:30:00+05:30
o3,34.06,2026-05-21 17:45:00+05:30
o3,36.69,2026-05-21 18:00:00+05:30
o3,34.2,2026-05-21 18:15:00+05:30
o3,29.44,2026-05-21 18:30:00+05:30
o3,26.11,2026-05-21 18:45:00+05:30
o3,26.25,2026-05-21 19:00:00+05:30
o3,25.47,2026-05-21 19:15:00+05:30
o3,21.3,2026-05-21 19:30:00+05:30
o3,22.38,2026-05-21 19:45:00+05:30
o3,21.81,2026-05-21 20:00:00+05:30
o3,22.39,2026-05-21 20:15:00+05:30
o3,23.77,2026-05-21 20:30:00+05:30
o3,23.85,2026-05-21 20:45:00+05:30
o3,21.3,2026-05-21 21:00:00+05:30
o3,22.94,2026-05-21 21:15:00+05:30
o3,22.18,2026-05-21 21:30:00+05:30
o3,19.87,2026-05-21 21:45:00+05:30
o3,18.75,2026-05-21 22:00:00+05:30
o3,19.74,2026-05-21 22:15:00+05:30
o3,22.65,2026-05-21 22:30:00+05:30
o3,19.43,2026-05-21 22:45:00+05:30
o3,17.79,2026-05-21 23:00:00+05:30
o3,19.19,2026-05-21 23:15:00+05:30
o3,19.11,2026-05-21 23:30:00+05:30
o3,18.21,2026-05-21 23:45:00+05:30
o3,20.79,2026-05-22 00:45:00+05:30
o3,20.09,2026-05-22 01:00:00+05:30
o3,17.66,2026-05-22 01:15:00+05:30
o3,19.24,2026-05-22 01:30:00+05:30
o3,21.34,2026-05-22 01:45:00+05:30
o3,20.71,2026-05-22 02:00:00+05:30
o3,20.65,2026-05-22 02:15:00+05:30
o3,18.46,2026-05-22 02:30:00+05:30
o3,16.42,2026-05-22 02:45:00+05:30
o3,16.33,2026-05-22 03:00:00+05:30
o3,18.44,2026-05-22 03:15:00+05:30
o3,18.12,2026-05-22 03:30:00+05:30
o3,18.82,2026-05-22 03:45:00+05:30
o3,19.44,2026-05-22 04:00:00+05:30
o3,19.58,2026-05-22 04:15:00+05:30
o3,18.07,2026-05-22 04:45:00+05:30
o3,18.38,2026-05-22 05:00:00+05:30
o3,19.0,2026-05-22 05:15:00+05:30
o3,18.87,2026-05-22 05:30:00+05:30
o3,20.97,2026-05-22 05:45:00+05:30
o3,22.32,2026-05-22 06:00:00+05:30
o3,23.5,2026-05-22 06:15:00+05:30
o3,22.79,2026-05-22 06:30:00+05:30
o3,23.14,2026-05-22 06:45:00+05:30
o3,22.84,2026-05-22 07:00:00+05:30
o3,23.91,2026-05-22 07:15:00+05:30
o3,25.61,2026-05-22 07:30:00+05:30
o3,26.52,2026-05-22 07:45:00+05:30
o3,28.61,2026-05-22 08:00:00+05:30
o3,28.43,2026-05-22 08:15:00+05:30
o3,31.54,2026-05-22 08:30:00+05:30
o3,34.5,2026-05-22 08:45:00+05:30
o3,34.14,2026-05-22 09:00:00+05:30
o3,41.83,2026-05-22 09:15:00+05:30
o3,37.94,2026-05-22 09:30:00+05:30
o3,42.44,2026-05-22 09:45:00+05:30
o3,51.78,2026-05-22 11:45:00+05:30
o3,51.32,2026-05-22 12:00:00+05:30
o3,64.31,2026-05-22 12:15:00+05:30
o3,63.42,2026-05-22 12:30:00+05:30
o3,51.96,2026-05-22 12:45:00+05:30
o3,50.08,2026-05-22 13:00:00+05:30
o3,58.75,2026-05-22 13:15:00+05:30
o3,53.9,2026-05-22 13:30:00+05:30
o3,53.01,2026-05-22 13:45:00+05:30
o3,54.87,2026-05-22 14:15:00+05:30
o3,61.32,2026-05-22 14:30:00+05:30
o3,49.05,2026-05-22 14:45:00+05:30
o3,57.7,2026-05-22 15:00:00+05:30
o3,50.48,2026-05-22 15:15:00+05:30
o3,25.72,2026-05-22 15:30:00+05:30
o3,23.54,2026-05-22 15:45:00+05:30
o3,24.37,2026-05-22 16:00:00+05:30
o3,22.93,2026-05-22 16:15:00+05:30
o3,23.04,2026-05-22 16:30:00+05:30
o3,28.0,2026-05-22 16:45:00+05:30
o3,24.68,2026-05-22 17:15:00+05:30
o3,23.93,2026-05-22 17:30:00+05:30
o3,23.65,2026-05-22 17:45:00+05:30
o3,22.07,2026-05-22 18:00:00+05:30
o3,22.69,2026-05-22 18:15:00+05:30
o3,22.05,2026-05-22 18:30:00+05:30
o3,22.5,2026-05-22 18:45:00+05:30
o3,21.68,2026-05-22 19:00:00+05:30
o3,21.55,2026-05-22 19:15:00+05:30
o3,22.1,2026-05-22 19:30:00+05:30
o3,21.33,2026-05-22 19:45:00+05:30
o3,21.07,2026-05-22 20:00:00+05:30
o3,21.35,2026-05-22 20:15:00+05:30
o3,21.0,2026-05-22 20:30:00+05:30
o3,21.07,2026-05-22 20:45:00+05:30
o3,19.89,2026-05-22 21:00:00+05:30
o3,20.87,2026-05-22 21:15:00+05:30
o3,19.86,2026-05-22 21:30:00+05:30
o3,20.2,2026-05-22 21:45:00+05:30
o3,20.72,2026-05-22 22:00:00+05:30
o3,20.22,2026-05-22 22:15:00+05:30
o3,20.95,2026-05-22 22:30:00+05:30
o3,20.21,2026-05-22 22:45:00+05:30
o3,20.31,2026-05-22 23:00:00+05:30
o3,21.19,2026-05-22 23:15:00+05:30
o3,20.83,2026-05-22 23:30:00+05:30
o3,20.92,2026-05-22 23:45:00+05:30
o3,20.45,2026-05-23 01:45:00+05:30
o3,20.04,2026-05-23 02:00:00+05:30
o3,20.9,2026-05-23 02:15:00+05:30
o3,20.66,2026-05-23 02:30:00+05:30
o3,20.86,2026-05-23 02:45:00+05:30
o3,20.59,2026-05-23 03:00:00+05:30
o3,20.6,2026-05-23 03:15:00+05:30
o3,21.04,2026-05-23 03:30:00+05:30
o3,19.78,2026-05-23 03:45:00+05:30
o3,21.51,2026-05-23 04:00:00+05:30
o3,20.5,2026-05-23 04:15:00+05:30
o3,20.41,2026-05-23 04:30:00+05:30
o3,20.69,2026-05-23 04:45:00+05:30
o3,20.07,2026-05-23 05:00:00+05:30
o3,20.47,2026-05-23 05:15:00+05:30
o3,19.8,2026-05-23 05:30:00+05:30
o3,20.47,2026-05-23 05:45:00+05:30
o3,20.15,2026-05-23 06:00:00+05:30
o3,20.55,2026-05-23 06:15:00+05:30
o3,20.91,2026-05-23 06:30:00+05:30
o3,19.97,2026-05-23 06:45:00+05:30
o3,21.34,2026-05-23 07:00:00+05:30
o3,20.41,2026-05-23 07:15:00+05:30
o3,19.77,2026-05-23 07:30:00+05:30
o3,21.12,2026-05-23 07:45:00+05:30
o3,20.37,2026-05-23 08:00:00+05:30
o3,20.87,2026-05-23 08:15:00+05:30
o3,20.38,2026-05-23 08:30:00+05:30
o3,20.48,2026-05-23 08:45:00+05:30
o3,20.51,2026-05-23 09:00:00+05:30
o3,20.42,2026-05-23 09:15:00+05:30
o3,21.56,2026-05-23 09:30:00+05:30
o3,21.3,2026-05-23 09:45:00+05:30
o3,20.07,2026-05-23 10:00:00+05:30
o3,21.31,2026-05-23 10:15:00+05:30
o3,21.57,2026-05-23 10:30:00+05:30
o3,20.6,2026-05-23 10:45:00+05:30
o3,20.5,2026-05-23 11:00:00+05:30
o3,20.85,2026-05-23 11:15:00+05:30
o3,21.56,2026-05-23 11:30:00+05:30
o3,20.77,2026-05-23 11:45:00+05:30
o3,21.54,2026-05-23 12:00:00+05:30
o3,21.07,2026-05-23 12:15:00+05:30
o3,21.42,2026-05-23 12:30:00+05:30
o3,21.87,2026-05-23 12:45:00+05:30
o3,21.57,2026-05-23 13:00:00+05:30
o3,21.56,2026-05-23 13:15:00+05:30
o3,21.62,2026-05-23 13:30:00+05:30
o3,22.04,2026-05-23 13:45:00+05:30
o3,21.07,2026-05-23 14:00:00+05:30
o3,28.09,2026-05-23 14:15:00+05:30
o3,35.26,2026-05-23 14:30:00+05:30
o3,35.52,2026-05-23 14:45:00+05:30
o3,35.25,2026-05-23 15:15:00+05:30
o3,35.56,2026-05-23 15:30:00+05:30
o3,40.5,2026-05-23 15:45:00+05:30
o3,39.91,2026-05-23 16:00:00+05:30
o3,39.44,2026-05-23 16:15:00+05:30
o3,39.39,2026-05-23 16:30:00+05:30
o3,40.38,2026-05-23 16:45:00+05:30
o3,38.96,2026-05-23 17:00:00+05:30
o3,39.97,2026-05-23 17:15:00+05:30
o3,40.03,2026-05-23 17:30:00+05:30
o3,39.83,2026-05-23 17:45:00+05:30
o3,39.44,2026-05-23 18:00:00+05:30
o3,38.66,2026-05-23 18:15:00+05:30
o3,39.74,2026-05-23 18:30:00+05:30
o3,38.99,2026-05-23 18:45:00+05:30
o3,38.61,2026-05-23 19:00:00+05:30
o3,38.97,2026-05-23 19:15:00+05:30
o3,38.92,2026-05-23 19:30:00+05:30
o3,39.31,2026-05-23 19:45:00+05:30
o3,38.72,2026-05-23 20:00:00+05:30
o3,37.98,2026-05-23 20:15:00+05:30
o3,39.75,2026-05-23 20:30:00+05:30
o3,38.84,2026-05-23 20:45:00+05:30
o3,38.56,2026-05-23 21:00:00+05:30
o3,38.8,2026-05-23 21:15:00+05:30
o3,38.36,2026-05-23 21:30:00+05:30
o3,37.87,2026-05-23 21:45:00+05:30
o3,38.79,2026-05-23 22:00:00+05:30
o3,37.92,2026-05-23 22:15:00+05:30
o3,27.56,2026-05-23 22:30:00+05:30
o3,23.14,2026-05-23 22:45:00+05:30
o3,23.92,2026-05-23 23:00:00+05:30
o3,22.8,2026-05-23 23:15:00+05:30
o3,22.89,2026-05-23 23:30:00+05:30
o3,23.31,2026-05-23 23:45:00+05:30
o3,19.07,2026-05-24 01:45:00+05:30
o3,18.58,2026-05-24 02:00:00+05:30
o3,19.25,2026-05-24 02:15:00+05:30
o3,18.51,2026-05-24 02:30:00+05:30
o3,18.9,2026-05-24 02:45:00+05:30
o3,18.58,2026-05-24 03:00:00+05:30
o3,18.31,2026-05-24 03:15:00+05:30
o3,18.87,2026-05-24 03:30:00+05:30
o3,18.16,2026-05-24 03:45:00+05:30
o3,18.62,2026-05-24 04:00:00+05:30
o3,18.78,2026-05-24 04:15:00+05:30
o3,18.69,2026-05-24 04:30:00+05:30
o3,18.61,2026-05-24 04:45:00+05:30
o3,19.01,2026-05-24 05:00:00+05:30
o3,18.36,2026-05-24 05:15:00+05:30
o3,19.06,2026-05-24 05:30:00+05:30
o3,19.04,2026-05-24 05:45:00+05:30
o3,19.35,2026-05-24 06:00:00+05:30
o3,18.6,2026-05-24 06:15:00+05:30
o3,18.55,2026-05-24 06:30:00+05:30
o3,19.18,2026-05-24 06:45:00+05:30
o3,19.06,2026-05-24 07:00:00+05:30
o3,19.1,2026-05-24 07:15:00+05:30
o3,19.66,2026-05-24 07:30:00+05:30
o3,19.44,2026-05-24 07:45:00+05:30
o3,19.05,2026-05-24 08:00:00+05:30
o3,18.77,2026-05-24 08:30:00+05:30
o3,19.3,2026-05-24 08:45:00+05:30
o3,18.27,2026-05-24 09:00:00+05:30
o3,19.39,2026-05-24 09:15:00+05:30
o3,19.43,2026-05-24 09:30:00+05:30
o3,19.32,2026-05-24 09:45:00+05:30
o3,18.73,2026-05-24 10:00:00+05:30
o3,18.97,2026-05-24 10:15:00+05:30
o3,19.92,2026-05-24 10:30:00+05:30
o3,18.5,2026-05-24 10:45:00+05:30
o3,20.2,2026-05-24 11:00:00+05:30
o3,18.29,2026-05-24 11:15:00+05:30
o3,19.56,2026-05-24 11:30:00+05:30
o3,19.78,2026-05-24 11:45:00+05:30
o3,19.15,2026-05-24 12:00:00+05:30
o3,24.43,2026-05-24 12:15:00+05:30
o3,24.04,2026-05-24 12:30:00+05:30
o3,24.18,2026-05-24 12:45:00+05:30
o3,23.4,2026-05-24 13:00:00+05:30
o3,24.03,2026-05-24 13:15:00+05:30
o3,23.87,2026-05-24 13:30:00+05:30
o3,23.9,2026-05-24 13:45:00+05:30
o3,24.09,2026-05-24 14:00:00+05:30
o3,23.99,2026-05-24 14:15:00+05:30
o3,24.21,2026-05-24 14:30:00+05:30
o3,23.18,2026-05-24 14:45:00+05:30
o3,23.36,2026-05-24 15:00:00+05:30
o3,23.98,2026-05-24 15:15:00+05:30
o3,24.34,2026-05-24 15:30:00+05:30
o3,24.27,2026-05-24 15:45:00+05:30
o3,23.94,2026-05-24 16:00:00+05:30
o3,24.23,2026-05-24 16:15:00+05:30
o3,24.12,2026-05-24 16:30:00+05:30
o3,23.62,2026-05-24 16:45:00+05:30
o3,23.84,2026-05-24 17:15:00+05:30
o3,23.73,2026-05-24 17:30:00+05:30
o3,24.32,2026-05-24 17:45:00+05:30
o3,24.0,2026-05-24 18:00:00+05:30
o3,23.78,2026-05-24 18:15:00+05:30
o3,24.32,2026-05-24 18:30:00+05:30
o3,23.78,2026-05-24 18:45:00+05:30
o3,23.25,2026-05-24 19:00:00+05:30
o3,23.73,2026-05-24 19:15:00+05:30
o3,23.95,2026-05-24 19:45:00+05:30
o3,23.2,2026-05-24 20:00:00+05:30
o3,24.97,2026-05-24 20:15:00+05:30
o3,24.48,2026-05-24 20:30:00+05:30
o3,23.95,2026-05-24 20:45:00+05:30
o3,22.72,2026-05-24 21:00:00+05:30
o3,22.66,2026-05-24 21:15:00+05:30
o3,22.18,2026-05-24 21:30:00+05:30
o3,23.95,2026-05-24 21:45:00+05:30
o3,23.73,2026-05-24 22:00:00+05:30
o3,23.68,2026-05-24 22:15:00+05:30
o3,23.95,2026-05-24 22:30:00+05:30
o3,24.11,2026-05-24 22:45:00+05:30
o3,23.68,2026-05-24 23:00:00+05:30
o3,23.47,2026-05-24 23:15:00+05:30
o3,23.95,2026-05-24 23:30:00+05:30
o3,23.68,2026-05-24 23:45:00+05:30
o3,23.36,2026-05-25 00:45:00+05:30
o3,23.9,2026-05-25 01:00:00+05:30
o3,24.16,2026-05-25 01:15:00+05:30
o3,23.68,2026-05-25 01:30:00+05:30
o3,23.95,2026-05-25 01:45:00+05:30
o3,24.43,2026-05-25 02:00:00+05:30
o3,22.93,2026-05-25 02:15:00+05:30
o3,23.95,2026-05-25 02:30:00+05:30
o3,23.47,2026-05-25 02:45:00+05:30
o3,23.47,2026-05-25 03:00:00+05:30
o3,24.97,2026-05-25 03:15:00+05:30
o3,24.43,2026-05-25 03:30:00+05:30
o3,23.63,2026-05-25 03:45:00+05:30
o3,23.41,2026-05-25 04:00:00+05:30
o3,23.9,2026-05-25 04:15:00+05:30
o3,22.18,2026-05-25 04:30:00+05:30
o3,24.16,2026-05-25 04:45:00+05:30
o3,23.68,2026-05-25 05:00:00+05:30
o3,24.16,2026-05-25 05:15:00+05:30
o3,25.4,2026-05-25 05:30:00+05:30
o3,24.38,2026-05-25 05:45:00+05:30
o3,25.08,2026-05-25 06:00:00+05:30
o3,23.58,2026-05-25 06:15:00+05:30
o3,24.06,2026-05-25 06:30:00+05:30
o3,24.16,2026-05-25 06:45:00+05:30
o3,25.34,2026-05-25 07:00:00+05:30
o3,23.84,2026-05-25 07:15:00+05:30
o3,23.84,2026-05-25 07:30:00+05:30
o3,23.84,2026-05-25 07:45:00+05:30
o3,23.41,2026-05-25 08:00:00+05:30
o3,22.88,2026-05-25 08:15:00+05:30
o3,24.16,2026-05-25 08:30:00+05:30
o3,23.9,2026-05-25 08:45:00+05:30
o3,22.61,2026-05-25 09:00:00+05:30
o3,23.58,2026-05-25 09:15:00+05:30
o3,25.4,2026-05-25 09:30:00+05:30
o3,24.86,2026-05-25 09:45:00+05:30
o3,25.4,2026-05-25 10:00:00+05:30
o3,22.88,2026-05-25 10:30:00+05:30
o3,22.66,2026-05-25 10:45:00+05:30
o3,25.26,2026-05-25 11:15:00+05:30
o3,30.32,2026-05-25 12:45:00+05:30
o3,39.84,2026-05-25 13:00:00+05:30
o3,49.42,2026-05-25 13:15:00+05:30
o3,46.72,2026-05-25 13:30:00+05:30
o3,47.02,2026-05-25 13:45:00+05:30
o3,39.54,2026-05-25 14:00:00+05:30
o3,42.08,2026-05-25 14:15:00+05:30
o3,37.68,2026-05-25 14:30:00+05:30
o3,43.77,2026-05-25 15:00:00+05:30
o3,41.75,2026-05-25 15:15:00+05:30
o3,40.45,2026-05-25 15:30:00+05:30
o3,45.88,2026-05-25 15:45:00+05:30
o3,44.85,2026-05-25 16:00:00+05:30
o3,48.12,2026-05-25 16:15:00+05:30
o3,48.59,2026-05-25 16:30:00+05:30
o3,52.01,2026-05-25 16:45:00+05:30
o3,44.76,2026-05-25 17:00:00+05:30
o3,53.54,2026-05-25 17:15:00+05:30
o3,51.76,2026-05-25 17:45:00+05:30
o3,49.7,2026-05-25 18:00:00+05:30
o3,46.3,2026-05-25 18:15:00+05:30
o3,54.1,2026-05-25 18:30:00+05:30
o3,43.65,2026-05-25 18:45:00+05:30
o3,36.28,2026-05-25 19:00:00+05:30
o3,35.21,2026-05-25 19:15:00+05:30
o3,34.73,2026-05-25 19:30:00+05:30
o3,28.78,2026-05-25 19:45:00+05:30
o3,25.76,2026-05-25 20:00:00+05:30
o3,25.22,2026-05-25 20:15:00+05:30
o3,23.21,2026-05-25 20:30:00+05:30
o3,22.9,2026-05-25 20:45:00+05:30
o3,21.2,2026-05-25 21:00:00+05:30
o3,22.71,2026-05-25 21:15:00+05:30
o3,33.02,2026-05-25 21:30:00+05:30
o3,38.41,2026-05-25 21:45:00+05:30
o3,39.7,2026-05-25 22:00:00+05:30
o3,36.32,2026-05-25 22:15:00+05:30
o3,28.56,2026-05-25 22:30:00+05:30
o3,31.25,2026-05-25 22:45:00+05:30
o3,27.55,2026-05-25 23:00:00+05:30
o3,26.14,2026-05-25 23:15:00+05:30
o3,25.21,2026-05-25 23:30:00+05:30
o3,19.57,2026-05-25 23:45:00+05:30
o3,15.86,2026-05-26 00:45:00+05:30
o3,13.81,2026-05-26 01:00:00+05:30
o3,11.15,2026-05-26 01:15:00+05:30
o3,10.58,2026-05-26 01:30:00+05:30
o3,12.84,2026-05-26 01:45:00+05:30
o3,16.63,2026-05-26 02:00:00+05:30
o3,16.41,2026-05-26 02:15:00+05:30
o3,20.07,2026-05-26 02:30:00+05:30
o3,17.68,2026-05-26 02:45:00+05:30
o3,18.57,2026-05-26 03:00:00+05:30
o3,15.22,2026-05-26 03:15:00+05:30
o3,14.36,2026-05-26 03:30:00+05:30
o3,13.99,2026-05-26 03:45:00+05:30
o3,12.3,2026-05-26 04:00:00+05:30
o3,13.3,2026-05-26 04:15:00+05:30
o3,13.26,2026-05-26 04:30:00+05:30
o3,13.67,2026-05-26 04:45:00+05:30
o3,15.16,2026-05-26 05:00:00+05:30
o3,13.79,2026-05-26 05:15:00+05:30
o3,14.41,2026-05-26 05:30:00+05:30
o3,13.82,2026-05-26 05:45:00+05:30
o3,12.81,2026-05-26 06:00:00+05:30
o3,14.26,2026-05-26 06:15:00+05:30
o3,14.95,2026-05-26 06:30:00+05:30
o3,16.72,2026-05-26 06:45:00+05:30
o3,19.72,2026-05-26 07:00:00+05:30
o3,21.49,2026-05-26 07:15:00+05:30
o3,24.91,2026-05-26 07:30:00+05:30
o3,25.6,2026-05-26 07:45:00+05:30
o3,23.68,2026-05-26 08:00:00+05:30
o3,23.41,2026-05-26 08:15:00+05:30
o3,29.14,2026-05-26 08:30:00+05:30
o3,31.12,2026-05-26 08:45:00+05:30
o3,37.88,2026-05-26 09:00:00+05:30
o3,36.43,2026-05-26 09:15:00+05:30
o3,40.57,2026-05-26 10:45:00+05:30
o3,53.58,2026-05-26 11:15:00+05:30
o3,60.69,2026-05-26 11:30:00+05:30
o3,61.35,2026-05-26 11:45:00+05:30
o3,52.03,2026-05-26 12:00:00+05:30
o3,60.24,2026-05-26 12:15:00+05:30
o3,61.99,2026-05-26 12:30:00+05:30
o3,64.06,2026-05-26 12:45:00+05:30
o3,65.62,2026-05-26 13:00:00+05:30
o3,64.93,2026-05-26 13:15:00+05:30
o3,65.1,2026-05-26 13:30:00+05:30
o3,64.61,2026-05-26 13:45:00+05:30
o3,62.98,2026-05-26 14:00:00+05:30
o3,62.21,2026-05-26 14:15:00+05:30
o3,61.58,2026-05-26 14:30:00+05:30
o3,59.8,2026-05-26 15:00:00+05:30
o3,70.94,2026-05-26 15:15:00+05:30
o3,76.34,2026-05-26 15:45:00+05:30
o3,62.51,2026-05-26 16:00:00+05:30
o3,70.5,2026-05-26 16:15:00+05:30
o3,75.28,2026-05-26 16:30:00+05:30
o3,64.75,2026-05-26 16:45:00+05:30
o3,52.75,2026-05-26 17:00:00+05:30
o3,18.21,2026-05-26 17:15:00+05:30
o3,16.94,2026-05-26 17:30:00+05:30
o3,17.37,2026-05-26 17:45:00+05:30
o3,16.19,2026-05-26 18:00:00+05:30
o3,15.87,2026-05-26 18:15:00+05:30
o3,15.88,2026-05-26 18:30:00+05:30
o3,14.98,2026-05-26 18:45:00+05:30
o3,14.36,2026-05-26 19:00:00+05:30
o3,15.59,2026-05-26 19:15:00+05:30
o3,14.52,2026-05-26 19:30:00+05:30
o3,14.24,2026-05-26 19:45:00+05:30
o3,14.82,2026-05-26 20:15:00+05:30
o3,14.67,2026-05-26 20:30:00+05:30
o3,15.06,2026-05-26 20:45:00+05:30
o3,14.74,2026-05-26 21:30:00+05:30
o3,15.21,2026-05-26 21:45:00+05:30
o3,14.72,2026-05-26 22:00:00+05:30
o3,14.72,2026-05-26 22:15:00+05:30
o3,14.56,2026-05-26 22:30:00+05:30
o3,13.89,2026-05-26 22:45:00+05:30
o3,14.8,2026-05-26 23:00:00+05:30
o3,15.32,2026-05-26 23:15:00+05:30
o3,14.85,2026-05-26 23:30:00+05:30
o3,14.88,2026-05-26 23:45:00+05:30
o3,14.52,2026-05-27 00:45:00+05:30
o3,14.03,2026-05-27 01:00:00+05:30
o3,14.32,2026-05-27 01:15:00+05:30
o3,15.16,2026-05-27 01:30:00+05:30
o3,14.6,2026-05-27 01:45:00+05:30
o3,14.39,2026-05-27 02:00:00+05:30
o3,15.35,2026-05-27 02:15:00+05:30
o3,14.32,2026-05-27 02:30:00+05:30
o3,15.3,2026-05-27 02:45:00+05:30
o3,15.1,2026-05-27 03:00:00+05:30
o3,14.85,2026-05-27 03:15:00+05:30
o3,14.66,2026-05-27 03:30:00+05:30
o3,14.48,2026-05-27 03:45:00+05:30
o3,15.16,2026-05-27 04:00:00+05:30
o3,14.04,2026-05-27 04:15:00+05:30
o3,14.38,2026-05-27 04:30:00+05:30
o3,15.15,2026-05-27 04:45:00+05:30
o3,14.15,2026-05-27 05:00:00+05:30
o3,14.61,2026-05-27 05:15:00+05:30
o3,14.96,2026-05-27 05:30:00+05:30
o3,13.92,2026-05-27 05:45:00+05:30
o3,14.85,2026-05-27 06:00:00+05:30
o3,13.78,2026-05-27 06:15:00+05:30
o3,15.24,2026-05-27 06:30:00+05:30
o3,14.56,2026-05-27 06:45:00+05:30
o3,14.1,2026-05-27 07:00:00+05:30
o3,15.24,2026-05-27 07:15:00+05:30
o3,14.55,2026-05-27 07:30:00+05:30
o3,14.51,2026-05-27 07:45:00+05:30
o3,14.98,2026-05-27 08:00:00+05:30
o3,15.15,2026-05-27 08:15:00+05:30
o3,18.58,2026-05-27 08:30:00+05:30
o3,19.77,2026-05-27 08:45:00+05:30
o3,19.18,2026-05-27 09:00:00+05:30
o3,18.74,2026-05-27 09:15:00+05:30
o3,18.89,2026-05-27 09:30:00+05:30
o3,19.25,2026-05-27 09:45:00+05:30
o3,18.93,2026-05-27 10:00:00+05:30
o3,19.41,2026-05-27 10:15:00+05:30
o3,19.34,2026-05-27 10:30:00+05:30
o3,19.73,2026-05-27 10:45:00+05:30
o3,21.38,2026-05-27 11:00:00+05:30
o3,24.26,2026-05-27 11:15:00+05:30
o3,24.77,2026-05-27 11:30:00+05:30
o3,28.86,2026-05-27 12:00:00+05:30
o3,32.54,2026-05-27 12:15:00+05:30
o3,33.13,2026-05-27 12:30:00+05:30
o3,33.25,2026-05-27 12:45:00+05:30
o3,27.32,2026-05-27 17:45:00+05:30
o3,25.2,2026-05-27 18:00:00+05:30
o3,25.03,2026-05-27 18:15:00+05:30
o3,24.86,2026-05-27 18:30:00+05:30
o3,24.81,2026-05-27 18:45:00+05:30
o3,24.05,2026-05-27 19:00:00+05:30
o3,24.25,2026-05-27 19:15:00+05:30
o3,24.31,2026-05-27 19:30:00+05:30
o3,24.16,2026-05-27 19:45:00+05:30
o3,24.42,2026-05-27 20:00:00+05:30
o3,24.35,2026-05-27 20:15:00+05:30
o3,21.62,2026-05-27 20:30:00+05:30
o3,14.98,2026-05-27 20:45:00+05:30
o3,14.68,2026-05-27 21:00:00+05:30
o3,14.38,2026-05-27 21:15:00+05:30
o3,15.24,2026-05-27 21:30:00+05:30
o3,15.12,2026-05-27 21:45:00+05:30
o3,14.48,2026-05-27 22:00:00+05:30
o3,14.54,2026-05-27 22:15:00+05:30
o3,13.57,2026-05-27 22:30:00+05:30
o3,14.82,2026-05-27 22:45:00+05:30
o3,15.11,2026-05-27 23:00:00+05:30
o3,14.09,2026-05-27 23:15:00+05:30
o3,16.01,2026-05-27 23:30:00+05:30
o3,14.6,2026-05-27 23:45:00+05:30
o3,15.22,2026-05-28 00:45:00+05:30
o3,15.32,2026-05-28 01:00:00+05:30
o3,14.91,2026-05-28 01:15:00+05:30
o3,15.25,2026-05-28 01:30:00+05:30
o3,15.47,2026-05-28 01:45:00+05:30
o3,14.46,2026-05-28 02:00:00+05:30
o3,15.05,2026-05-28 02:15:00+05:30
o3,15.6,2026-05-28 02:30:00+05:30
o3,14.06,2026-05-28 02:45:00+05:30
o3,14.66,2026-05-28 03:00:00+05:30
o3,14.88,2026-05-28 03:15:00+05:30
o3,14.71,2026-05-28 03:30:00+05:30
o3,14.94,2026-05-28 03:45:00+05:30
o3,15.14,2026-05-28 04:00:00+05:30
o3,15.05,2026-05-28 04:15:00+05:30
o3,14.69,2026-05-28 04:30:00+05:30
o3,15.3,2026-05-28 04:45:00+05:30
o3,14.45,2026-05-28 05:00:00+05:30
o3,14.62,2026-05-28 05:15:00+05:30
o3,14.72,2026-05-28 05:30:00+05:30
o3,15.17,2026-05-28 05:45:00+05:30
o3,14.54,2026-05-28 06:00:00+05:30
o3,15.18,2026-05-28 06:15:00+05:30
o3,15.54,2026-05-28 06:30:00+05:30
o3,15.68,2026-05-28 06:45:00+05:30
o3,15.48,2026-05-28 07:00:00+05:30
o3,15.45,2026-05-28 07:15:00+05:30
o3,14.71,2026-05-28 07:30:00+05:30
o3,15.18,2026-05-28 07:45:00+05:30
o3,15.56,2026-05-28 08:00:00+05:30
o3,15.54,2026-05-28 08:15:00+05:30
o3,15.66,2026-05-28 08:30:00+05:30
o3,15.29,2026-05-28 08:45:00+05:30
o3,14.7,2026-05-28 09:00:00+05:30
o3,16.04,2026-05-28 09:15:00+05:30
o3,15.86,2026-05-28 09:30:00+05:30
o3,15.95,2026-05-28 09:45:00+05:30
o3,15.3,2026-05-28 10:00:00+05:30
o3,15.97,2026-05-28 10:15:00+05:30
o3,16.11,2026-05-28 10:30:00+05:30
o3,16.27,2026-05-28 10:45:00+05:30
o3,16.12,2026-05-28 11:00:00+05:30
o3,16.49,2026-05-28 11:15:00+05:30
o3,19.14,2026-05-28 11:30:00+05:30
o3,25.26,2026-05-28 11:45:00+05:30
o3,24.38,2026-05-28 12:00:00+05:30
o3,30.3,2026-05-28 12:15:00+05:30
o3,32.13,2026-05-28 12:30:00+05:30
o3,29.02,2026-05-28 12:45:00+05:30
o3,26.71,2026-05-28 13:00:00+05:30
o3,27.47,2026-05-28 13:15:00+05:30
o3,27.02,2026-05-28 13:30:00+05:30
o3,26.68,2026-05-28 13:45:00+05:30
o3,28.23,2026-05-28 14:00:00+05:30
o3,28.95,2026-05-28 14:15:00+05:30
o3,29.67,2026-05-28 14:30:00+05:30
o3,37.33,2026-05-28 14:45:00+05:30
o3,28.61,2026-05-28 15:00:00+05:30
o3,27.51,2026-05-28 15:15:00+05:30
o3,27.62,2026-05-28 15:30:00+05:30
o3,27.59,2026-05-28 15:45:00+05:30
o3,34.46,2026-05-28 16:15:00+05:30
o3,29.87,2026-05-28 16:45:00+05:30
o3,28.14,2026-05-28 17:15:00+05:30
o3,27.88,2026-05-28 17:30:00+05:30
o3,27.77,2026-05-28 17:45:00+05:30
o3,24.38,2026-05-28 18:45:00+05:30
o3,25.23,2026-05-28 19:00:00+05:30
o3,25.13,2026-05-28 19:15:00+05:30
o3,25.98,2026-05-28 19:30:00+05:30
o3,24.05,2026-05-28 19:45:00+05:30
o3,26.01,2026-05-28 20:45:00+05:30
o3,24.4,2026-05-28 22:45:00+05:30
o3,23.26,2026-05-28 23:00:00+05:30
o3,24.18,2026-05-28 23:15:00+05:30
o3,23.63,2026-05-28 23:30:00+05:30
o3,23.5,2026-05-28 23:45:00+05:30
o3,23.83,2026-05-29 00:45:00+05:30
o3,24.42,2026-05-29 01:00:00+05:30
o3,24.11,2026-05-29 01:15:00+05:30
o3,23.97,2026-05-29 01:30:00+05:30
o3,24.44,2026-05-29 01:45:00+05:30
o3,24.68,2026-05-29 02:00:00+05:30
o3,24.07,2026-05-29 02:15:00+05:30
o3,24.93,2026-05-29 02:30:00+05:30
o3,25.25,2026-05-29 02:45:00+05:30
o3,24.87,2026-05-29 03:00:00+05:30
o3,24.98,2026-05-29 03:15:00+05:30
o3,25.32,2026-05-29 03:30:00+05:30
o3,25.17,2026-05-29 03:45:00+05:30
o3,24.51,2026-05-29 04:00:00+05:30
o3,24.39,2026-05-29 04:15:00+05:30
o3,24.73,2026-05-29 04:30:00+05:30
o3,25.05,2026-05-29 04:45:00+05:30
o3,24.56,2026-05-29 05:00:00+05:30
o3,25.09,2026-05-29 05:15:00+05:30
o3,24.98,2026-05-29 05:30:00+05:30
o3,24.01,2026-05-29 05:45:00+05:30
o3,23.82,2026-05-29 06:00:00+05:30
o3,24.53,2026-05-29 06:15:00+05:30
o3,24.71,2026-05-29 06:30:00+05:30
o3,24.74,2026-05-29 06:45:00+05:30
o3,24.24,2026-05-29 07:00:00+05:30
o3,24.45,2026-05-29 07:15:00+05:30
o3,24.56,2026-05-29 07:30:00+05:30
o3,24.98,2026-05-29 07:45:00+05:30
o3,24.69,2026-05-29 08:00:00+05:30
o3,24.15,2026-05-29 08:15:00+05:30
o3,24.49,2026-05-29 08:30:00+05:30
o3,24.4,2026-05-29 08:45:00+05:30
o3,25.38,2026-05-29 09:00:00+05:30
o3,24.98,2026-05-29 09:15:00+05:30
o3,24.77,2026-05-29 09:30:00+05:30
o3,24.23,2026-05-29 09:45:00+05:30
o3,24.83,2026-05-29 10:00:00+05:30
o3,23.92,2026-05-29 10:15:00+05:30
o3,24.86,2026-05-29 10:30:00+05:30
o3,24.78,2026-05-29 10:45:00+05:30
o3,32.65,2026-05-29 11:00:00+05:30
o3,33.25,2026-05-29 11:15:00+05:30
o3,34.12,2026-05-29 11:30:00+05:30
o3,34.17,2026-05-29 11:45:00+05:30
o3,33.38,2026-05-29 13:00:00+05:30
o3,33.06,2026-05-29 13:15:00+05:30
o3,33.38,2026-05-29 13:30:00+05:30
o3,33.26,2026-05-29 13:45:00+05:30
o3,33.83,2026-05-29 14:00:00+05:30
o3,37.23,2026-05-29 14:15:00+05:30
o3,36.72,2026-05-29 14:30:00+05:30
o3,32.91,2026-05-29 15:45:00+05:30
o3,34.44,2026-05-29 16:00:00+05:30
o3,33.59,2026-05-29 16:15:00+05:30
o3,35.55,2026-05-29 16:30:00+05:30
o3,28.73,2026-05-29 16:45:00+05:30
o3,29.75,2026-05-29 17:00:00+05:30
o3,30.2,2026-05-29 17:15:00+05:30
o3,21.93,2026-05-29 17:30:00+05:30
o3,19.65,2026-05-29 17:45:00+05:30
o3,18.99,2026-05-29 18:00:00+05:30
o3,18.94,2026-05-29 18:15:00+05:30
o3,18.65,2026-05-29 18:30:00+05:30
o3,18.09,2026-05-29 18:45:00+05:30
o3,18.19,2026-05-29 19:00:00+05:30
o3,18.69,2026-05-29 19:15:00+05:30
o3,18.39,2026-05-29 19:30:00+05:30
o3,17.84,2026-05-29 19:45:00+05:30
o3,18.04,2026-05-29 20:00:00+05:30
o3,17.93,2026-05-29 20:15:00+05:30
o3,17.78,2026-05-29 20:30:00+05:30
o3,17.56,2026-05-29 20:45:00+05:30
o3,17.01,2026-05-29 21:00:00+05:30
o3,17.75,2026-05-29 21:15:00+05:30
o3,17.77,2026-05-29 21:30:00+05:30
o3,17.76,2026-05-29 21:45:00+05:30
o3,17.32,2026-05-29 22:00:00+05:30
o3,17.65,2026-05-29 22:15:00+05:30
o3,17.69,2026-05-29 22:30:00+05:30
o3,17.87,2026-05-29 22:45:00+05:30
o3,17.27,2026-05-29 23:00:00+05:30
o3,17.81,2026-05-29 23:15:00+05:30
o3,17.28,2026-05-29 23:30:00+05:30
o3,17.1,2026-05-29 23:45:00+05:30
o3,17.71,2026-05-30 00:45:00+05:30
o3,17.33,2026-05-30 01:00:00+05:30
o3,17.42,2026-05-30 01:15:00+05:30
o3,17.87,2026-05-30 01:30:00+05:30
o3,17.39,2026-05-30 01:45:00+05:30
o3,17.77,2026-05-30 02:00:00+05:30
o3,17.76,2026-05-30 02:15:00+05:30
o3,17.39,2026-05-30 02:30:00+05:30
o3,17.98,2026-05-30 02:45:00+05:30
o3,17.93,2026-05-30 03:00:00+05:30
o3,18.06,2026-05-30 03:15:00+05:30
o3,17.87,2026-05-30 03:30:00+05:30
o3,17.77,2026-05-30 03:45:00+05:30
o3,18.27,2026-05-30 04:00:00+05:30
o3,17.82,2026-05-30 04:15:00+05:30
o3,17.75,2026-05-30 04:30:00+05:30
o3,17.82,2026-05-30 04:45:00+05:30
o3,17.4,2026-05-30 05:00:00+05:30
o3,18.13,2026-05-30 05:15:00+05:30
o3,17.93,2026-05-30 05:30:00+05:30
o3,17.32,2026-05-30 05:45:00+05:30
o3,17.66,2026-05-30 06:00:00+05:30
o3,17.48,2026-05-30 06:15:00+05:30
o3,17.99,2026-05-30 06:30:00+05:30
o3,17.14,2026-05-30 06:45:00+05:30
o3,17.81,2026-05-30 07:00:00+05:30
o3,17.81,2026-05-30 07:15:00+05:30
o3,17.44,2026-05-30 07:30:00+05:30
o3,17.9,2026-05-30 07:45:00+05:30
o3,17.71,2026-05-30 08:00:00+05:30
o3,18.32,2026-05-30 08:15:00+05:30
o3,18.38,2026-05-30 08:30:00+05:30
o3,18.01,2026-05-30 08:45:00+05:30
o3,18.07,2026-05-30 09:00:00+05:30
o3,18.36,2026-05-30 09:15:00+05:30
o3,19.04,2026-05-30 09:30:00+05:30
o3,18.72,2026-05-30 09:45:00+05:30
o3,18.95,2026-05-30 10:00:00+05:30
o3,19.06,2026-05-30 10:15:00+05:30
o3,18.87,2026-05-30 10:30:00+05:30
o3,18.77,2026-05-30 10:45:00+05:30
o3,18.74,2026-05-30 11:00:00+05:30
o3,19.65,2026-05-30 11:15:00+05:30
o3,19.95,2026-05-30 11:30:00+05:30
o3,18.74,2026-05-30 11:45:00+05:30
o3,19.79,2026-05-30 12:00:00+05:30
o3,18.92,2026-05-30 12:15:00+05:30
o3,19.58,2026-05-30 12:30:00+05:30
o3,19.24,2026-05-30 12:45:00+05:30
o3,19.59,2026-05-30 13:00:00+05:30
o3,19.49,2026-05-30 13:15:00+05:30
o3,19.67,2026-05-30 13:30:00+05:30
o3,19.26,2026-05-30 14:00:00+05:30
o3,18.96,2026-05-30 14:15:00+05:30
o3,18.96,2026-05-30 14:30:00+05:30
o3,19.45,2026-05-30 14:45:00+05:30
o3,19.69,2026-05-30 15:00:00+05:30
o3,19.48,2026-05-30 15:15:00+05:30
o3,20.49,2026-05-30 15:30:00+05:30
o3,19.6,2026-05-30 15:45:00+05:30
o3,19.29,2026-05-30 16:00:00+05:30
o3,20.9,2026-05-30 16:15:00+05:30
o3,21.77,2026-05-30 16:30:00+05:30
o3,23.82,2026-05-30 16:45:00+05:30
o3,29.45,2026-05-30 17:00:00+05:30
o3,23.04,2026-05-30 17:15:00+05:30
o3,21.15,2026-05-30 17:30:00+05:30
o3,20.84,2026-05-30 17:45:00+05:30
o3,19.99,2026-05-30 18:00:00+05:30
o3,19.91,2026-05-30 18:15:00+05:30
o3,19.73,2026-05-30 18:30:00+05:30
o3,19.81,2026-05-30 18:45:00+05:30
o3,19.57,2026-05-30 19:00:00+05:30
o3,19.62,2026-05-30 19:15:00+05:30
o3,19.48,2026-05-30 19:30:00+05:30
o3,20.11,2026-05-30 19:45:00+05:30
o3,19.3,2026-05-30 20:00:00+05:30
o3,19.86,2026-05-30 20:15:00+05:30
o3,19.08,2026-05-30 20:30:00+05:30
o3,19.36,2026-05-30 20:45:00+05:30
o3,18.94,2026-05-30 21:00:00+05:30
o3,18.97,2026-05-30 21:15:00+05:30
o3,19.53,2026-05-30 21:30:00+05:30
o3,19.17,2026-05-30 21:45:00+05:30
o3,19.5,2026-05-30 22:00:00+05:30
o3,19.15,2026-05-30 22:15:00+05:30
o3,19.81,2026-05-30 22:30:00+05:30
o3,19.38,2026-05-30 22:45:00+05:30
o3,20.04,2026-05-30 23:00:00+05:30
o3,19.32,2026-05-30 23:15:00+05:30
o3,19.82,2026-05-30 23:30:00+05:30
o3,19.1,2026-05-30 23:45:00+05:30
o3,19.47,2026-05-31 00:45:00+05:30
o3,19.3,2026-05-31 01:00:00+05:30
o3,19.11,2026-05-31 01:15:00+05:30
o3,19.75,2026-05-31 01:30:00+05:30
o3,18.89,2026-05-31 01:45:00+05:30
o3,18.66,2026-05-31 02:00:00+05:30
o3,19.65,2026-05-31 02:15:00+05:30
o3,18.89,2026-05-31 02:30:00+05:30
pm10,235.11,2026-05-19 05:45:00+05:30
pm10,233.0,2026-05-19 06:00:00+05:30
pm10,233.0,2026-05-19 06:15:00+05:30
pm10,233.0,2026-05-19 06:30:00+05:30
pm10,233.0,2026-05-19 06:45:00+05:30
pm10,257.0,2026-05-19 07:00:00+05:30
pm10,257.0,2026-05-19 07:15:00+05:30
pm10,257.0,2026-05-19 07:30:00+05:30
pm10,254.05,2026-05-19 07:45:00+05:30
pm10,301.0,2026-05-19 08:00:00+05:30
pm10,301.0,2026-05-19 08:15:00+05:30
pm10,301.0,2026-05-19 08:30:00+05:30
pm10,295.74,2026-05-19 08:45:00+05:30
pm10,242.68,2026-05-19 09:00:00+05:30
pm10,245.0,2026-05-19 09:15:00+05:30
pm10,245.0,2026-05-19 09:30:00+05:30
pm10,242.68,2026-05-19 09:45:00+05:30
pm10,237.0,2026-05-19 10:00:00+05:30
pm10,237.0,2026-05-19 10:15:00+05:30
pm10,237.0,2026-05-19 10:30:00+05:30
pm10,235.11,2026-05-19 10:45:00+05:30
pm10,213.0,2026-05-19 11:00:00+05:30
pm10,213.0,2026-05-19 11:30:00+05:30
pm10,213.0,2026-05-19 11:45:00+05:30
pm10,193.0,2026-05-19 12:00:00+05:30
pm10,193.0,2026-05-19 12:15:00+05:30
pm10,193.0,2026-05-19 12:30:00+05:30
pm10,193.0,2026-05-19 12:45:00+05:30
pm10,152.0,2026-05-19 13:00:00+05:30
pm10,152.0,2026-05-19 13:15:00+05:30
pm10,152.0,2026-05-19 13:30:00+05:30
pm10,152.0,2026-05-19 13:45:00+05:30
pm10,103.0,2026-05-19 14:45:00+05:30
pm10,64.0,2026-05-19 15:00:00+05:30
pm10,64.0,2026-05-19 15:15:00+05:30
pm10,64.0,2026-05-19 15:30:00+05:30
pm10,64.0,2026-05-19 15:45:00+05:30
pm10,98.68,2026-05-19 16:00:00+05:30
pm10,93.0,2026-05-19 16:15:00+05:30
pm10,93.0,2026-05-19 16:30:00+05:30
pm10,93.0,2026-05-19 16:45:00+05:30
pm10,106.0,2026-05-19 17:00:00+05:30
pm10,106.0,2026-05-19 17:15:00+05:30
pm10,106.0,2026-05-19 17:30:00+05:30
pm10,106.0,2026-05-19 17:45:00+05:30
pm10,145.11,2026-05-19 18:00:00+05:30
pm10,142.0,2026-05-19 18:15:00+05:30
pm10,142.0,2026-05-19 18:30:00+05:30
pm10,145.11,2026-05-19 18:45:00+05:30
pm10,129.0,2026-05-19 19:00:00+05:30
pm10,129.0,2026-05-19 19:15:00+05:30
pm10,129.0,2026-05-19 19:30:00+05:30
pm10,129.0,2026-05-19 19:45:00+05:30
pm10,229.0,2026-05-19 20:15:00+05:30
pm10,229.0,2026-05-19 20:30:00+05:30
pm10,229.0,2026-05-19 20:45:00+05:30
pm10,318.0,2026-05-19 21:00:00+05:30
pm10,318.0,2026-05-19 21:15:00+05:30
pm10,318.0,2026-05-19 21:30:00+05:30
pm10,311.84,2026-05-19 21:45:00+05:30
pm10,312.79,2026-05-19 22:00:00+05:30
pm10,312.79,2026-05-19 22:15:00+05:30
pm10,319.0,2026-05-19 22:30:00+05:30
pm10,312.79,2026-05-19 22:45:00+05:30
pm10,265.0,2026-05-19 23:00:00+05:30
pm10,265.0,2026-05-19 23:15:00+05:30
pm10,265.0,2026-05-19 23:30:00+05:30
pm10,265.0,2026-05-19 23:45:00+05:30
pm10,224.0,2026-05-20 00:45:00+05:30
pm10,225.0,2026-05-20 01:00:00+05:30
pm10,225.0,2026-05-20 01:15:00+05:30
pm10,225.0,2026-05-20 01:30:00+05:30
pm10,223.74,2026-05-20 01:45:00+05:30
pm10,206.68,2026-05-20 02:00:00+05:30
pm10,207.0,2026-05-20 02:15:00+05:30
pm10,207.0,2026-05-20 02:30:00+05:30
pm10,207.0,2026-05-20 02:45:00+05:30
pm10,175.42,2026-05-20 03:00:00+05:30
pm10,174.0,2026-05-20 03:15:00+05:30
pm10,174.0,2026-05-20 03:30:00+05:30
pm10,175.42,2026-05-20 03:45:00+05:30
pm10,172.58,2026-05-20 04:00:00+05:30
pm10,171.0,2026-05-20 04:15:00+05:30
pm10,171.0,2026-05-20 04:30:00+05:30
pm10,171.0,2026-05-20 04:45:00+05:30
pm10,180.0,2026-05-20 05:00:00+05:30
pm10,180.0,2026-05-20 05:15:00+05:30
pm10,180.0,2026-05-20 05:30:00+05:30
pm10,180.0,2026-05-20 05:45:00+05:30
pm10,178.26,2026-05-20 06:00:00+05:30
pm10,177.0,2026-05-20 06:15:00+05:30
pm10,177.0,2026-05-20 06:30:00+05:30
pm10,178.26,2026-05-20 06:45:00+05:30
pm10,192.0,2026-05-20 07:00:00+05:30
pm10,192.0,2026-05-20 07:15:00+05:30
pm10,192.0,2026-05-20 07:30:00+05:30
pm10,192.0,2026-05-20 07:45:00+05:30
pm10,197.0,2026-05-20 08:00:00+05:30
pm10,197.0,2026-05-20 08:15:00+05:30
pm10,197.0,2026-05-20 08:30:00+05:30
pm10,197.0,2026-05-20 08:45:00+05:30
pm10,185.84,2026-05-20 09:00:00+05:30
pm10,185.0,2026-05-20 09:15:00+05:30
pm10,185.0,2026-05-20 09:30:00+05:30
pm10,171.0,2026-05-20 10:15:00+05:30
pm10,171.0,2026-05-20 10:30:00+05:30
pm10,171.0,2026-05-20 10:45:00+05:30
pm10,124.0,2026-05-20 12:00:00+05:30
pm10,124.0,2026-05-20 12:15:00+05:30
pm10,124.0,2026-05-20 12:30:00+05:30
pm10,128.05,2026-05-20 12:45:00+05:30
pm10,100.0,2026-05-20 13:00:00+05:30
pm10,100.0,2026-05-20 13:15:00+05:30
pm10,100.0,2026-05-20 13:30:00+05:30
pm10,100.0,2026-05-20 13:45:00+05:30
pm10,102.0,2026-05-20 14:00:00+05:30
pm10,102.0,2026-05-20 14:15:00+05:30
pm10,102.0,2026-05-20 14:30:00+05:30
pm10,102.0,2026-05-20 14:45:00+05:30
pm10,126.0,2026-05-20 15:00:00+05:30
pm10,126.0,2026-05-20 15:15:00+05:30
pm10,126.0,2026-05-20 15:30:00+05:30
pm10,126.0,2026-05-20 15:45:00+05:30
pm10,96.0,2026-05-20 16:00:00+05:30
pm10,96.0,2026-05-20 16:15:00+05:30
pm10,96.0,2026-05-20 16:30:00+05:30
pm10,101.53,2026-05-20 16:45:00+05:30
pm10,113.84,2026-05-20 17:00:00+05:30
pm10,109.0,2026-05-20 17:15:00+05:30
pm10,109.0,2026-05-20 17:30:00+05:30
pm10,113.84,2026-05-20 17:45:00+05:30
pm10,105.32,2026-05-20 18:00:00+05:30
pm10,100.0,2026-05-20 18:15:00+05:30
pm10,100.0,2026-05-20 18:30:00+05:30
pm10,100.0,2026-05-20 18:45:00+05:30
pm10,110.0,2026-05-20 19:00:00+05:30
pm10,110.0,2026-05-20 19:15:00+05:30
pm10,110.0,2026-05-20 19:30:00+05:30
pm10,110.0,2026-05-20 19:45:00+05:30
pm10,206.0,2026-05-20 20:00:00+05:30
pm10,206.0,2026-05-20 20:15:00+05:30
pm10,206.0,2026-05-20 20:30:00+05:30
pm10,206.0,2026-05-20 20:45:00+05:30
pm10,190.61,2026-05-20 21:00:00+05:30
pm10,190.0,2026-05-20 21:15:00+05:30
pm10,190.0,2026-05-20 21:30:00+05:30
pm10,190.58,2026-05-20 21:45:00+05:30
pm10,151.0,2026-05-20 22:00:00+05:30
pm10,151.0,2026-05-20 22:15:00+05:30
pm10,151.0,2026-05-20 22:30:00+05:30
pm10,151.0,2026-05-20 22:45:00+05:30
pm10,155.0,2026-05-20 23:00:00+05:30
pm10,155.0,2026-05-20 23:15:00+05:30
pm10,155.0,2026-05-20 23:30:00+05:30
pm10,155.0,2026-05-20 23:45:00+05:30
pm10,164.05,2026-05-21 00:45:00+05:30
pm10,165.0,2026-05-21 01:00:00+05:30
pm10,165.0,2026-05-21 01:15:00+05:30
pm10,165.0,2026-05-21 01:30:00+05:30
pm10,165.0,2026-05-21 01:45:00+05:30
pm10,198.0,2026-05-21 02:00:00+05:30
pm10,198.0,2026-05-21 02:15:00+05:30
pm10,198.0,2026-05-21 02:30:00+05:30
pm10,198.16,2026-05-21 02:45:00+05:30
pm10,182.0,2026-05-21 03:00:00+05:30
pm10,182.0,2026-05-21 03:15:00+05:30
pm10,182.0,2026-05-21 03:30:00+05:30
pm10,182.0,2026-05-21 03:45:00+05:30
pm10,162.0,2026-05-21 04:15:00+05:30
pm10,162.0,2026-05-21 04:30:00+05:30
pm10,162.0,2026-05-21 04:45:00+05:30
pm10,134.68,2026-05-21 05:00:00+05:30
pm10,131.0,2026-05-21 05:15:00+05:30
pm10,131.0,2026-05-21 05:30:00+05:30
pm10,131.0,2026-05-21 05:45:00+05:30
pm10,149.0,2026-05-21 06:45:00+05:30
pm10,204.79,2026-05-21 07:00:00+05:30
pm10,205.0,2026-05-21 07:15:00+05:30
pm10,205.0,2026-05-21 07:30:00+05:30
pm10,205.0,2026-05-21 07:45:00+05:30
pm10,236.05,2026-05-21 08:00:00+05:30
pm10,236.05,2026-05-21 08:15:00+05:30
pm10,238.0,2026-05-21 08:30:00+05:30
pm10,238.0,2026-05-21 08:45:00+05:30
pm10,345.0,2026-05-21 09:00:00+05:30
pm10,345.0,2026-05-21 09:15:00+05:30
pm10,345.0,2026-05-21 09:30:00+05:30
pm10,345.0,2026-05-21 09:45:00+05:30
pm10,403.0,2026-05-21 10:00:00+05:30
pm10,403.0,2026-05-21 10:15:00+05:30
pm10,403.0,2026-05-21 10:30:00+05:30
pm10,403.0,2026-05-21 10:45:00+05:30
pm10,0.0,2026-05-21 11:00:00+05:30
pm10,0.0,2026-05-21 11:15:00+05:30
pm10,0.0,2026-05-21 11:30:00+05:30
pm10,10.58,2026-05-21 11:45:00+05:30
pm10,342.16,2026-05-21 12:00:00+05:30
pm10,342.16,2026-05-21 12:15:00+05:30
pm10,350.0,2026-05-21 12:30:00+05:30
pm10,342.16,2026-05-21 12:45:00+05:30
pm10,315.0,2026-05-21 13:00:00+05:30
pm10,315.0,2026-05-21 13:15:00+05:30
pm10,315.0,2026-05-21 13:30:00+05:30
pm10,315.0,2026-05-21 13:45:00+05:30
pm10,258.0,2026-05-21 14:30:00+05:30
pm10,258.0,2026-05-21 14:45:00+05:30
pm10,243.0,2026-05-21 15:00:00+05:30
pm10,243.0,2026-05-21 15:15:00+05:30
pm10,243.0,2026-05-21 15:30:00+05:30
pm10,243.0,2026-05-21 15:45:00+05:30
pm10,220.89,2026-05-21 16:00:00+05:30
pm10,222.0,2026-05-21 16:15:00+05:30
pm10,222.0,2026-05-21 16:30:00+05:30
pm10,222.0,2026-05-21 16:45:00+05:30
pm10,204.0,2026-05-21 17:00:00+05:30
pm10,203.84,2026-05-21 17:15:00+05:30
pm10,204.0,2026-05-21 17:30:00+05:30
pm10,203.84,2026-05-21 17:45:00+05:30
pm10,200.0,2026-05-21 18:00:00+05:30
pm10,200.05,2026-05-21 18:15:00+05:30
pm10,200.0,2026-05-21 18:30:00+05:30
pm10,200.0,2026-05-21 18:45:00+05:30
pm10,256.0,2026-05-21 19:00:00+05:30
pm10,253.11,2026-05-21 19:15:00+05:30
pm10,256.0,2026-05-21 19:30:00+05:30
pm10,253.11,2026-05-21 19:45:00+05:30
pm10,258.0,2026-05-21 20:00:00+05:30
pm10,258.0,2026-05-21 20:15:00+05:30
pm10,258.0,2026-05-21 20:30:00+05:30
pm10,258.0,2026-05-21 20:45:00+05:30
pm10,292.0,2026-05-21 21:00:00+05:30
pm10,292.0,2026-05-21 21:15:00+05:30
pm10,292.0,2026-05-21 21:30:00+05:30
pm10,292.0,2026-05-21 21:45:00+05:30
pm10,258.0,2026-05-21 22:00:00+05:30
pm10,258.0,2026-05-21 22:15:00+05:30
pm10,258.0,2026-05-21 22:30:00+05:30
pm10,258.0,2026-05-21 22:45:00+05:30
pm10,215.0,2026-05-21 23:00:00+05:30
pm10,215.0,2026-05-21 23:15:00+05:30
pm10,215.0,2026-05-21 23:30:00+05:30
pm10,214.26,2026-05-21 23:45:00+05:30
pm10,143.0,2026-05-22 00:45:00+05:30
pm10,186.0,2026-05-22 01:00:00+05:30
pm10,186.0,2026-05-22 01:15:00+05:30
pm10,186.0,2026-05-22 01:30:00+05:30
pm10,186.0,2026-05-22 01:45:00+05:30
pm10,147.95,2026-05-22 02:00:00+05:30
pm10,145.0,2026-05-22 02:15:00+05:30
pm10,145.0,2026-05-22 02:30:00+05:30
pm10,147.95,2026-05-22 02:45:00+05:30
pm10,167.0,2026-05-22 03:00:00+05:30
pm10,168.79,2026-05-22 03:15:00+05:30
pm10,167.0,2026-05-22 03:30:00+05:30
pm10,167.0,2026-05-22 03:45:00+05:30
pm10,172.58,2026-05-22 04:00:00+05:30
pm10,171.0,2026-05-22 04:15:00+05:30
pm10,171.0,2026-05-22 04:45:00+05:30
pm10,144.0,2026-05-22 05:00:00+05:30
pm10,144.0,2026-05-22 05:15:00+05:30
pm10,144.0,2026-05-22 05:30:00+05:30
pm10,144.0,2026-05-22 05:45:00+05:30
pm10,143.0,2026-05-22 06:00:00+05:30
pm10,143.0,2026-05-22 06:15:00+05:30
pm10,143.0,2026-05-22 06:30:00+05:30
pm10,143.0,2026-05-22 06:45:00+05:30
pm10,178.26,2026-05-22 07:00:00+05:30
pm10,177.0,2026-05-22 07:15:00+05:30
pm10,177.0,2026-05-22 07:30:00+05:30
pm10,177.0,2026-05-22 07:45:00+05:30
pm10,239.84,2026-05-22 08:00:00+05:30
pm10,242.0,2026-05-22 08:15:00+05:30
pm10,242.0,2026-05-22 08:30:00+05:30
pm10,239.84,2026-05-22 08:45:00+05:30
pm10,261.0,2026-05-22 09:00:00+05:30
pm10,261.0,2026-05-22 09:15:00+05:30
pm10,261.0,2026-05-22 09:30:00+05:30
pm10,261.0,2026-05-22 09:45:00+05:30
pm10,227.0,2026-05-22 11:45:00+05:30
pm10,198.16,2026-05-22 12:00:00+05:30
pm10,198.0,2026-05-22 12:15:00+05:30
pm10,198.0,2026-05-22 12:30:00+05:30
pm10,198.16,2026-05-22 12:45:00+05:30
pm10,175.0,2026-05-22 13:00:00+05:30
pm10,175.0,2026-05-22 13:15:00+05:30
pm10,175.0,2026-05-22 13:30:00+05:30
pm10,176.37,2026-05-22 13:45:00+05:30
pm10,159.0,2026-05-22 14:15:00+05:30
pm10,159.0,2026-05-22 14:30:00+05:30
pm10,159.0,2026-05-22 14:45:00+05:30
pm10,179.0,2026-05-22 15:00:00+05:30
pm10,180.16,2026-05-22 15:15:00+05:30
pm10,179.0,2026-05-22 15:30:00+05:30
pm10,179.0,2026-05-22 15:45:00+05:30
pm10,211.0,2026-05-22 16:00:00+05:30
pm10,211.0,2026-05-22 16:15:00+05:30
pm10,211.0,2026-05-22 16:30:00+05:30
pm10,210.47,2026-05-22 16:45:00+05:30
pm10,136.0,2026-05-22 17:15:00+05:30
pm10,136.0,2026-05-22 17:30:00+05:30
pm10,139.42,2026-05-22 17:45:00+05:30
pm10,207.63,2026-05-22 18:00:00+05:30
pm10,207.63,2026-05-22 18:15:00+05:30
pm10,208.0,2026-05-22 18:30:00+05:30
pm10,208.0,2026-05-22 18:45:00+05:30
pm10,219.0,2026-05-22 19:00:00+05:30
pm10,219.0,2026-05-22 19:15:00+05:30
pm10,219.0,2026-05-22 19:30:00+05:30
pm10,218.05,2026-05-22 19:45:00+05:30
pm10,221.0,2026-05-22 20:00:00+05:30
pm10,219.95,2026-05-22 20:15:00+05:30
pm10,221.0,2026-05-22 20:30:00+05:30
pm10,221.0,2026-05-22 20:45:00+05:30
pm10,187.0,2026-05-22 21:00:00+05:30
pm10,187.0,2026-05-22 21:15:00+05:30
pm10,187.0,2026-05-22 21:30:00+05:30
pm10,187.0,2026-05-22 21:45:00+05:30
pm10,196.0,2026-05-22 22:00:00+05:30
pm10,196.0,2026-05-22 22:15:00+05:30
pm10,196.0,2026-05-22 22:30:00+05:30
pm10,196.0,2026-05-22 22:45:00+05:30
pm10,199.0,2026-05-22 23:00:00+05:30
pm10,199.11,2026-05-22 23:15:00+05:30
pm10,199.0,2026-05-22 23:30:00+05:30
pm10,199.0,2026-05-22 23:45:00+05:30
pm10,177.32,2026-05-23 01:45:00+05:30
pm10,159.32,2026-05-23 02:00:00+05:30
pm10,157.0,2026-05-23 02:15:00+05:30
pm10,157.0,2026-05-23 02:30:00+05:30
pm10,159.32,2026-05-23 02:45:00+05:30
pm10,171.63,2026-05-23 03:00:00+05:30
pm10,170.0,2026-05-23 03:15:00+05:30
pm10,170.0,2026-05-23 03:30:00+05:30
pm10,171.63,2026-05-23 03:45:00+05:30
pm10,285.32,2026-05-23 04:00:00+05:30
pm10,290.0,2026-05-23 04:15:00+05:30
pm10,290.0,2026-05-23 04:30:00+05:30
pm10,290.0,2026-05-23 04:45:00+05:30
pm10,243.0,2026-05-23 05:00:00+05:30
pm10,243.0,2026-05-23 05:15:00+05:30
pm10,243.0,2026-05-23 05:30:00+05:30
pm10,243.0,2026-05-23 05:45:00+05:30
pm10,287.0,2026-05-23 06:00:00+05:30
pm10,287.0,2026-05-23 06:15:00+05:30
pm10,287.0,2026-05-23 06:30:00+05:30
pm10,287.0,2026-05-23 06:45:00+05:30
pm10,298.0,2026-05-23 07:00:00+05:30
pm10,298.0,2026-05-23 07:15:00+05:30
pm10,298.0,2026-05-23 07:30:00+05:30
pm10,298.0,2026-05-23 07:45:00+05:30
pm10,302.0,2026-05-23 08:00:00+05:30
pm10,302.0,2026-05-23 08:15:00+05:30
pm10,302.0,2026-05-23 08:30:00+05:30
pm10,302.0,2026-05-23 08:45:00+05:30
pm10,106.0,2026-05-23 09:00:00+05:30
pm10,106.0,2026-05-23 09:15:00+05:30
pm10,106.0,2026-05-23 09:30:00+05:30
pm10,111.0,2026-05-23 09:45:00+05:30
pm10,124.0,2026-05-23 10:00:00+05:30
pm10,124.0,2026-05-23 10:15:00+05:30
pm10,124.0,2026-05-23 10:30:00+05:30
pm10,128.05,2026-05-23 10:45:00+05:30
pm10,148.89,2026-05-23 11:00:00+05:30
pm10,146.0,2026-05-23 11:15:00+05:30
pm10,146.0,2026-05-23 11:30:00+05:30
pm10,146.0,2026-05-23 11:45:00+05:30
pm10,122.0,2026-05-23 12:00:00+05:30
pm10,122.0,2026-05-23 12:15:00+05:30
pm10,122.0,2026-05-23 12:30:00+05:30
pm10,122.0,2026-05-23 12:45:00+05:30
pm10,148.0,2026-05-23 13:00:00+05:30
pm10,148.0,2026-05-23 13:15:00+05:30
pm10,148.0,2026-05-23 13:30:00+05:30
pm10,148.0,2026-05-23 13:45:00+05:30
pm10,163.0,2026-05-23 14:00:00+05:30
pm10,163.0,2026-05-23 14:15:00+05:30
pm10,163.0,2026-05-23 14:30:00+05:30
pm10,165.0,2026-05-23 14:45:00+05:30
pm10,358.0,2026-05-23 15:15:00+05:30
pm10,358.0,2026-05-23 15:30:00+05:30
pm10,358.0,2026-05-23 15:45:00+05:30
pm10,241.0,2026-05-23 16:00:00+05:30
pm10,241.0,2026-05-23 16:15:00+05:30
pm10,241.0,2026-05-23 16:30:00+05:30
pm10,238.89,2026-05-23 16:45:00+05:30
pm10,161.21,2026-05-23 17:00:00+05:30
pm10,159.0,2026-05-23 17:15:00+05:30
pm10,159.0,2026-05-23 17:30:00+05:30
pm10,159.0,2026-05-23 17:45:00+05:30
pm10,161.0,2026-05-23 18:00:00+05:30
pm10,161.0,2026-05-23 18:15:00+05:30
pm10,161.0,2026-05-23 18:30:00+05:30
pm10,161.0,2026-05-23 18:45:00+05:30
pm10,140.0,2026-05-23 19:00:00+05:30
pm10,140.0,2026-05-23 19:15:00+05:30
pm10,140.0,2026-05-23 19:30:00+05:30
pm10,140.0,2026-05-23 19:45:00+05:30
pm10,272.0,2026-05-23 20:00:00+05:30
pm10,272.0,2026-05-23 20:15:00+05:30
pm10,272.0,2026-05-23 20:30:00+05:30
pm10,272.0,2026-05-23 20:45:00+05:30
pm10,282.0,2026-05-23 21:00:00+05:30
pm10,282.0,2026-05-23 21:15:00+05:30
pm10,282.0,2026-05-23 21:30:00+05:30
pm10,282.0,2026-05-23 21:45:00+05:30
pm10,279.0,2026-05-23 22:00:00+05:30
pm10,279.0,2026-05-23 22:15:00+05:30
pm10,279.0,2026-05-23 22:30:00+05:30
pm10,279.0,2026-05-23 22:45:00+05:30
pm10,251.0,2026-05-23 23:00:00+05:30
pm10,251.0,2026-05-23 23:15:00+05:30
pm10,251.0,2026-05-23 23:30:00+05:30
pm10,251.0,2026-05-23 23:45:00+05:30
pm10,218.05,2026-05-24 01:45:00+05:30
pm10,239.0,2026-05-24 02:00:00+05:30
pm10,239.0,2026-05-24 02:15:00+05:30
pm10,239.0,2026-05-24 02:30:00+05:30
pm10,239.0,2026-05-24 02:45:00+05:30
pm10,257.84,2026-05-24 03:00:00+05:30
pm10,257.84,2026-05-24 03:15:00+05:30
pm10,261.0,2026-05-24 03:30:00+05:30
pm10,261.0,2026-05-24 03:45:00+05:30
pm10,243.63,2026-05-24 04:00:00+05:30
pm10,246.0,2026-05-24 04:15:00+05:30
pm10,246.0,2026-05-24 04:30:00+05:30
pm10,246.0,2026-05-24 04:45:00+05:30
pm10,242.68,2026-05-24 05:00:00+05:30
pm10,245.0,2026-05-24 05:15:00+05:30
pm10,245.0,2026-05-24 05:30:00+05:30
pm10,245.0,2026-05-24 05:45:00+05:30
pm10,230.0,2026-05-24 06:00:00+05:30
pm10,230.0,2026-05-24 06:15:00+05:30
pm10,230.0,2026-05-24 06:30:00+05:30
pm10,230.0,2026-05-24 06:45:00+05:30
pm10,268.26,2026-05-24 07:00:00+05:30
pm10,268.26,2026-05-24 07:15:00+05:30
pm10,272.0,2026-05-24 07:30:00+05:30
pm10,268.26,2026-05-24 07:45:00+05:30
pm10,291.67,2026-05-24 08:00:00+05:30
pm10,297.0,2026-05-24 08:30:00+05:30
pm10,291.95,2026-05-24 08:45:00+05:30
pm10,283.42,2026-05-24 09:00:00+05:30
pm10,283.42,2026-05-24 09:15:00+05:30
pm10,288.0,2026-05-24 09:30:00+05:30
pm10,283.42,2026-05-24 09:45:00+05:30
pm10,213.32,2026-05-24 10:00:00+05:30
pm10,214.0,2026-05-24 10:15:00+05:30
pm10,214.0,2026-05-24 10:30:00+05:30
pm10,214.0,2026-05-24 10:45:00+05:30
pm10,147.0,2026-05-24 11:00:00+05:30
pm10,144.0,2026-05-24 11:15:00+05:30
pm10,144.0,2026-05-24 11:30:00+05:30
pm10,147.0,2026-05-24 11:45:00+05:30
pm10,124.0,2026-05-24 12:00:00+05:30
pm10,124.0,2026-05-24 12:15:00+05:30
pm10,124.0,2026-05-24 12:30:00+05:30
pm10,124.0,2026-05-24 12:45:00+05:30
pm10,97.0,2026-05-24 13:00:00+05:30
pm10,97.0,2026-05-24 13:15:00+05:30
pm10,97.0,2026-05-24 13:30:00+05:30
pm10,97.0,2026-05-24 13:45:00+05:30
pm10,105.0,2026-05-24 14:00:00+05:30
pm10,105.0,2026-05-24 14:15:00+05:30
pm10,105.0,2026-05-24 14:30:00+05:30
pm10,110.05,2026-05-24 14:45:00+05:30
pm10,129.0,2026-05-24 15:00:00+05:30
pm10,129.0,2026-05-24 15:15:00+05:30
pm10,125.0,2026-05-24 15:30:00+05:30
pm10,125.0,2026-05-24 15:45:00+05:30
pm10,11.17,2026-05-24 16:00:00+05:30
pm10,0.0,2026-05-24 16:15:00+05:30
pm10,0.0,2026-05-24 16:30:00+05:30
pm10,0.0,2026-05-24 16:45:00+05:30
pm10,0.0,2026-05-24 17:15:00+05:30
pm10,0.0,2026-05-24 17:30:00+05:30
pm10,0.0,2026-05-24 17:45:00+05:30
pm10,0.0,2026-05-24 18:00:00+05:30
pm10,0.0,2026-05-24 18:15:00+05:30
pm10,0.0,2026-05-24 18:30:00+05:30
pm10,0.0,2026-05-24 18:45:00+05:30
pm10,0.0,2026-05-24 19:00:00+05:30
pm10,0.0,2026-05-24 19:15:00+05:30
pm10,0.0,2026-05-24 19:45:00+05:30
pm10,0.0,2026-05-24 20:00:00+05:30
pm10,0.0,2026-05-24 20:15:00+05:30
pm10,0.0,2026-05-24 20:30:00+05:30
pm10,0.0,2026-05-24 20:45:00+05:30
pm10,0.0,2026-05-24 21:00:00+05:30
pm10,0.0,2026-05-24 21:15:00+05:30
pm10,0.0,2026-05-24 21:30:00+05:30
pm10,0.0,2026-05-24 21:45:00+05:30
pm10,0.0,2026-05-24 22:00:00+05:30
pm10,0.0,2026-05-24 22:15:00+05:30
pm10,0.0,2026-05-24 22:30:00+05:30
pm10,0.0,2026-05-24 22:45:00+05:30
pm10,0.0,2026-05-24 23:00:00+05:30
pm10,0.0,2026-05-24 23:15:00+05:30
pm10,0.0,2026-05-24 23:30:00+05:30
pm10,0.0,2026-05-24 23:45:00+05:30
pm10,0.0,2026-05-25 00:45:00+05:30
pm10,0.0,2026-05-25 01:00:00+05:30
pm10,0.0,2026-05-25 01:15:00+05:30
pm10,0.0,2026-05-25 01:30:00+05:30
pm10,0.0,2026-05-25 01:45:00+05:30
pm10,0.0,2026-05-25 02:00:00+05:30
pm10,0.0,2026-05-25 02:15:00+05:30
pm10,0.0,2026-05-25 02:30:00+05:30
pm10,0.0,2026-05-25 02:45:00+05:30
pm10,0.0,2026-05-25 03:00:00+05:30
pm10,0.0,2026-05-25 03:15:00+05:30
pm10,0.0,2026-05-25 03:30:00+05:30
pm10,0.0,2026-05-25 03:45:00+05:30
pm10,0.0,2026-05-25 04:00:00+05:30
pm10,0.0,2026-05-25 04:15:00+05:30
pm10,0.0,2026-05-25 04:30:00+05:30
pm10,0.0,2026-05-25 04:45:00+05:30
pm10,0.0,2026-05-25 05:00:00+05:30
pm10,0.0,2026-05-25 05:15:00+05:30
pm10,0.0,2026-05-25 05:30:00+05:30
pm10,0.0,2026-05-25 05:45:00+05:30
pm10,0.0,2026-05-25 06:00:00+05:30
pm10,0.0,2026-05-25 06:15:00+05:30
pm10,0.0,2026-05-25 06:30:00+05:30
pm10,0.0,2026-05-25 06:45:00+05:30
pm10,0.0,2026-05-25 07:00:00+05:30
pm10,0.0,2026-05-25 07:15:00+05:30
pm10,0.0,2026-05-25 07:30:00+05:30
pm10,0.0,2026-05-25 07:45:00+05:30
pm10,0.0,2026-05-25 08:00:00+05:30
pm10,0.0,2026-05-25 08:15:00+05:30
pm10,0.0,2026-05-25 08:30:00+05:30
pm10,0.0,2026-05-25 08:45:00+05:30
pm10,0.0,2026-05-25 09:00:00+05:30
pm10,0.0,2026-05-25 09:15:00+05:30
pm10,0.0,2026-05-25 09:30:00+05:30
pm10,0.0,2026-05-25 09:45:00+05:30
pm10,0.0,2026-05-25 10:00:00+05:30
pm10,0.0,2026-05-25 10:30:00+05:30
pm10,0.0,2026-05-25 10:45:00+05:30
pm10,0.0,2026-05-25 11:15:00+05:30
pm10,0.0,2026-05-25 12:45:00+05:30
pm10,356.0,2026-05-25 13:00:00+05:30
pm10,356.0,2026-05-25 13:15:00+05:30
pm10,356.0,2026-05-25 13:30:00+05:30
pm10,347.84,2026-05-25 13:45:00+05:30
pm10,361.0,2026-05-25 14:00:00+05:30
pm10,371.0,2026-05-25 14:15:00+05:30
pm10,371.0,2026-05-25 14:30:00+05:30
pm10,0.0,2026-05-25 15:00:00+05:30
pm10,0.0,2026-05-25 15:15:00+05:30
pm10,0.0,2026-05-25 15:30:00+05:30
pm10,0.0,2026-05-25 15:45:00+05:30
pm10,0.0,2026-05-25 16:00:00+05:30
pm10,0.0,2026-05-25 16:15:00+05:30
pm10,0.0,2026-05-25 16:30:00+05:30
pm10,10.58,2026-05-25 16:45:00+05:30
pm10,334.0,2026-05-25 17:00:00+05:30
pm10,334.0,2026-05-25 17:15:00+05:30
pm10,327.0,2026-05-25 17:45:00+05:30
pm10,332.0,2026-05-25 18:00:00+05:30
pm10,332.0,2026-05-25 18:15:00+05:30
pm10,332.0,2026-05-25 18:30:00+05:30
pm10,325.11,2026-05-25 18:45:00+05:30
pm10,353.53,2026-05-25 19:00:00+05:30
pm10,353.53,2026-05-25 19:15:00+05:30
pm10,362.0,2026-05-25 19:30:00+05:30
pm10,362.0,2026-05-25 19:45:00+05:30
pm10,285.32,2026-05-25 20:00:00+05:30
pm10,285.32,2026-05-25 20:15:00+05:30
pm10,290.0,2026-05-25 20:30:00+05:30
pm10,285.32,2026-05-25 20:45:00+05:30
pm10,344.0,2026-05-25 21:00:00+05:30
pm10,344.0,2026-05-25 21:15:00+05:30
pm10,344.0,2026-05-25 21:30:00+05:30
pm10,336.47,2026-05-25 21:45:00+05:30
pm10,381.0,2026-05-25 22:00:00+05:30
pm10,381.0,2026-05-25 22:15:00+05:30
pm10,381.0,2026-05-25 22:30:00+05:30
pm10,381.0,2026-05-25 22:45:00+05:30
pm10,287.0,2026-05-25 23:00:00+05:30
pm10,287.0,2026-05-25 23:15:00+05:30
pm10,287.0,2026-05-25 23:30:00+05:30
pm10,287.0,2026-05-25 23:45:00+05:30
pm10,334.0,2026-05-26 00:45:00+05:30
pm10,324.0,2026-05-26 01:00:00+05:30
pm10,324.0,2026-05-26 01:15:00+05:30
pm10,324.0,2026-05-26 01:30:00+05:30
pm10,324.0,2026-05-26 01:45:00+05:30
pm10,329.0,2026-05-26 02:00:00+05:30
pm10,322.26,2026-05-26 02:15:00+05:30
pm10,329.0,2026-05-26 02:30:00+05:30
pm10,329.0,2026-05-26 02:45:00+05:30
pm10,219.0,2026-05-26 03:00:00+05:30
pm10,220.0,2026-05-26 03:15:00+05:30
pm10,220.0,2026-05-26 03:30:00+05:30
pm10,220.0,2026-05-26 03:45:00+05:30
pm10,290.0,2026-05-26 04:00:00+05:30
pm10,290.0,2026-05-26 04:15:00+05:30
pm10,290.0,2026-05-26 04:30:00+05:30
pm10,290.0,2026-05-26 04:45:00+05:30
pm10,356.0,2026-05-26 05:00:00+05:30
pm10,356.0,2026-05-26 05:15:00+05:30
pm10,356.0,2026-05-26 05:30:00+05:30
pm10,0.0,2026-05-26 05:45:00+05:30
pm10,0.0,2026-05-26 06:00:00+05:30
pm10,0.0,2026-05-26 06:15:00+05:30
pm10,0.0,2026-05-26 06:30:00+05:30
pm10,0.0,2026-05-26 06:45:00+05:30
pm10,0.0,2026-05-26 07:00:00+05:30
pm10,0.0,2026-05-26 07:15:00+05:30
pm10,0.0,2026-05-26 07:30:00+05:30
pm10,0.0,2026-05-26 07:45:00+05:30
pm10,0.0,2026-05-26 08:00:00+05:30
pm10,0.0,2026-05-26 08:15:00+05:30
pm10,0.0,2026-05-26 08:30:00+05:30
pm10,0.0,2026-05-26 08:45:00+05:30
pm10,0.0,2026-05-26 09:00:00+05:30
pm10,0.0,2026-05-26 09:15:00+05:30
pm10,330.57,2026-05-26 10:45:00+05:30
pm10,0.0,2026-05-26 11:15:00+05:30
pm10,0.0,2026-05-26 11:30:00+05:30
pm10,10.58,2026-05-26 11:45:00+05:30
pm10,119.0,2026-05-26 12:00:00+05:30
pm10,119.0,2026-05-26 12:15:00+05:30
pm10,119.0,2026-05-26 12:30:00+05:30
pm10,123.32,2026-05-26 12:45:00+05:30
pm10,144.0,2026-05-26 13:00:00+05:30
pm10,144.0,2026-05-26 13:15:00+05:30
pm10,144.0,2026-05-26 13:30:00+05:30
pm10,147.0,2026-05-26 13:45:00+05:30
pm10,124.26,2026-05-26 14:00:00+05:30
pm10,120.0,2026-05-26 14:15:00+05:30
pm10,120.0,2026-05-26 14:30:00+05:30
pm10,147.0,2026-05-26 15:00:00+05:30
pm10,147.0,2026-05-26 15:15:00+05:30
pm10,147.0,2026-05-26 15:45:00+05:30
pm10,374.37,2026-05-26 16:00:00+05:30
pm10,374.37,2026-05-26 16:15:00+05:30
pm10,384.0,2026-05-26 16:30:00+05:30
pm10,374.37,2026-05-26 16:45:00+05:30
pm10,247.0,2026-05-26 17:00:00+05:30
pm10,247.0,2026-05-26 17:15:00+05:30
pm10,247.0,2026-05-26 17:30:00+05:30
pm10,244.58,2026-05-26 17:45:00+05:30
pm10,110.0,2026-05-26 18:00:00+05:30
pm10,110.0,2026-05-26 18:15:00+05:30
pm10,110.0,2026-05-26 18:30:00+05:30
pm10,110.0,2026-05-26 18:45:00+05:30
pm10,127.0,2026-05-26 19:00:00+05:30
pm10,127.0,2026-05-26 19:15:00+05:30
pm10,127.0,2026-05-26 19:30:00+05:30
pm10,130.89,2026-05-26 19:45:00+05:30
pm10,147.0,2026-05-26 20:15:00+05:30
pm10,147.0,2026-05-26 20:30:00+05:30
pm10,149.84,2026-05-26 20:45:00+05:30
pm10,179.0,2026-05-26 21:30:00+05:30
pm10,180.16,2026-05-26 21:45:00+05:30
pm10,168.79,2026-05-26 22:00:00+05:30
pm10,167.0,2026-05-26 22:15:00+05:30
pm10,167.0,2026-05-26 22:30:00+05:30
pm10,168.79,2026-05-26 22:45:00+05:30
pm10,180.22,2026-05-26 23:00:00+05:30
pm10,179.0,2026-05-26 23:15:00+05:30
pm10,179.0,2026-05-26 23:30:00+05:30
pm10,179.0,2026-05-26 23:45:00+05:30
pm10,185.84,2026-05-27 00:45:00+05:30
pm10,172.0,2026-05-27 01:00:00+05:30
pm10,173.53,2026-05-27 01:15:00+05:30
pm10,172.0,2026-05-27 01:30:00+05:30
pm10,172.0,2026-05-27 01:45:00+05:30
pm10,184.0,2026-05-27 02:00:00+05:30
pm10,184.0,2026-05-27 02:15:00+05:30
pm10,184.0,2026-05-27 02:30:00+05:30
pm10,184.89,2026-05-27 02:45:00+05:30
pm10,197.21,2026-05-27 03:00:00+05:30
pm10,197.0,2026-05-27 03:15:00+05:30
pm10,197.0,2026-05-27 03:30:00+05:30
pm10,197.0,2026-05-27 03:45:00+05:30
pm10,282.0,2026-05-27 04:00:00+05:30
pm10,277.74,2026-05-27 04:15:00+05:30
pm10,282.0,2026-05-27 04:30:00+05:30
pm10,282.0,2026-05-27 04:45:00+05:30
pm10,356.0,2026-05-27 05:00:00+05:30
pm10,356.0,2026-05-27 05:15:00+05:30
pm10,356.0,2026-05-27 05:30:00+05:30
pm10,347.84,2026-05-27 05:45:00+05:30
pm10,330.79,2026-05-27 06:00:00+05:30
pm10,338.0,2026-05-27 06:15:00+05:30
pm10,338.0,2026-05-27 06:30:00+05:30
pm10,338.0,2026-05-27 06:45:00+05:30
pm10,284.0,2026-05-27 07:00:00+05:30
pm10,284.0,2026-05-27 07:15:00+05:30
pm10,284.0,2026-05-27 07:30:00+05:30
pm10,284.0,2026-05-27 07:45:00+05:30
pm10,281.0,2026-05-27 08:00:00+05:30
pm10,281.0,2026-05-27 08:15:00+05:30
pm10,281.0,2026-05-27 08:30:00+05:30
pm10,281.0,2026-05-27 08:45:00+05:30
pm10,230.37,2026-05-27 09:00:00+05:30
pm10,230.37,2026-05-27 09:15:00+05:30
pm10,232.0,2026-05-27 09:30:00+05:30
pm10,232.0,2026-05-27 09:45:00+05:30
pm10,229.42,2026-05-27 10:00:00+05:30
pm10,231.0,2026-05-27 10:15:00+05:30
pm10,231.0,2026-05-27 10:30:00+05:30
pm10,231.0,2026-05-27 10:45:00+05:30
pm10,140.37,2026-05-27 11:00:00+05:30
pm10,137.0,2026-05-27 11:15:00+05:30
pm10,137.0,2026-05-27 11:30:00+05:30
pm10,155.0,2026-05-27 12:00:00+05:30
pm10,155.0,2026-05-27 12:15:00+05:30
pm10,155.0,2026-05-27 12:30:00+05:30
pm10,155.0,2026-05-27 12:45:00+05:30
pm10,151.0,2026-05-27 17:45:00+05:30
pm10,134.68,2026-05-27 18:00:00+05:30
pm10,131.0,2026-05-27 18:15:00+05:30
pm10,131.0,2026-05-27 18:30:00+05:30
pm10,134.68,2026-05-27 18:45:00+05:30
pm10,143.0,2026-05-27 19:00:00+05:30
pm10,143.0,2026-05-27 19:15:00+05:30
pm10,143.0,2026-05-27 19:30:00+05:30
pm10,146.05,2026-05-27 19:45:00+05:30
pm10,177.0,2026-05-27 20:00:00+05:30
pm10,177.0,2026-05-27 20:15:00+05:30
pm10,177.0,2026-05-27 20:30:00+05:30
pm10,177.0,2026-05-27 20:45:00+05:30
pm10,200.0,2026-05-27 21:00:00+05:30
pm10,200.05,2026-05-27 21:15:00+05:30
pm10,200.0,2026-05-27 21:30:00+05:30
pm10,200.0,2026-05-27 21:45:00+05:30
pm10,205.0,2026-05-27 22:00:00+05:30
pm10,204.79,2026-05-27 22:15:00+05:30
pm10,205.0,2026-05-27 22:30:00+05:30
pm10,205.0,2026-05-27 22:45:00+05:30
pm10,261.0,2026-05-27 23:00:00+05:30
pm10,261.0,2026-05-27 23:15:00+05:30
pm10,261.0,2026-05-27 23:30:00+05:30
pm10,261.0,2026-05-27 23:45:00+05:30
pm10,304.0,2026-05-28 00:45:00+05:30
pm10,306.0,2026-05-28 01:00:00+05:30
pm10,306.0,2026-05-28 01:15:00+05:30
pm10,306.0,2026-05-28 01:30:00+05:30
pm10,306.0,2026-05-28 01:45:00+05:30
pm10,370.0,2026-05-28 02:00:00+05:30
pm10,361.11,2026-05-28 02:15:00+05:30
pm10,370.0,2026-05-28 02:30:00+05:30
pm10,361.11,2026-05-28 02:45:00+05:30
pm10,262.0,2026-05-28 03:00:00+05:30
pm10,258.79,2026-05-28 03:15:00+05:30
pm10,262.0,2026-05-28 03:30:00+05:30
pm10,262.0,2026-05-28 03:45:00+05:30
pm10,180.16,2026-05-28 04:00:00+05:30
pm10,179.0,2026-05-28 04:15:00+05:30
pm10,179.0,2026-05-28 04:30:00+05:30
pm10,180.16,2026-05-28 04:45:00+05:30
pm10,168.79,2026-05-28 05:00:00+05:30
pm10,168.79,2026-05-28 05:15:00+05:30
pm10,167.0,2026-05-28 05:30:00+05:30
pm10,167.0,2026-05-28 05:45:00+05:30
pm10,241.74,2026-05-28 06:00:00+05:30
pm10,244.0,2026-05-28 06:15:00+05:30
pm10,244.0,2026-05-28 06:30:00+05:30
pm10,244.0,2026-05-28 06:45:00+05:30
pm10,272.0,2026-05-28 07:00:00+05:30
pm10,272.0,2026-05-28 07:15:00+05:30
pm10,272.0,2026-05-28 07:30:00+05:30
pm10,272.0,2026-05-28 07:45:00+05:30
pm10,222.79,2026-05-28 08:00:00+05:30
pm10,222.79,2026-05-28 08:15:00+05:30
pm10,224.0,2026-05-28 08:30:00+05:30
pm10,224.0,2026-05-28 08:45:00+05:30
pm10,222.0,2026-05-28 09:00:00+05:30
pm10,222.0,2026-05-28 09:15:00+05:30
pm10,222.0,2026-05-28 09:30:00+05:30
pm10,222.0,2026-05-28 09:45:00+05:30
pm10,202.89,2026-05-28 10:00:00+05:30
pm10,202.89,2026-05-28 10:15:00+05:30
pm10,203.0,2026-05-28 10:30:00+05:30
pm10,203.0,2026-05-28 10:45:00+05:30
pm10,221.0,2026-05-28 11:00:00+05:30
pm10,219.95,2026-05-28 11:15:00+05:30
pm10,221.0,2026-05-28 11:30:00+05:30
pm10,221.0,2026-05-28 11:45:00+05:30
pm10,206.68,2026-05-28 12:00:00+05:30
pm10,207.0,2026-05-28 12:15:00+05:30
pm10,207.0,2026-05-28 12:30:00+05:30
pm10,206.68,2026-05-28 12:45:00+05:30
pm10,208.0,2026-05-28 13:00:00+05:30
pm10,208.0,2026-05-28 13:15:00+05:30
pm10,208.0,2026-05-28 13:30:00+05:30
pm10,207.63,2026-05-28 13:45:00+05:30
pm10,194.0,2026-05-28 14:00:00+05:30
pm10,194.0,2026-05-28 14:15:00+05:30
pm10,194.0,2026-05-28 14:30:00+05:30
pm10,194.0,2026-05-28 14:45:00+05:30
pm10,188.68,2026-05-28 15:00:00+05:30
pm10,188.0,2026-05-28 15:15:00+05:30
pm10,188.0,2026-05-28 15:30:00+05:30
pm10,188.68,2026-05-28 15:45:00+05:30
pm10,166.0,2026-05-28 16:15:00+05:30
pm10,166.0,2026-05-28 16:45:00+05:30
pm10,200.0,2026-05-28 17:15:00+05:30
pm10,200.0,2026-05-28 17:30:00+05:30
pm10,200.0,2026-05-28 17:45:00+05:30
pm10,186.0,2026-05-28 18:45:00+05:30
pm10,206.0,2026-05-28 19:00:00+05:30
pm10,206.0,2026-05-28 19:15:00+05:30
pm10,206.0,2026-05-28 19:30:00+05:30
pm10,205.74,2026-05-28 19:45:00+05:30
pm10,211.42,2026-05-28 20:45:00+05:30
pm10,122.37,2026-05-28 22:45:00+05:30
pm10,59.0,2026-05-28 23:00:00+05:30
pm10,66.47,2026-05-28 23:15:00+05:30
pm10,59.0,2026-05-28 23:30:00+05:30
pm10,66.47,2026-05-28 23:45:00+05:30
pm10,45.0,2026-05-29 00:45:00+05:30
pm10,38.0,2026-05-29 01:00:00+05:30
pm10,46.58,2026-05-29 01:15:00+05:30
pm10,38.0,2026-05-29 01:30:00+05:30
pm10,38.0,2026-05-29 01:45:00+05:30
pm10,103.0,2026-05-29 02:00:00+05:30
pm10,108.16,2026-05-29 02:15:00+05:30
pm10,103.0,2026-05-29 02:30:00+05:30
pm10,108.16,2026-05-29 02:45:00+05:30
pm10,270.0,2026-05-29 03:00:00+05:30
pm10,270.0,2026-05-29 03:15:00+05:30
pm10,270.0,2026-05-29 03:30:00+05:30
pm10,270.0,2026-05-29 03:45:00+05:30
pm10,152.0,2026-05-29 04:00:00+05:30
pm10,154.58,2026-05-29 04:15:00+05:30
pm10,152.0,2026-05-29 04:30:00+05:30
pm10,154.58,2026-05-29 04:45:00+05:30
pm10,92.0,2026-05-29 05:00:00+05:30
pm10,92.0,2026-05-29 05:15:00+05:30
pm10,92.0,2026-05-29 05:30:00+05:30
pm10,92.0,2026-05-29 05:45:00+05:30
pm10,94.0,2026-05-29 06:00:00+05:30
pm10,94.0,2026-05-29 06:15:00+05:30
pm10,94.0,2026-05-29 06:30:00+05:30
pm10,94.0,2026-05-29 06:45:00+05:30
pm10,109.11,2026-05-29 07:00:00+05:30
pm10,104.0,2026-05-29 07:15:00+05:30
pm10,104.0,2026-05-29 07:30:00+05:30
pm10,104.0,2026-05-29 07:45:00+05:30
pm10,133.0,2026-05-29 08:00:00+05:30
pm10,136.58,2026-05-29 08:15:00+05:30
pm10,133.0,2026-05-29 08:30:00+05:30
pm10,133.0,2026-05-29 08:45:00+05:30
pm10,124.0,2026-05-29 09:00:00+05:30
pm10,124.0,2026-05-29 09:15:00+05:30
pm10,124.0,2026-05-29 09:30:00+05:30
pm10,124.0,2026-05-29 09:45:00+05:30
pm10,110.0,2026-05-29 10:00:00+05:30
pm10,110.0,2026-05-29 10:15:00+05:30
pm10,110.0,2026-05-29 10:30:00+05:30
pm10,110.0,2026-05-29 10:45:00+05:30
pm10,100.0,2026-05-29 11:00:00+05:30
pm10,100.0,2026-05-29 11:15:00+05:30
pm10,100.0,2026-05-29 11:30:00+05:30
pm10,105.32,2026-05-29 11:45:00+05:30
pm10,103.0,2026-05-29 13:00:00+05:30
pm10,103.0,2026-05-29 13:15:00+05:30
pm10,103.0,2026-05-29 13:30:00+05:30
pm10,108.16,2026-05-29 13:45:00+05:30
pm10,112.89,2026-05-29 14:00:00+05:30
pm10,108.0,2026-05-29 14:15:00+05:30
pm10,108.0,2026-05-29 14:30:00+05:30
pm10,108.0,2026-05-29 15:45:00+05:30
pm10,10.58,2026-05-29 16:00:00+05:30
pm10,10.58,2026-05-29 16:15:00+05:30
pm10,0.0,2026-05-29 16:30:00+05:30
pm10,10.58,2026-05-29 16:45:00+05:30
pm10,85.0,2026-05-29 17:00:00+05:30
pm10,85.0,2026-05-29 17:15:00+05:30
pm10,85.0,2026-05-29 17:30:00+05:30
pm10,91.11,2026-05-29 17:45:00+05:30
pm10,85.0,2026-05-29 18:00:00+05:30
pm10,91.11,2026-05-29 18:15:00+05:30
pm10,85.0,2026-05-29 18:30:00+05:30
pm10,85.0,2026-05-29 18:45:00+05:30
pm10,107.0,2026-05-29 19:00:00+05:30
pm10,107.0,2026-05-29 19:15:00+05:30
pm10,107.0,2026-05-29 19:30:00+05:30
pm10,107.0,2026-05-29 19:45:00+05:30
pm10,64.58,2026-05-29 20:00:00+05:30
pm10,57.0,2026-05-29 20:15:00+05:30
pm10,57.0,2026-05-29 20:30:00+05:30
pm10,57.0,2026-05-29 20:45:00+05:30
pm10,64.58,2026-05-29 21:00:00+05:30
pm10,57.0,2026-05-29 21:15:00+05:30
pm10,57.0,2026-05-29 21:30:00+05:30
pm10,64.58,2026-05-29 21:45:00+05:30
pm10,52.0,2026-05-29 22:00:00+05:30
pm10,52.0,2026-05-29 22:15:00+05:30
pm10,52.0,2026-05-29 22:30:00+05:30
pm10,59.84,2026-05-29 22:45:00+05:30
pm10,38.0,2026-05-29 23:00:00+05:30
pm10,46.58,2026-05-29 23:15:00+05:30
pm10,38.0,2026-05-29 23:30:00+05:30
pm10,38.0,2026-05-29 23:45:00+05:30
pm10,49.0,2026-05-30 00:45:00+05:30
pm10,46.58,2026-05-30 01:00:00+05:30
pm10,46.58,2026-05-30 01:15:00+05:30
pm10,38.0,2026-05-30 01:30:00+05:30
pm10,38.0,2026-05-30 01:45:00+05:30
pm10,39.0,2026-05-30 02:00:00+05:30
pm10,30.0,2026-05-30 02:15:00+05:30
pm10,30.0,2026-05-30 02:30:00+05:30
pm10,30.0,2026-05-30 02:45:00+05:30
pm10,39.95,2026-05-30 03:00:00+05:30
pm10,31.0,2026-05-30 03:15:00+05:30
pm10,31.0,2026-05-30 03:30:00+05:30
pm10,31.0,2026-05-30 03:45:00+05:30
pm10,33.32,2026-05-30 04:00:00+05:30
pm10,33.32,2026-05-30 04:15:00+05:30
pm10,24.0,2026-05-30 04:30:00+05:30
pm10,33.32,2026-05-30 04:45:00+05:30
pm10,22.0,2026-05-30 05:00:00+05:30
pm10,22.0,2026-05-30 05:15:00+05:30
pm10,22.0,2026-05-30 05:30:00+05:30
pm10,31.42,2026-05-30 05:45:00+05:30
pm10,28.0,2026-05-30 06:00:00+05:30
pm10,28.0,2026-05-30 06:15:00+05:30
pm10,28.0,2026-05-30 06:30:00+05:30
pm10,28.0,2026-05-30 06:45:00+05:30
pm10,34.0,2026-05-30 07:00:00+05:30
pm10,42.79,2026-05-30 07:15:00+05:30
pm10,34.0,2026-05-30 07:30:00+05:30
pm10,42.79,2026-05-30 07:45:00+05:30
pm10,51.0,2026-05-30 08:00:00+05:30
pm10,58.89,2026-05-30 08:15:00+05:30
pm10,51.0,2026-05-30 08:30:00+05:30
pm10,51.0,2026-05-30 08:45:00+05:30
pm10,61.0,2026-05-30 09:00:00+05:30
pm10,61.0,2026-05-30 09:15:00+05:30
pm10,61.0,2026-05-30 09:30:00+05:30
pm10,61.0,2026-05-30 09:45:00+05:30
pm10,63.0,2026-05-30 10:00:00+05:30
pm10,63.0,2026-05-30 10:15:00+05:30
pm10,63.0,2026-05-30 10:30:00+05:30
pm10,63.0,2026-05-30 10:45:00+05:30
pm10,50.0,2026-05-30 11:00:00+05:30
pm10,50.0,2026-05-30 11:15:00+05:30
pm10,50.0,2026-05-30 11:30:00+05:30
pm10,50.0,2026-05-30 11:45:00+05:30
pm10,82.0,2026-05-30 12:00:00+05:30
pm10,88.26,2026-05-30 12:15:00+05:30
pm10,82.0,2026-05-30 12:30:00+05:30
pm10,88.26,2026-05-30 12:45:00+05:30
pm10,79.0,2026-05-30 13:00:00+05:30
pm10,79.0,2026-05-30 13:15:00+05:30
pm10,79.0,2026-05-30 13:30:00+05:30
pm10,75.95,2026-05-30 14:00:00+05:30
pm10,69.0,2026-05-30 14:15:00+05:30
pm10,69.0,2026-05-30 14:30:00+05:30
pm10,69.0,2026-05-30 14:45:00+05:30
pm10,64.58,2026-05-30 15:00:00+05:30
pm10,64.58,2026-05-30 15:15:00+05:30
pm10,57.0,2026-05-30 15:30:00+05:30
pm10,64.58,2026-05-30 15:45:00+05:30
pm10,495.0,2026-05-30 16:00:00+05:30
pm10,495.0,2026-05-30 16:15:00+05:30
pm10,495.0,2026-05-30 16:30:00+05:30
pm10,479.53,2026-05-30 16:45:00+05:30
pm10,125.21,2026-05-30 17:00:00+05:30
pm10,121.0,2026-05-30 17:15:00+05:30
pm10,121.0,2026-05-30 17:30:00+05:30
pm10,125.21,2026-05-30 17:45:00+05:30
pm10,58.0,2026-05-30 18:00:00+05:30
pm10,58.0,2026-05-30 18:15:00+05:30
pm10,58.0,2026-05-30 18:30:00+05:30
pm10,58.0,2026-05-30 18:45:00+05:30
pm10,96.0,2026-05-30 19:00:00+05:30
pm10,101.53,2026-05-30 19:15:00+05:30
pm10,96.0,2026-05-30 19:30:00+05:30
pm10,101.53,2026-05-30 19:45:00+05:30
pm10,136.58,2026-05-30 20:00:00+05:30
pm10,136.58,2026-05-30 20:15:00+05:30
pm10,133.0,2026-05-30 20:30:00+05:30
pm10,133.0,2026-05-30 20:45:00+05:30
pm10,112.89,2026-05-30 21:00:00+05:30
pm10,108.0,2026-05-30 21:15:00+05:30
pm10,108.0,2026-05-30 21:30:00+05:30
pm10,108.0,2026-05-30 21:45:00+05:30
pm10,120.0,2026-05-30 22:00:00+05:30
pm10,120.0,2026-05-30 22:15:00+05:30
pm10,120.0,2026-05-30 22:30:00+05:30
pm10,124.26,2026-05-30 22:45:00+05:30
pm10,105.32,2026-05-30 23:00:00+05:30
pm10,100.0,2026-05-30 23:15:00+05:30
pm10,100.0,2026-05-30 23:30:00+05:30
pm10,100.0,2026-05-30 23:45:00+05:30
pm10,54.0,2026-05-31 00:45:00+05:30
pm10,52.26,2026-05-31 01:00:00+05:30
pm10,44.0,2026-05-31 01:15:00+05:30
pm10,44.0,2026-05-31 01:30:00+05:30
pm10,52.26,2026-05-31 01:45:00+05:30
pm10,41.0,2026-05-31 02:00:00+05:30
pm10,41.0,2026-05-31 02:15:00+05:30
pm10,41.0,2026-05-31 02:30:00+05:30
pm25,105.0,2026-05-19 05:45:00+05:30
pm25,101.42,2026-05-19 06:00:00+05:30
pm25,101.42,2026-05-19 06:15:00+05:30
pm25,107.0,2026-05-19 06:30:00+05:30
pm25,107.0,2026-05-19 06:45:00+05:30
pm25,109.0,2026-05-19 07:00:00+05:30
pm25,109.0,2026-05-19 07:15:00+05:30
pm25,109.0,2026-05-19 07:30:00+05:30
pm25,109.0,2026-05-19 07:45:00+05:30
pm25,141.0,2026-05-19 08:00:00+05:30
pm25,133.63,2026-05-19 08:15:00+05:30
pm25,141.0,2026-05-19 08:30:00+05:30
pm25,141.0,2026-05-19 08:45:00+05:30
pm25,73.0,2026-05-19 09:00:00+05:30
pm25,73.0,2026-05-19 09:15:00+05:30
pm25,77.0,2026-05-19 09:30:00+05:30
pm25,73.0,2026-05-19 09:45:00+05:30
pm25,55.0,2026-05-19 10:00:00+05:30
pm25,52.16,2026-05-19 10:15:00+05:30
pm25,55.0,2026-05-19 10:30:00+05:30
pm25,55.0,2026-05-19 10:45:00+05:30
pm25,48.37,2026-05-19 11:00:00+05:30
pm25,51.0,2026-05-19 11:30:00+05:30
pm25,51.0,2026-05-19 11:45:00+05:30
pm25,42.0,2026-05-19 12:00:00+05:30
pm25,42.0,2026-05-19 12:15:00+05:30
pm25,42.0,2026-05-19 12:30:00+05:30
pm25,42.0,2026-05-19 12:45:00+05:30
pm25,34.16,2026-05-19 13:00:00+05:30
pm25,34.16,2026-05-19 13:15:00+05:30
pm25,36.0,2026-05-19 13:30:00+05:30
pm25,36.0,2026-05-19 13:45:00+05:30
pm25,22.0,2026-05-19 14:45:00+05:30
pm25,21.0,2026-05-19 15:00:00+05:30
pm25,19.95,2026-05-19 15:15:00+05:30
pm25,21.0,2026-05-19 15:30:00+05:30
pm25,21.0,2026-05-19 15:45:00+05:30
pm25,20.89,2026-05-19 16:00:00+05:30
pm25,22.0,2026-05-19 16:15:00+05:30
pm25,22.0,2026-05-19 16:30:00+05:30
pm25,20.89,2026-05-19 16:45:00+05:30
pm25,24.0,2026-05-19 17:00:00+05:30
pm25,22.79,2026-05-19 17:15:00+05:30
pm25,24.0,2026-05-19 17:30:00+05:30
pm25,22.79,2026-05-19 17:45:00+05:30
pm25,28.47,2026-05-19 18:00:00+05:30
pm25,28.47,2026-05-19 18:15:00+05:30
pm25,30.0,2026-05-19 18:30:00+05:30
pm25,28.47,2026-05-19 18:45:00+05:30
pm25,37.0,2026-05-19 19:00:00+05:30
pm25,35.11,2026-05-19 19:15:00+05:30
pm25,37.0,2026-05-19 19:30:00+05:30
pm25,37.0,2026-05-19 19:45:00+05:30
pm25,66.0,2026-05-19 20:15:00+05:30
pm25,66.0,2026-05-19 20:30:00+05:30
pm25,62.58,2026-05-19 20:45:00+05:30
pm25,121.32,2026-05-19 21:00:00+05:30
pm25,121.32,2026-05-19 21:15:00+05:30
pm25,128.0,2026-05-19 21:30:00+05:30
pm25,128.0,2026-05-19 21:45:00+05:30
pm25,129.0,2026-05-19 22:00:00+05:30
pm25,129.0,2026-05-19 22:15:00+05:30
pm25,129.0,2026-05-19 22:30:00+05:30
pm25,129.0,2026-05-19 22:45:00+05:30
pm25,111.0,2026-05-19 23:00:00+05:30
pm25,105.21,2026-05-19 23:15:00+05:30
pm25,111.0,2026-05-19 23:30:00+05:30
pm25,105.21,2026-05-19 23:45:00+05:30
pm25,96.68,2026-05-20 00:45:00+05:30
pm25,107.11,2026-05-20 01:00:00+05:30
pm25,107.11,2026-05-20 01:15:00+05:30
pm25,113.0,2026-05-20 01:30:00+05:30
pm25,113.0,2026-05-20 01:45:00+05:30
pm25,114.0,2026-05-20 02:00:00+05:30
pm25,114.0,2026-05-20 02:15:00+05:30
pm25,114.0,2026-05-20 02:30:00+05:30
pm25,114.0,2026-05-20 02:45:00+05:30
pm25,97.0,2026-05-20 03:00:00+05:30
pm25,97.0,2026-05-20 03:15:00+05:30
pm25,97.0,2026-05-20 03:30:00+05:30
pm25,91.95,2026-05-20 03:45:00+05:30
pm25,78.68,2026-05-20 04:00:00+05:30
pm25,83.0,2026-05-20 04:15:00+05:30
pm25,83.0,2026-05-20 04:30:00+05:30
pm25,83.0,2026-05-20 04:45:00+05:30
pm25,85.0,2026-05-20 05:00:00+05:30
pm25,85.0,2026-05-20 05:15:00+05:30
pm25,85.0,2026-05-20 05:30:00+05:30
pm25,85.0,2026-05-20 05:45:00+05:30
pm25,92.0,2026-05-20 06:00:00+05:30
pm25,92.0,2026-05-20 06:15:00+05:30
pm25,92.0,2026-05-20 06:30:00+05:30
pm25,87.21,2026-05-20 06:45:00+05:30
pm25,125.11,2026-05-20 07:00:00+05:30
pm25,132.0,2026-05-20 07:15:00+05:30
pm25,132.0,2026-05-20 07:30:00+05:30
pm25,125.11,2026-05-20 07:45:00+05:30
pm25,113.0,2026-05-20 08:00:00+05:30
pm25,113.0,2026-05-20 08:15:00+05:30
pm25,113.0,2026-05-20 08:30:00+05:30
pm25,113.0,2026-05-20 08:45:00+05:30
pm25,60.68,2026-05-20 09:00:00+05:30
pm25,60.68,2026-05-20 09:15:00+05:30
pm25,64.0,2026-05-20 09:30:00+05:30
pm25,41.0,2026-05-20 10:15:00+05:30
pm25,41.0,2026-05-20 10:30:00+05:30
pm25,41.0,2026-05-20 10:45:00+05:30
pm25,27.0,2026-05-20 12:00:00+05:30
pm25,27.0,2026-05-20 12:15:00+05:30
pm25,27.0,2026-05-20 12:30:00+05:30
pm25,27.0,2026-05-20 12:45:00+05:30
pm25,22.0,2026-05-20 13:00:00+05:30
pm25,22.0,2026-05-20 13:15:00+05:30
pm25,22.0,2026-05-20 13:30:00+05:30
pm25,20.89,2026-05-20 13:45:00+05:30
pm25,19.0,2026-05-20 14:00:00+05:30
pm25,19.0,2026-05-20 14:15:00+05:30
pm25,19.0,2026-05-20 14:30:00+05:30
pm25,19.0,2026-05-20 14:45:00+05:30
pm25,26.58,2026-05-20 15:00:00+05:30
pm25,26.58,2026-05-20 15:15:00+05:30
pm25,28.0,2026-05-20 15:30:00+05:30
pm25,28.0,2026-05-20 15:45:00+05:30
pm25,26.0,2026-05-20 16:00:00+05:30
pm25,26.0,2026-05-20 16:15:00+05:30
pm25,26.0,2026-05-20 16:30:00+05:30
pm25,26.0,2026-05-20 16:45:00+05:30
pm25,21.84,2026-05-20 17:00:00+05:30
pm25,21.84,2026-05-20 17:15:00+05:30
pm25,23.0,2026-05-20 17:30:00+05:30
pm25,23.0,2026-05-20 17:45:00+05:30
pm25,23.74,2026-05-20 18:00:00+05:30
pm25,25.0,2026-05-20 18:15:00+05:30
pm25,25.0,2026-05-20 18:30:00+05:30
pm25,23.74,2026-05-20 18:45:00+05:30
pm25,25.0,2026-05-20 19:00:00+05:30
pm25,25.0,2026-05-20 19:15:00+05:30
pm25,25.0,2026-05-20 19:30:00+05:30
pm25,23.74,2026-05-20 19:45:00+05:30
pm25,46.0,2026-05-20 20:00:00+05:30
pm25,46.0,2026-05-20 20:15:00+05:30
pm25,46.0,2026-05-20 20:30:00+05:30
pm25,46.0,2026-05-20 20:45:00+05:30
pm25,53.0,2026-05-20 21:00:00+05:30
pm25,53.0,2026-05-20 21:15:00+05:30
pm25,53.0,2026-05-20 21:30:00+05:30
pm25,53.0,2026-05-20 21:45:00+05:30
pm25,33.21,2026-05-20 22:00:00+05:30
pm25,35.0,2026-05-20 22:15:00+05:30
pm25,35.0,2026-05-20 22:30:00+05:30
pm25,33.21,2026-05-20 22:45:00+05:30
pm25,36.0,2026-05-20 23:00:00+05:30
pm25,36.0,2026-05-20 23:15:00+05:30
pm25,36.0,2026-05-20 23:30:00+05:30
pm25,36.0,2026-05-20 23:45:00+05:30
pm25,31.0,2026-05-21 00:45:00+05:30
pm25,38.0,2026-05-21 01:00:00+05:30
pm25,38.0,2026-05-21 01:15:00+05:30
pm25,38.0,2026-05-21 01:30:00+05:30
pm25,36.05,2026-05-21 01:45:00+05:30
pm25,58.79,2026-05-21 02:00:00+05:30
pm25,62.0,2026-05-21 02:15:00+05:30
pm25,62.0,2026-05-21 02:30:00+05:30
pm25,62.0,2026-05-21 02:45:00+05:30
pm25,81.0,2026-05-21 03:00:00+05:30
pm25,81.0,2026-05-21 03:15:00+05:30
pm25,81.0,2026-05-21 03:30:00+05:30
pm25,81.0,2026-05-21 03:45:00+05:30
pm25,70.16,2026-05-21 04:15:00+05:30
pm25,74.0,2026-05-21 04:30:00+05:30
pm25,70.16,2026-05-21 04:45:00+05:30
pm25,58.0,2026-05-21 05:00:00+05:30
pm25,58.0,2026-05-21 05:15:00+05:30
pm25,58.0,2026-05-21 05:30:00+05:30
pm25,55.0,2026-05-21 05:45:00+05:30
pm25,56.0,2026-05-21 06:45:00+05:30
pm25,63.0,2026-05-21 07:00:00+05:30
pm25,59.74,2026-05-21 07:15:00+05:30
pm25,63.0,2026-05-21 07:30:00+05:30
pm25,63.0,2026-05-21 07:45:00+05:30
pm25,51.0,2026-05-21 08:00:00+05:30
pm25,51.0,2026-05-21 08:15:00+05:30
pm25,51.0,2026-05-21 08:30:00+05:30
pm25,51.0,2026-05-21 08:45:00+05:30
pm25,65.0,2026-05-21 09:00:00+05:30
pm25,65.0,2026-05-21 09:15:00+05:30
pm25,65.0,2026-05-21 09:30:00+05:30
pm25,61.63,2026-05-21 09:45:00+05:30
pm25,69.0,2026-05-21 10:00:00+05:30
pm25,69.0,2026-05-21 10:15:00+05:30
pm25,69.0,2026-05-21 10:30:00+05:30
pm25,69.0,2026-05-21 10:45:00+05:30
pm25,72.0,2026-05-21 11:00:00+05:30
pm25,68.26,2026-05-21 11:15:00+05:30
pm25,72.0,2026-05-21 11:30:00+05:30
pm25,68.26,2026-05-21 11:45:00+05:30
pm25,62.58,2026-05-21 12:00:00+05:30
pm25,62.58,2026-05-21 12:15:00+05:30
pm25,66.0,2026-05-21 12:30:00+05:30
pm25,66.0,2026-05-21 12:45:00+05:30
pm25,55.95,2026-05-21 13:00:00+05:30
pm25,59.0,2026-05-21 13:15:00+05:30
pm25,55.95,2026-05-21 13:30:00+05:30
pm25,55.95,2026-05-21 13:45:00+05:30
pm25,56.0,2026-05-21 14:30:00+05:30
pm25,53.11,2026-05-21 14:45:00+05:30
pm25,50.26,2026-05-21 15:00:00+05:30
pm25,50.26,2026-05-21 15:15:00+05:30
pm25,53.0,2026-05-21 15:30:00+05:30
pm25,53.0,2026-05-21 15:45:00+05:30
pm25,44.0,2026-05-21 16:00:00+05:30
pm25,44.0,2026-05-21 16:15:00+05:30
pm25,44.0,2026-05-21 16:30:00+05:30
pm25,41.74,2026-05-21 16:45:00+05:30
pm25,41.74,2026-05-21 17:00:00+05:30
pm25,44.0,2026-05-21 17:15:00+05:30
pm25,44.0,2026-05-21 17:30:00+05:30
pm25,44.0,2026-05-21 17:45:00+05:30
pm25,41.0,2026-05-21 18:00:00+05:30
pm25,41.0,2026-05-21 18:15:00+05:30
pm25,41.0,2026-05-21 18:30:00+05:30
pm25,38.89,2026-05-21 18:45:00+05:30
pm25,49.32,2026-05-21 19:00:00+05:30
pm25,49.32,2026-05-21 19:15:00+05:30
pm25,52.0,2026-05-21 19:30:00+05:30
pm25,52.0,2026-05-21 19:45:00+05:30
pm25,58.0,2026-05-21 20:00:00+05:30
pm25,55.0,2026-05-21 20:15:00+05:30
pm25,58.0,2026-05-21 20:30:00+05:30
pm25,55.0,2026-05-21 20:45:00+05:30
pm25,74.0,2026-05-21 21:00:00+05:30
pm25,70.16,2026-05-21 21:15:00+05:30
pm25,74.0,2026-05-21 21:30:00+05:30
pm25,74.0,2026-05-21 21:45:00+05:30
pm25,81.0,2026-05-21 22:00:00+05:30
pm25,81.0,2026-05-21 22:15:00+05:30
pm25,81.0,2026-05-21 22:30:00+05:30
pm25,76.79,2026-05-21 22:45:00+05:30
pm25,61.63,2026-05-21 23:00:00+05:30
pm25,61.63,2026-05-21 23:15:00+05:30
pm25,65.0,2026-05-21 23:30:00+05:30
pm25,65.0,2026-05-21 23:45:00+05:30
pm25,42.68,2026-05-22 00:45:00+05:30
pm25,102.0,2026-05-22 01:00:00+05:30
pm25,96.68,2026-05-22 01:15:00+05:30
pm25,102.0,2026-05-22 01:30:00+05:30
pm25,96.68,2026-05-22 01:45:00+05:30
pm25,69.0,2026-05-22 02:00:00+05:30
pm25,69.0,2026-05-22 02:15:00+05:30
pm25,69.0,2026-05-22 02:30:00+05:30
pm25,69.0,2026-05-22 02:45:00+05:30
pm25,86.26,2026-05-22 03:00:00+05:30
pm25,91.0,2026-05-22 03:15:00+05:30
pm25,91.0,2026-05-22 03:30:00+05:30
pm25,91.0,2026-05-22 03:45:00+05:30
pm25,100.0,2026-05-22 04:00:00+05:30
pm25,100.0,2026-05-22 04:15:00+05:30
pm25,100.0,2026-05-22 04:45:00+05:30
pm25,78.68,2026-05-22 05:00:00+05:30
pm25,78.68,2026-05-22 05:15:00+05:30
pm25,83.0,2026-05-22 05:30:00+05:30
pm25,78.68,2026-05-22 05:45:00+05:30
pm25,70.16,2026-05-22 06:00:00+05:30
pm25,74.0,2026-05-22 06:15:00+05:30
pm25,74.0,2026-05-22 06:30:00+05:30
pm25,74.0,2026-05-22 06:45:00+05:30
pm25,62.0,2026-05-22 07:00:00+05:30
pm25,58.79,2026-05-22 07:15:00+05:30
pm25,62.0,2026-05-22 07:30:00+05:30
pm25,62.0,2026-05-22 07:45:00+05:30
pm25,90.05,2026-05-22 08:00:00+05:30
pm25,95.0,2026-05-22 08:15:00+05:30
pm25,95.0,2026-05-22 08:30:00+05:30
pm25,95.0,2026-05-22 08:45:00+05:30
pm25,104.0,2026-05-22 09:00:00+05:30
pm25,104.0,2026-05-22 09:15:00+05:30
pm25,104.0,2026-05-22 09:30:00+05:30
pm25,98.58,2026-05-22 09:45:00+05:30
pm25,76.0,2026-05-22 11:45:00+05:30
pm25,60.0,2026-05-22 12:00:00+05:30
pm25,56.89,2026-05-22 12:15:00+05:30
pm25,60.0,2026-05-22 12:30:00+05:30
pm25,56.89,2026-05-22 12:45:00+05:30
pm25,46.47,2026-05-22 13:00:00+05:30
pm25,49.0,2026-05-22 13:15:00+05:30
pm25,49.0,2026-05-22 13:30:00+05:30
pm25,46.47,2026-05-22 13:45:00+05:30
pm25,38.89,2026-05-22 14:15:00+05:30
pm25,41.0,2026-05-22 14:30:00+05:30
pm25,38.78,2026-05-22 14:45:00+05:30
pm25,38.0,2026-05-22 15:00:00+05:30
pm25,36.05,2026-05-22 15:15:00+05:30
pm25,38.0,2026-05-22 15:30:00+05:30
pm25,36.05,2026-05-22 15:45:00+05:30
pm25,35.0,2026-05-22 16:00:00+05:30
pm25,35.0,2026-05-22 16:15:00+05:30
pm25,35.0,2026-05-22 16:30:00+05:30
pm25,33.21,2026-05-22 16:45:00+05:30
pm25,31.32,2026-05-22 17:15:00+05:30
pm25,33.0,2026-05-22 17:30:00+05:30
pm25,33.0,2026-05-22 17:45:00+05:30
pm25,51.21,2026-05-22 18:00:00+05:30
pm25,51.21,2026-05-22 18:15:00+05:30
pm25,54.0,2026-05-22 18:30:00+05:30
pm25,54.0,2026-05-22 18:45:00+05:30
pm25,56.0,2026-05-22 19:00:00+05:30
pm25,56.0,2026-05-22 19:15:00+05:30
pm25,56.0,2026-05-22 19:30:00+05:30
pm25,53.11,2026-05-22 19:45:00+05:30
pm25,50.26,2026-05-22 20:00:00+05:30
pm25,53.0,2026-05-22 20:15:00+05:30
pm25,53.0,2026-05-22 20:30:00+05:30
pm25,53.0,2026-05-22 20:45:00+05:30
pm25,47.0,2026-05-22 21:00:00+05:30
pm25,44.58,2026-05-22 21:15:00+05:30
pm25,47.0,2026-05-22 21:30:00+05:30
pm25,47.0,2026-05-22 21:45:00+05:30
pm25,57.0,2026-05-22 22:00:00+05:30
pm25,54.05,2026-05-22 22:15:00+05:30
pm25,57.0,2026-05-22 22:30:00+05:30
pm25,57.0,2026-05-22 22:45:00+05:30
pm25,60.0,2026-05-22 23:00:00+05:30
pm25,56.89,2026-05-22 23:15:00+05:30
pm25,60.0,2026-05-22 23:30:00+05:30
pm25,60.0,2026-05-22 23:45:00+05:30
pm25,77.0,2026-05-23 01:45:00+05:30
pm25,76.0,2026-05-23 02:00:00+05:30
pm25,72.05,2026-05-23 02:15:00+05:30
pm25,76.0,2026-05-23 02:30:00+05:30
pm25,72.05,2026-05-23 02:45:00+05:30
pm25,75.0,2026-05-23 03:00:00+05:30
pm25,75.0,2026-05-23 03:15:00+05:30
pm25,75.0,2026-05-23 03:30:00+05:30
pm25,71.11,2026-05-23 03:45:00+05:30
pm25,199.0,2026-05-23 04:00:00+05:30
pm25,210.0,2026-05-23 04:15:00+05:30
pm25,210.0,2026-05-23 04:30:00+05:30
pm25,199.0,2026-05-23 04:45:00+05:30
pm25,162.0,2026-05-23 05:00:00+05:30
pm25,162.0,2026-05-23 05:15:00+05:30
pm25,162.0,2026-05-23 05:30:00+05:30
pm25,162.0,2026-05-23 05:45:00+05:30
pm25,204.0,2026-05-23 06:00:00+05:30
pm25,193.32,2026-05-23 06:15:00+05:30
pm25,204.0,2026-05-23 06:30:00+05:30
pm25,204.0,2026-05-23 06:45:00+05:30
pm25,174.37,2026-05-23 07:00:00+05:30
pm25,184.0,2026-05-23 07:15:00+05:30
pm25,184.0,2026-05-23 07:30:00+05:30
pm25,184.0,2026-05-23 07:45:00+05:30
pm25,158.26,2026-05-23 08:00:00+05:30
pm25,158.26,2026-05-23 08:15:00+05:30
pm25,167.0,2026-05-23 08:30:00+05:30
pm25,167.0,2026-05-23 08:45:00+05:30
pm25,45.53,2026-05-23 09:00:00+05:30
pm25,48.0,2026-05-23 09:15:00+05:30
pm25,48.0,2026-05-23 09:30:00+05:30
pm25,45.53,2026-05-23 09:45:00+05:30
pm25,47.0,2026-05-23 10:00:00+05:30
pm25,44.58,2026-05-23 10:15:00+05:30
pm25,47.0,2026-05-23 10:30:00+05:30
pm25,44.58,2026-05-23 10:45:00+05:30
pm25,33.21,2026-05-23 11:00:00+05:30
pm25,35.0,2026-05-23 11:15:00+05:30
pm25,35.0,2026-05-23 11:30:00+05:30
pm25,35.0,2026-05-23 11:45:00+05:30
pm25,38.0,2026-05-23 12:00:00+05:30
pm25,38.0,2026-05-23 12:15:00+05:30
pm25,38.0,2026-05-23 12:30:00+05:30
pm25,38.0,2026-05-23 12:45:00+05:30
pm25,40.79,2026-05-23 13:00:00+05:30
pm25,43.0,2026-05-23 13:15:00+05:30
pm25,43.0,2026-05-23 13:30:00+05:30
pm25,43.0,2026-05-23 13:45:00+05:30
pm25,38.89,2026-05-23 14:00:00+05:30
pm25,41.0,2026-05-23 14:15:00+05:30
pm25,41.0,2026-05-23 14:30:00+05:30
pm25,38.89,2026-05-23 14:45:00+05:30
pm25,62.58,2026-05-23 15:15:00+05:30
pm25,66.0,2026-05-23 15:30:00+05:30
pm25,66.0,2026-05-23 15:45:00+05:30
pm25,44.0,2026-05-23 16:00:00+05:30
pm25,44.0,2026-05-23 16:15:00+05:30
pm25,44.0,2026-05-23 16:30:00+05:30
pm25,44.0,2026-05-23 16:45:00+05:30
pm25,40.0,2026-05-23 17:00:00+05:30
pm25,37.95,2026-05-23 17:15:00+05:30
pm25,40.0,2026-05-23 17:30:00+05:30
pm25,37.95,2026-05-23 17:45:00+05:30
pm25,34.0,2026-05-23 18:00:00+05:30
pm25,32.26,2026-05-23 18:15:00+05:30
pm25,34.0,2026-05-23 18:30:00+05:30
pm25,32.26,2026-05-23 18:45:00+05:30
pm25,39.0,2026-05-23 19:00:00+05:30
pm25,39.0,2026-05-23 19:15:00+05:30
pm25,37.0,2026-05-23 19:30:00+05:30
pm25,39.0,2026-05-23 19:45:00+05:30
pm25,69.0,2026-05-23 20:00:00+05:30
pm25,69.0,2026-05-23 20:15:00+05:30
pm25,69.0,2026-05-23 20:30:00+05:30
pm25,69.0,2026-05-23 20:45:00+05:30
pm25,80.0,2026-05-23 21:00:00+05:30
pm25,80.0,2026-05-23 21:15:00+05:30
pm25,80.0,2026-05-23 21:30:00+05:30
pm25,75.84,2026-05-23 21:45:00+05:30
pm25,72.05,2026-05-23 22:00:00+05:30
pm25,72.05,2026-05-23 22:15:00+05:30
pm25,76.0,2026-05-23 22:30:00+05:30
pm25,72.05,2026-05-23 22:45:00+05:30
pm25,83.42,2026-05-23 23:00:00+05:30
pm25,88.0,2026-05-23 23:15:00+05:30
pm25,83.42,2026-05-23 23:30:00+05:30
pm25,88.0,2026-05-23 23:45:00+05:30
pm25,95.0,2026-05-24 01:45:00+05:30
pm25,100.47,2026-05-24 02:00:00+05:30
pm25,106.0,2026-05-24 02:15:00+05:30
pm25,106.0,2026-05-24 02:30:00+05:30
pm25,100.47,2026-05-24 02:45:00+05:30
pm25,128.89,2026-05-24 03:00:00+05:30
pm25,136.0,2026-05-24 03:15:00+05:30
pm25,136.0,2026-05-24 03:30:00+05:30
pm25,136.0,2026-05-24 03:45:00+05:30
pm25,129.84,2026-05-24 04:00:00+05:30
pm25,137.0,2026-05-24 04:15:00+05:30
pm25,137.0,2026-05-24 04:30:00+05:30
pm25,137.0,2026-05-24 04:45:00+05:30
pm25,149.0,2026-05-24 05:00:00+05:30
pm25,141.21,2026-05-24 05:15:00+05:30
pm25,149.0,2026-05-24 05:30:00+05:30
pm25,149.0,2026-05-24 05:45:00+05:30
pm25,131.74,2026-05-24 06:00:00+05:30
pm25,139.0,2026-05-24 06:15:00+05:30
pm25,131.74,2026-05-24 06:30:00+05:30
pm25,131.74,2026-05-24 06:45:00+05:30
pm25,164.0,2026-05-24 07:00:00+05:30
pm25,164.0,2026-05-24 07:15:00+05:30
pm25,164.0,2026-05-24 07:30:00+05:30
pm25,164.0,2026-05-24 07:45:00+05:30
pm25,167.0,2026-05-24 08:00:00+05:30
pm25,167.0,2026-05-24 08:30:00+05:30
pm25,167.0,2026-05-24 08:45:00+05:30
pm25,97.0,2026-05-24 09:00:00+05:30
pm25,97.0,2026-05-24 09:15:00+05:30
pm25,97.0,2026-05-24 09:30:00+05:30
pm25,91.95,2026-05-24 09:45:00+05:30
pm25,55.95,2026-05-24 10:00:00+05:30
pm25,59.0,2026-05-24 10:15:00+05:30
pm25,59.0,2026-05-24 10:30:00+05:30
pm25,55.95,2026-05-24 10:45:00+05:30
pm25,40.79,2026-05-24 11:00:00+05:30
pm25,43.0,2026-05-24 11:15:00+05:30
pm25,43.0,2026-05-24 11:30:00+05:30
pm25,40.79,2026-05-24 11:45:00+05:30
pm25,36.0,2026-05-24 12:00:00+05:30
pm25,36.0,2026-05-24 12:15:00+05:30
pm25,36.0,2026-05-24 12:30:00+05:30
pm25,34.16,2026-05-24 12:45:00+05:30
pm25,24.68,2026-05-24 13:00:00+05:30
pm25,26.0,2026-05-24 13:15:00+05:30
pm25,26.0,2026-05-24 13:30:00+05:30
pm25,24.68,2026-05-24 13:45:00+05:30
pm25,28.47,2026-05-24 14:00:00+05:30
pm25,28.47,2026-05-24 14:15:00+05:30
pm25,30.0,2026-05-24 14:30:00+05:30
pm25,30.0,2026-05-24 14:45:00+05:30
pm25,30.0,2026-05-24 15:00:00+05:30
pm25,28.47,2026-05-24 15:15:00+05:30
pm25,30.0,2026-05-24 15:30:00+05:30
pm25,28.19,2026-05-24 15:45:00+05:30
pm25,24.61,2026-05-24 16:00:00+05:30
pm25,26.0,2026-05-24 16:15:00+05:30
pm25,26.0,2026-05-24 16:30:00+05:30
pm25,26.0,2026-05-24 16:45:00+05:30
pm25,22.0,2026-05-24 17:15:00+05:30
pm25,22.0,2026-05-24 17:30:00+05:30
pm25,22.0,2026-05-24 17:45:00+05:30
pm25,29.0,2026-05-24 18:00:00+05:30
pm25,29.0,2026-05-24 18:15:00+05:30
pm25,29.0,2026-05-24 18:30:00+05:30
pm25,29.0,2026-05-24 18:45:00+05:30
pm25,35.0,2026-05-24 19:00:00+05:30
pm25,35.0,2026-05-24 19:15:00+05:30
pm25,35.0,2026-05-24 19:45:00+05:30
pm25,37.0,2026-05-24 20:00:00+05:30
pm25,37.0,2026-05-24 20:15:00+05:30
pm25,37.0,2026-05-24 20:30:00+05:30
pm25,37.0,2026-05-24 20:45:00+05:30
pm25,90.0,2026-05-24 21:00:00+05:30
pm25,90.0,2026-05-24 21:15:00+05:30
pm25,90.0,2026-05-24 21:30:00+05:30
pm25,90.0,2026-05-24 21:45:00+05:30
pm25,125.0,2026-05-24 22:00:00+05:30
pm25,125.0,2026-05-24 22:15:00+05:30
pm25,125.0,2026-05-24 22:30:00+05:30
pm25,125.0,2026-05-24 22:45:00+05:30
pm25,92.0,2026-05-24 23:00:00+05:30
pm25,92.0,2026-05-24 23:15:00+05:30
pm25,92.0,2026-05-24 23:30:00+05:30
pm25,92.0,2026-05-24 23:45:00+05:30
pm25,68.0,2026-05-25 00:45:00+05:30
pm25,54.0,2026-05-25 01:00:00+05:30
pm25,54.0,2026-05-25 01:15:00+05:30
pm25,54.0,2026-05-25 01:30:00+05:30
pm25,54.0,2026-05-25 01:45:00+05:30
pm25,69.0,2026-05-25 02:00:00+05:30
pm25,69.0,2026-05-25 02:15:00+05:30
pm25,69.0,2026-05-25 02:30:00+05:30
pm25,69.0,2026-05-25 02:45:00+05:30
pm25,65.0,2026-05-25 03:00:00+05:30
pm25,65.0,2026-05-25 03:15:00+05:30
pm25,65.0,2026-05-25 03:30:00+05:30
pm25,65.0,2026-05-25 03:45:00+05:30
pm25,90.0,2026-05-25 04:00:00+05:30
pm25,90.0,2026-05-25 04:15:00+05:30
pm25,90.0,2026-05-25 04:30:00+05:30
pm25,90.0,2026-05-25 04:45:00+05:30
pm25,84.0,2026-05-25 05:00:00+05:30
pm25,84.0,2026-05-25 05:15:00+05:30
pm25,84.0,2026-05-25 05:30:00+05:30
pm25,84.0,2026-05-25 05:45:00+05:30
pm25,89.0,2026-05-25 06:00:00+05:30
pm25,89.0,2026-05-25 06:15:00+05:30
pm25,89.0,2026-05-25 06:30:00+05:30
pm25,89.0,2026-05-25 06:45:00+05:30
pm25,89.0,2026-05-25 07:00:00+05:30
pm25,89.0,2026-05-25 07:15:00+05:30
pm25,89.0,2026-05-25 07:30:00+05:30
pm25,89.0,2026-05-25 07:45:00+05:30
pm25,79.0,2026-05-25 08:00:00+05:30
pm25,79.0,2026-05-25 08:15:00+05:30
pm25,79.0,2026-05-25 08:30:00+05:30
pm25,79.0,2026-05-25 08:45:00+05:30
pm25,77.0,2026-05-25 09:00:00+05:30
pm25,77.0,2026-05-25 09:15:00+05:30
pm25,77.0,2026-05-25 09:30:00+05:30
pm25,77.0,2026-05-25 09:45:00+05:30
pm25,97.0,2026-05-25 10:00:00+05:30
pm25,97.0,2026-05-25 10:30:00+05:30
pm25,97.0,2026-05-25 10:45:00+05:30
pm25,79.0,2026-05-25 11:15:00+05:30
pm25,71.11,2026-05-25 12:45:00+05:30
pm25,72.0,2026-05-25 13:00:00+05:30
pm25,72.0,2026-05-25 13:15:00+05:30
pm25,72.0,2026-05-25 13:30:00+05:30
pm25,72.0,2026-05-25 13:45:00+05:30
pm25,70.0,2026-05-25 14:00:00+05:30
pm25,70.0,2026-05-25 14:15:00+05:30
pm25,70.0,2026-05-25 14:30:00+05:30
pm25,84.0,2026-05-25 15:00:00+05:30
pm25,84.0,2026-05-25 15:15:00+05:30
pm25,84.0,2026-05-25 15:30:00+05:30
pm25,84.0,2026-05-25 15:45:00+05:30
pm25,75.0,2026-05-25 16:00:00+05:30
pm25,75.0,2026-05-25 16:15:00+05:30
pm25,75.0,2026-05-25 16:30:00+05:30
pm25,71.11,2026-05-25 16:45:00+05:30
pm25,72.0,2026-05-25 17:00:00+05:30
pm25,72.0,2026-05-25 17:15:00+05:30
pm25,68.26,2026-05-25 17:45:00+05:30
pm25,59.0,2026-05-25 18:00:00+05:30
pm25,59.0,2026-05-25 18:15:00+05:30
pm25,59.0,2026-05-25 18:30:00+05:30
pm25,55.95,2026-05-25 18:45:00+05:30
pm25,75.0,2026-05-25 19:00:00+05:30
pm25,71.11,2026-05-25 19:15:00+05:30
pm25,75.0,2026-05-25 19:30:00+05:30
pm25,71.11,2026-05-25 19:45:00+05:30
pm25,75.0,2026-05-25 20:00:00+05:30
pm25,75.0,2026-05-25 20:15:00+05:30
pm25,75.0,2026-05-25 20:30:00+05:30
pm25,71.11,2026-05-25 20:45:00+05:30
pm25,84.37,2026-05-25 21:00:00+05:30
pm25,89.0,2026-05-25 21:15:00+05:30
pm25,89.0,2026-05-25 21:30:00+05:30
pm25,89.0,2026-05-25 21:45:00+05:30
pm25,112.0,2026-05-25 22:00:00+05:30
pm25,112.0,2026-05-25 22:15:00+05:30
pm25,112.0,2026-05-25 22:30:00+05:30
pm25,112.0,2026-05-25 22:45:00+05:30
pm25,73.0,2026-05-25 23:00:00+05:30
pm25,77.0,2026-05-25 23:15:00+05:30
pm25,77.0,2026-05-25 23:30:00+05:30
pm25,77.0,2026-05-25 23:45:00+05:30
pm25,98.0,2026-05-26 00:45:00+05:30
pm25,112.0,2026-05-26 01:00:00+05:30
pm25,112.0,2026-05-26 01:15:00+05:30
pm25,112.0,2026-05-26 01:30:00+05:30
pm25,106.16,2026-05-26 01:45:00+05:30
pm25,127.0,2026-05-26 02:00:00+05:30
pm25,127.0,2026-05-26 02:15:00+05:30
pm25,134.0,2026-05-26 02:30:00+05:30
pm25,127.0,2026-05-26 02:45:00+05:30
pm25,87.0,2026-05-26 03:00:00+05:30
pm25,82.47,2026-05-26 03:15:00+05:30
pm25,87.0,2026-05-26 03:30:00+05:30
pm25,87.0,2026-05-26 03:45:00+05:30
pm25,159.0,2026-05-26 04:00:00+05:30
pm25,159.0,2026-05-26 04:15:00+05:30
pm25,159.0,2026-05-26 04:30:00+05:30
pm25,159.0,2026-05-26 04:45:00+05:30
pm25,200.28,2026-05-26 05:00:00+05:30
pm25,212.0,2026-05-26 05:15:00+05:30
pm25,212.0,2026-05-26 05:30:00+05:30
pm25,212.0,2026-05-26 05:45:00+05:30
pm25,199.0,2026-05-26 06:00:00+05:30
pm25,199.0,2026-05-26 06:15:00+05:30
pm25,199.0,2026-05-26 06:30:00+05:30
pm25,199.0,2026-05-26 06:45:00+05:30
pm25,0.0,2026-05-26 07:00:00+05:30
pm25,0.0,2026-05-26 07:15:00+05:30
pm25,0.0,2026-05-26 07:30:00+05:30
pm25,0.0,2026-05-26 07:45:00+05:30
pm25,0.0,2026-05-26 08:00:00+05:30
pm25,0.0,2026-05-26 08:15:00+05:30
pm25,0.0,2026-05-26 08:30:00+05:30
pm25,0.0,2026-05-26 08:45:00+05:30
pm25,0.0,2026-05-26 09:00:00+05:30
pm25,0.0,2026-05-26 09:15:00+05:30
pm25,0.0,2026-05-26 10:45:00+05:30
pm25,0.0,2026-05-26 11:15:00+05:30
pm25,0.0,2026-05-26 11:30:00+05:30
pm25,0.0,2026-05-26 11:45:00+05:30
pm25,36.05,2026-05-26 12:00:00+05:30
pm25,38.0,2026-05-26 12:15:00+05:30
pm25,38.0,2026-05-26 12:30:00+05:30
pm25,38.0,2026-05-26 12:45:00+05:30
pm25,29.0,2026-05-26 13:00:00+05:30
pm25,29.0,2026-05-26 13:15:00+05:30
pm25,29.0,2026-05-26 13:30:00+05:30
pm25,27.53,2026-05-26 13:45:00+05:30
pm25,25.0,2026-05-26 14:00:00+05:30
pm25,25.0,2026-05-26 14:15:00+05:30
pm25,25.0,2026-05-26 14:30:00+05:30
pm25,16.16,2026-05-26 15:00:00+05:30
pm25,17.0,2026-05-26 15:15:00+05:30
pm25,16.16,2026-05-26 15:45:00+05:30
pm25,42.0,2026-05-26 16:00:00+05:30
pm25,42.0,2026-05-26 16:15:00+05:30
pm25,42.0,2026-05-26 16:30:00+05:30
pm25,42.0,2026-05-26 16:45:00+05:30
pm25,33.0,2026-05-26 17:00:00+05:30
pm25,33.0,2026-05-26 17:15:00+05:30
pm25,33.0,2026-05-26 17:30:00+05:30
pm25,33.0,2026-05-26 17:45:00+05:30
pm25,21.0,2026-05-26 18:00:00+05:30
pm25,19.95,2026-05-26 18:15:00+05:30
pm25,21.0,2026-05-26 18:30:00+05:30
pm25,21.0,2026-05-26 18:45:00+05:30
pm25,29.42,2026-05-26 19:00:00+05:30
pm25,31.0,2026-05-26 19:15:00+05:30
pm25,31.0,2026-05-26 19:30:00+05:30
pm25,29.42,2026-05-26 19:45:00+05:30
pm25,37.0,2026-05-26 20:15:00+05:30
pm25,37.0,2026-05-26 20:30:00+05:30
pm25,35.11,2026-05-26 20:45:00+05:30
pm25,57.0,2026-05-26 21:30:00+05:30
pm25,54.05,2026-05-26 21:45:00+05:30
pm25,54.05,2026-05-26 22:00:00+05:30
pm25,54.05,2026-05-26 22:15:00+05:30
pm25,57.0,2026-05-26 22:30:00+05:30
pm25,54.05,2026-05-26 22:45:00+05:30
pm25,63.0,2026-05-26 23:00:00+05:30
pm25,63.0,2026-05-26 23:15:00+05:30
pm25,63.0,2026-05-26 23:30:00+05:30
pm25,63.0,2026-05-26 23:45:00+05:30
pm25,71.11,2026-05-27 00:45:00+05:30
pm25,71.11,2026-05-27 01:00:00+05:30
pm25,75.0,2026-05-27 01:15:00+05:30
pm25,75.0,2026-05-27 01:30:00+05:30
pm25,71.11,2026-05-27 01:45:00+05:30
pm25,84.0,2026-05-27 02:00:00+05:30
pm25,84.0,2026-05-27 02:15:00+05:30
pm25,84.0,2026-05-27 02:30:00+05:30
pm25,84.0,2026-05-27 02:45:00+05:30
pm25,90.05,2026-05-27 03:00:00+05:30
pm25,95.0,2026-05-27 03:15:00+05:30
pm25,95.0,2026-05-27 03:30:00+05:30
pm25,90.05,2026-05-27 03:45:00+05:30
pm25,166.0,2026-05-27 04:00:00+05:30
pm25,166.0,2026-05-27 04:15:00+05:30
pm25,166.0,2026-05-27 04:30:00+05:30
pm25,166.0,2026-05-27 04:45:00+05:30
pm25,233.0,2026-05-27 05:00:00+05:30
pm25,233.0,2026-05-27 05:15:00+05:30
pm25,233.0,2026-05-27 05:30:00+05:30
pm25,233.0,2026-05-27 05:45:00+05:30
pm25,218.0,2026-05-27 06:00:00+05:30
pm25,206.58,2026-05-27 06:15:00+05:30
pm25,218.0,2026-05-27 06:30:00+05:30
pm25,206.58,2026-05-27 06:45:00+05:30
pm25,170.0,2026-05-27 07:00:00+05:30
pm25,170.0,2026-05-27 07:15:00+05:30
pm25,170.0,2026-05-27 07:30:00+05:30
pm25,161.11,2026-05-27 07:45:00+05:30
pm25,128.0,2026-05-27 08:00:00+05:30
pm25,128.0,2026-05-27 08:15:00+05:30
pm25,128.0,2026-05-27 08:30:00+05:30
pm25,128.0,2026-05-27 08:45:00+05:30
pm25,111.84,2026-05-27 09:00:00+05:30
pm25,118.0,2026-05-27 09:15:00+05:30
pm25,118.0,2026-05-27 09:30:00+05:30
pm25,111.84,2026-05-27 09:45:00+05:30
pm25,80.58,2026-05-27 10:00:00+05:30
pm25,85.0,2026-05-27 10:15:00+05:30
pm25,85.0,2026-05-27 10:30:00+05:30
pm25,80.58,2026-05-27 10:45:00+05:30
pm25,42.0,2026-05-27 11:00:00+05:30
pm25,42.0,2026-05-27 11:15:00+05:30
pm25,42.0,2026-05-27 11:30:00+05:30
pm25,31.0,2026-05-27 12:00:00+05:30
pm25,31.0,2026-05-27 12:15:00+05:30
pm25,31.0,2026-05-27 12:30:00+05:30
pm25,29.42,2026-05-27 12:45:00+05:30
pm25,21.0,2026-05-27 17:45:00+05:30
pm25,26.0,2026-05-27 18:00:00+05:30
pm25,26.0,2026-05-27 18:15:00+05:30
pm25,26.0,2026-05-27 18:30:00+05:30
pm25,26.0,2026-05-27 18:45:00+05:30
pm25,33.0,2026-05-27 19:00:00+05:30
pm25,31.32,2026-05-27 19:15:00+05:30
pm25,33.0,2026-05-27 19:30:00+05:30
pm25,33.0,2026-05-27 19:45:00+05:30
pm25,43.63,2026-05-27 20:00:00+05:30
pm25,46.0,2026-05-27 20:15:00+05:30
pm25,46.0,2026-05-27 20:30:00+05:30
pm25,46.0,2026-05-27 20:45:00+05:30
pm25,65.0,2026-05-27 21:00:00+05:30
pm25,61.63,2026-05-27 21:15:00+05:30
pm25,65.0,2026-05-27 21:30:00+05:30
pm25,65.0,2026-05-27 21:45:00+05:30
pm25,70.16,2026-05-27 22:00:00+05:30
pm25,74.0,2026-05-27 22:15:00+05:30
pm25,74.0,2026-05-27 22:30:00+05:30
pm25,74.0,2026-05-27 22:45:00+05:30
pm25,97.0,2026-05-27 23:00:00+05:30
pm25,91.95,2026-05-27 23:15:00+05:30
pm25,97.0,2026-05-27 23:30:00+05:30
pm25,91.95,2026-05-27 23:45:00+05:30
pm25,125.0,2026-05-28 00:45:00+05:30
pm25,134.0,2026-05-28 01:00:00+05:30
pm25,134.0,2026-05-28 01:15:00+05:30
pm25,134.0,2026-05-28 01:30:00+05:30
pm25,134.0,2026-05-28 01:45:00+05:30
pm25,177.0,2026-05-28 02:00:00+05:30
pm25,177.0,2026-05-28 02:15:00+05:30
pm25,177.0,2026-05-28 02:30:00+05:30
pm25,177.0,2026-05-28 02:45:00+05:30
pm25,100.47,2026-05-28 03:00:00+05:30
pm25,106.0,2026-05-28 03:15:00+05:30
pm25,106.0,2026-05-28 03:30:00+05:30
pm25,100.47,2026-05-28 03:45:00+05:30
pm25,76.79,2026-05-28 04:00:00+05:30
pm25,76.79,2026-05-28 04:15:00+05:30
pm25,81.0,2026-05-28 04:30:00+05:30
pm25,81.0,2026-05-28 04:45:00+05:30
pm25,74.89,2026-05-28 05:00:00+05:30
pm25,79.0,2026-05-28 05:15:00+05:30
pm25,79.0,2026-05-28 05:30:00+05:30
pm25,79.0,2026-05-28 05:45:00+05:30
pm25,177.0,2026-05-28 06:00:00+05:30
pm25,167.74,2026-05-28 06:15:00+05:30
pm25,177.0,2026-05-28 06:30:00+05:30
pm25,177.0,2026-05-28 06:45:00+05:30
pm25,136.47,2026-05-28 07:00:00+05:30
pm25,144.0,2026-05-28 07:15:00+05:30
pm25,144.0,2026-05-28 07:30:00+05:30
pm25,144.0,2026-05-28 07:45:00+05:30
pm25,80.0,2026-05-28 08:00:00+05:30
pm25,80.0,2026-05-28 08:15:00+05:30
pm25,80.0,2026-05-28 08:30:00+05:30
pm25,80.0,2026-05-28 08:45:00+05:30
pm25,68.0,2026-05-28 09:00:00+05:30
pm25,68.0,2026-05-28 09:15:00+05:30
pm25,68.0,2026-05-28 09:30:00+05:30
pm25,68.0,2026-05-28 09:45:00+05:30
pm25,67.32,2026-05-28 10:00:00+05:30
pm25,71.0,2026-05-28 10:15:00+05:30
pm25,71.0,2026-05-28 10:30:00+05:30
pm25,71.0,2026-05-28 10:45:00+05:30
pm25,70.16,2026-05-28 11:00:00+05:30
pm25,74.0,2026-05-28 11:15:00+05:30
pm25,74.0,2026-05-28 11:30:00+05:30
pm25,74.0,2026-05-28 11:45:00+05:30
pm25,60.68,2026-05-28 12:00:00+05:30
pm25,64.0,2026-05-28 12:15:00+05:30
pm25,64.0,2026-05-28 12:30:00+05:30
pm25,64.0,2026-05-28 12:45:00+05:30
pm25,57.84,2026-05-28 13:00:00+05:30
pm25,57.84,2026-05-28 13:15:00+05:30
pm25,61.0,2026-05-28 13:30:00+05:30
pm25,61.0,2026-05-28 13:45:00+05:30
pm25,52.16,2026-05-28 14:00:00+05:30
pm25,55.0,2026-05-28 14:15:00+05:30
pm25,55.0,2026-05-28 14:30:00+05:30
pm25,52.16,2026-05-28 14:45:00+05:30
pm25,59.0,2026-05-28 15:00:00+05:30
pm25,59.0,2026-05-28 15:15:00+05:30
pm25,59.0,2026-05-28 15:30:00+05:30
pm25,59.0,2026-05-28 15:45:00+05:30
pm25,49.0,2026-05-28 16:15:00+05:30
pm25,49.0,2026-05-28 16:45:00+05:30
pm25,49.32,2026-05-28 17:15:00+05:30
pm25,52.0,2026-05-28 17:30:00+05:30
pm25,52.0,2026-05-28 17:45:00+05:30
pm25,53.11,2026-05-28 18:45:00+05:30
pm25,55.0,2026-05-28 19:00:00+05:30
pm25,52.16,2026-05-28 19:15:00+05:30
pm25,55.0,2026-05-28 19:30:00+05:30
pm25,55.0,2026-05-28 19:45:00+05:30
pm25,24.68,2026-05-28 20:45:00+05:30
pm25,35.11,2026-05-28 22:45:00+05:30
pm25,13.0,2026-05-28 23:00:00+05:30
pm25,12.37,2026-05-28 23:15:00+05:30
pm25,13.0,2026-05-28 23:30:00+05:30
pm25,13.0,2026-05-28 23:45:00+05:30
pm25,19.0,2026-05-29 00:45:00+05:30
pm25,13.32,2026-05-29 01:00:00+05:30
pm25,14.0,2026-05-29 01:15:00+05:30
pm25,14.0,2026-05-29 01:30:00+05:30
pm25,14.0,2026-05-29 01:45:00+05:30
pm25,12.37,2026-05-29 02:00:00+05:30
pm25,12.37,2026-05-29 02:15:00+05:30
pm25,13.0,2026-05-29 02:30:00+05:30
pm25,13.0,2026-05-29 02:45:00+05:30
pm25,62.0,2026-05-29 03:00:00+05:30
pm25,62.0,2026-05-29 03:15:00+05:30
pm25,62.0,2026-05-29 03:30:00+05:30
pm25,62.0,2026-05-29 03:45:00+05:30
pm25,55.0,2026-05-29 04:00:00+05:30
pm25,55.0,2026-05-29 04:15:00+05:30
pm25,58.0,2026-05-29 04:30:00+05:30
pm25,58.0,2026-05-29 04:45:00+05:30
pm25,31.0,2026-05-29 05:00:00+05:30
pm25,31.0,2026-05-29 05:15:00+05:30
pm25,31.0,2026-05-29 05:30:00+05:30
pm25,29.42,2026-05-29 05:45:00+05:30
pm25,33.0,2026-05-29 06:00:00+05:30
pm25,33.0,2026-05-29 06:15:00+05:30
pm25,33.0,2026-05-29 06:30:00+05:30
pm25,33.0,2026-05-29 06:45:00+05:30
pm25,35.11,2026-05-29 07:00:00+05:30
pm25,35.11,2026-05-29 07:15:00+05:30
pm25,37.0,2026-05-29 07:30:00+05:30
pm25,35.11,2026-05-29 07:45:00+05:30
pm25,30.37,2026-05-29 08:00:00+05:30
pm25,30.37,2026-05-29 08:15:00+05:30
pm25,32.0,2026-05-29 08:30:00+05:30
pm25,32.0,2026-05-29 08:45:00+05:30
pm25,23.74,2026-05-29 09:00:00+05:30
pm25,23.74,2026-05-29 09:15:00+05:30
pm25,25.0,2026-05-29 09:30:00+05:30
pm25,25.0,2026-05-29 09:45:00+05:30
pm25,25.0,2026-05-29 10:00:00+05:30
pm25,23.74,2026-05-29 10:15:00+05:30
pm25,25.0,2026-05-29 10:30:00+05:30
pm25,25.0,2026-05-29 10:45:00+05:30
pm25,28.0,2026-05-29 11:00:00+05:30
pm25,28.0,2026-05-29 11:15:00+05:30
pm25,28.0,2026-05-29 11:30:00+05:30
pm25,28.0,2026-05-29 11:45:00+05:30
pm25,25.63,2026-05-29 13:00:00+05:30
pm25,27.0,2026-05-29 13:15:00+05:30
pm25,27.0,2026-05-29 13:30:00+05:30
pm25,27.0,2026-05-29 13:45:00+05:30
pm25,28.0,2026-05-29 14:00:00+05:30
pm25,26.58,2026-05-29 14:15:00+05:30
pm25,28.0,2026-05-29 14:30:00+05:30
pm25,21.0,2026-05-29 15:45:00+05:30
pm25,24.0,2026-05-29 16:00:00+05:30
pm25,24.0,2026-05-29 16:15:00+05:30
pm25,24.0,2026-05-29 16:30:00+05:30
pm25,24.0,2026-05-29 16:45:00+05:30
pm25,22.0,2026-05-29 17:00:00+05:30
pm25,22.0,2026-05-29 17:15:00+05:30
pm25,22.0,2026-05-29 17:30:00+05:30
pm25,20.89,2026-05-29 17:45:00+05:30
pm25,27.0,2026-05-29 18:00:00+05:30
pm25,27.0,2026-05-29 18:15:00+05:30
pm25,27.0,2026-05-29 18:30:00+05:30
pm25,25.63,2026-05-29 18:45:00+05:30
pm25,25.63,2026-05-29 19:00:00+05:30
pm25,25.63,2026-05-29 19:15:00+05:30
pm25,27.0,2026-05-29 19:30:00+05:30
pm25,27.0,2026-05-29 19:45:00+05:30
pm25,18.0,2026-05-29 20:00:00+05:30
pm25,17.11,2026-05-29 20:15:00+05:30
pm25,18.0,2026-05-29 20:30:00+05:30
pm25,17.11,2026-05-29 20:45:00+05:30
pm25,13.32,2026-05-29 21:00:00+05:30
pm25,14.0,2026-05-29 21:15:00+05:30
pm25,14.0,2026-05-29 21:30:00+05:30
pm25,14.0,2026-05-29 21:45:00+05:30
pm25,20.0,2026-05-29 22:00:00+05:30
pm25,19.0,2026-05-29 22:15:00+05:30
pm25,20.0,2026-05-29 22:30:00+05:30
pm25,20.0,2026-05-29 22:45:00+05:30
pm25,11.0,2026-05-29 23:00:00+05:30
pm25,11.0,2026-05-29 23:15:00+05:30
pm25,11.0,2026-05-29 23:30:00+05:30
pm25,11.0,2026-05-29 23:45:00+05:30
pm25,10.47,2026-05-30 00:45:00+05:30
pm25,7.0,2026-05-30 01:00:00+05:30
pm25,6.68,2026-05-30 01:15:00+05:30
pm25,7.0,2026-05-30 01:30:00+05:30
pm25,7.0,2026-05-30 01:45:00+05:30
pm25,10.0,2026-05-30 02:00:00+05:30
pm25,9.53,2026-05-30 02:15:00+05:30
pm25,10.0,2026-05-30 02:30:00+05:30
pm25,10.0,2026-05-30 02:45:00+05:30
pm25,8.58,2026-05-30 03:00:00+05:30
pm25,8.58,2026-05-30 03:15:00+05:30
pm25,9.0,2026-05-30 03:30:00+05:30
pm25,9.0,2026-05-30 03:45:00+05:30
pm25,41.0,2026-05-30 04:00:00+05:30
pm25,38.89,2026-05-30 04:15:00+05:30
pm25,41.0,2026-05-30 04:30:00+05:30
pm25,41.0,2026-05-30 04:45:00+05:30
pm25,34.0,2026-05-30 05:00:00+05:30
pm25,32.26,2026-05-30 05:15:00+05:30
pm25,34.0,2026-05-30 05:30:00+05:30
pm25,32.26,2026-05-30 05:45:00+05:30
pm25,49.32,2026-05-30 06:00:00+05:30
pm25,49.32,2026-05-30 06:15:00+05:30
pm25,52.0,2026-05-30 06:30:00+05:30
pm25,52.0,2026-05-30 06:45:00+05:30
pm25,9.0,2026-05-30 07:00:00+05:30
pm25,8.58,2026-05-30 07:15:00+05:30
pm25,9.0,2026-05-30 07:30:00+05:30
pm25,9.0,2026-05-30 07:45:00+05:30
pm25,18.0,2026-05-30 08:00:00+05:30
pm25,17.11,2026-05-30 08:15:00+05:30
pm25,18.0,2026-05-30 08:30:00+05:30
pm25,18.0,2026-05-30 08:45:00+05:30
pm25,22.79,2026-05-30 09:00:00+05:30
pm25,22.79,2026-05-30 09:15:00+05:30
pm25,24.0,2026-05-30 09:30:00+05:30
pm25,22.79,2026-05-30 09:45:00+05:30
pm25,11.42,2026-05-30 10:00:00+05:30
pm25,12.0,2026-05-30 10:15:00+05:30
pm25,12.0,2026-05-30 10:30:00+05:30
pm25,12.0,2026-05-30 10:45:00+05:30
pm25,14.26,2026-05-30 11:00:00+05:30
pm25,15.0,2026-05-30 11:15:00+05:30
pm25,15.0,2026-05-30 11:30:00+05:30
pm25,15.0,2026-05-30 11:45:00+05:30
pm25,26.0,2026-05-30 12:00:00+05:30
pm25,24.68,2026-05-30 12:15:00+05:30
pm25,26.0,2026-05-30 12:30:00+05:30
pm25,24.68,2026-05-30 12:45:00+05:30
pm25,26.0,2026-05-30 13:00:00+05:30
pm25,26.0,2026-05-30 13:15:00+05:30
pm25,26.0,2026-05-30 13:30:00+05:30
pm25,14.0,2026-05-30 14:00:00+05:30
pm25,14.0,2026-05-30 14:15:00+05:30
pm25,14.0,2026-05-30 14:30:00+05:30
pm25,14.0,2026-05-30 14:45:00+05:30
pm25,16.16,2026-05-30 15:00:00+05:30
pm25,16.16,2026-05-30 15:15:00+05:30
pm25,17.0,2026-05-30 15:30:00+05:30
pm25,17.0,2026-05-30 15:45:00+05:30
pm25,49.0,2026-05-30 16:00:00+05:30
pm25,49.0,2026-05-30 16:15:00+05:30
pm25,49.0,2026-05-30 16:30:00+05:30
pm25,49.0,2026-05-30 16:45:00+05:30
pm25,21.0,2026-05-30 17:00:00+05:30
pm25,19.95,2026-05-30 17:15:00+05:30
pm25,21.0,2026-05-30 17:30:00+05:30
pm25,21.0,2026-05-30 17:45:00+05:30
pm25,21.0,2026-05-30 18:00:00+05:30
pm25,19.95,2026-05-30 18:15:00+05:30
pm25,21.0,2026-05-30 18:30:00+05:30
pm25,21.0,2026-05-30 18:45:00+05:30
pm25,25.0,2026-05-30 19:00:00+05:30
pm25,23.74,2026-05-30 19:15:00+05:30
pm25,25.0,2026-05-30 19:30:00+05:30
pm25,25.0,2026-05-30 19:45:00+05:30
pm25,34.0,2026-05-30 20:00:00+05:30
pm25,32.26,2026-05-30 20:15:00+05:30
pm25,34.0,2026-05-30 20:30:00+05:30
pm25,32.26,2026-05-30 20:45:00+05:30
pm25,37.0,2026-05-30 21:00:00+05:30
pm25,37.0,2026-05-30 21:15:00+05:30
pm25,37.0,2026-05-30 21:30:00+05:30
pm25,35.11,2026-05-30 21:45:00+05:30
pm25,70.0,2026-05-30 22:00:00+05:30
pm25,70.0,2026-05-30 22:15:00+05:30
pm25,70.0,2026-05-30 22:30:00+05:30
pm25,70.0,2026-05-30 22:45:00+05:30
pm25,33.21,2026-05-30 23:00:00+05:30
pm25,33.21,2026-05-30 23:15:00+05:30
pm25,35.0,2026-05-30 23:30:00+05:30
pm25,35.0,2026-05-30 23:45:00+05:30
pm25,26.58,2026-05-31 00:45:00+05:30
pm25,26.0,2026-05-31 01:00:00+05:30
pm25,26.0,2026-05-31 01:15:00+05:30
pm25,26.0,2026-05-31 01:30:00+05:30
pm25,24.68,2026-05-31 01:45:00+05:30
pm25,20.89,2026-05-31 02:00:00+05:30
pm25,20.89,2026-05-31 02:15:00+05:30
pm25,22.0,2026-05-31 02:30:00+05:30
relativehumidity,48.36,2026-05-19 05:45:00+05:30
relativehumidity,48.72,2026-05-19 06:00:00+05:30
relativehumidity,48.94,2026-05-19 06:15:00+05:30
relativehumidity,49.68,2026-05-19 06:30:00+05:30
relativehumidity,49.44,2026-05-19 06:45:00+05:30
relativehumidity,47.72,2026-05-19 07:00:00+05:30
relativehumidity,46.61,2026-05-19 07:15:00+05:30
relativehumidity,44.01,2026-05-19 07:30:00+05:30
relativehumidity,41.18,2026-05-19 07:45:00+05:30
relativehumidity,40.43,2026-05-19 08:00:00+05:30
relativehumidity,38.19,2026-05-19 08:15:00+05:30
relativehumidity,36.39,2026-05-19 08:30:00+05:30
relativehumidity,35.03,2026-05-19 08:45:00+05:30
relativehumidity,33.31,2026-05-19 09:00:00+05:30
relativehumidity,32.41,2026-05-19 09:15:00+05:30
relativehumidity,31.18,2026-05-19 09:30:00+05:30
relativehumidity,31.28,2026-05-19 09:45:00+05:30
relativehumidity,30.64,2026-05-19 10:00:00+05:30
relativehumidity,30.08,2026-05-19 10:15:00+05:30
relativehumidity,29.82,2026-05-19 10:30:00+05:30
relativehumidity,29.45,2026-05-19 10:45:00+05:30
relativehumidity,28.65,2026-05-19 11:00:00+05:30
relativehumidity,27.42,2026-05-19 11:30:00+05:30
relativehumidity,26.71,2026-05-19 11:45:00+05:30
relativehumidity,26.57,2026-05-19 12:00:00+05:30
relativehumidity,26.53,2026-05-19 12:15:00+05:30
relativehumidity,26.32,2026-05-19 12:30:00+05:30
relativehumidity,25.59,2026-05-19 12:45:00+05:30
relativehumidity,24.67,2026-05-19 13:00:00+05:30
relativehumidity,24.76,2026-05-19 13:15:00+05:30
relativehumidity,24.28,2026-05-19 13:30:00+05:30
relativehumidity,23.86,2026-05-19 13:45:00+05:30
relativehumidity,24.54,2026-05-19 14:45:00+05:30
relativehumidity,24.92,2026-05-19 15:00:00+05:30
relativehumidity,24.72,2026-05-19 15:15:00+05:30
relativehumidity,25.16,2026-05-19 15:30:00+05:30
relativehumidity,25.53,2026-05-19 15:45:00+05:30
relativehumidity,25.55,2026-05-19 16:00:00+05:30
relativehumidity,27.18,2026-05-19 16:15:00+05:30
relativehumidity,26.25,2026-05-19 16:30:00+05:30
relativehumidity,28.06,2026-05-19 16:45:00+05:30
relativehumidity,27.87,2026-05-19 17:00:00+05:30
relativehumidity,31.25,2026-05-19 17:15:00+05:30
relativehumidity,29.65,2026-05-19 17:30:00+05:30
relativehumidity,33.17,2026-05-19 17:45:00+05:30
relativehumidity,34.01,2026-05-19 18:00:00+05:30
relativehumidity,34.67,2026-05-19 18:15:00+05:30
relativehumidity,35.22,2026-05-19 18:30:00+05:30
relativehumidity,36.93,2026-05-19 18:45:00+05:30
relativehumidity,38.05,2026-05-19 19:00:00+05:30
relativehumidity,39.25,2026-05-19 19:15:00+05:30
relativehumidity,40.22,2026-05-19 19:30:00+05:30
relativehumidity,41.91,2026-05-19 19:45:00+05:30
relativehumidity,42.89,2026-05-19 20:15:00+05:30
relativehumidity,43.53,2026-05-19 20:30:00+05:30
relativehumidity,43.51,2026-05-19 20:45:00+05:30
relativehumidity,45.14,2026-05-19 21:00:00+05:30
relativehumidity,46.53,2026-05-19 21:15:00+05:30
relativehumidity,46.01,2026-05-19 21:30:00+05:30
relativehumidity,46.61,2026-05-19 21:45:00+05:30
relativehumidity,46.72,2026-05-19 22:00:00+05:30
relativehumidity,47.35,2026-05-19 22:15:00+05:30
relativehumidity,48.73,2026-05-19 22:30:00+05:30
relativehumidity,47.22,2026-05-19 22:45:00+05:30
relativehumidity,46.13,2026-05-19 23:00:00+05:30
relativehumidity,46.54,2026-05-19 23:15:00+05:30
relativehumidity,46.88,2026-05-19 23:30:00+05:30
relativehumidity,47.0,2026-05-19 23:45:00+05:30
relativehumidity,47.83,2026-05-20 00:45:00+05:30
relativehumidity,47.65,2026-05-20 01:00:00+05:30
relativehumidity,47.52,2026-05-20 01:15:00+05:30
relativehumidity,47.45,2026-05-20 01:30:00+05:30
relativehumidity,46.95,2026-05-20 01:45:00+05:30
relativehumidity,47.09,2026-05-20 02:00:00+05:30
relativehumidity,46.54,2026-05-20 02:15:00+05:30
relativehumidity,46.54,2026-05-20 02:30:00+05:30
relativehumidity,46.82,2026-05-20 02:45:00+05:30
relativehumidity,47.28,2026-05-20 03:00:00+05:30
relativehumidity,48.02,2026-05-20 03:15:00+05:30
relativehumidity,47.5,2026-05-20 03:30:00+05:30
relativehumidity,47.43,2026-05-20 03:45:00+05:30
relativehumidity,47.55,2026-05-20 04:00:00+05:30
relativehumidity,48.09,2026-05-20 04:15:00+05:30
relativehumidity,47.4,2026-05-20 04:30:00+05:30
relativehumidity,48.14,2026-05-20 04:45:00+05:30
relativehumidity,49.6,2026-05-20 05:00:00+05:30
relativehumidity,51.18,2026-05-20 05:15:00+05:30
relativehumidity,52.34,2026-05-20 05:30:00+05:30
relativehumidity,52.25,2026-05-20 05:45:00+05:30
relativehumidity,53.36,2026-05-20 06:00:00+05:30
relativehumidity,53.87,2026-05-20 06:15:00+05:30
relativehumidity,55.13,2026-05-20 06:30:00+05:30
relativehumidity,54.69,2026-05-20 06:45:00+05:30
relativehumidity,53.66,2026-05-20 07:00:00+05:30
relativehumidity,48.27,2026-05-20 07:15:00+05:30
relativehumidity,45.61,2026-05-20 07:30:00+05:30
relativehumidity,43.97,2026-05-20 07:45:00+05:30
relativehumidity,41.65,2026-05-20 08:00:00+05:30
relativehumidity,41.46,2026-05-20 08:15:00+05:30
relativehumidity,42.14,2026-05-20 08:30:00+05:30
relativehumidity,42.37,2026-05-20 08:45:00+05:30
relativehumidity,41.92,2026-05-20 09:00:00+05:30
relativehumidity,41.13,2026-05-20 09:15:00+05:30
relativehumidity,40.98,2026-05-20 09:30:00+05:30
relativehumidity,39.12,2026-05-20 10:15:00+05:30
relativehumidity,39.27,2026-05-20 10:30:00+05:30
relativehumidity,37.07,2026-05-20 10:45:00+05:30
relativehumidity,32.23,2026-05-20 12:00:00+05:30
relativehumidity,30.03,2026-05-20 12:15:00+05:30
relativehumidity,29.52,2026-05-20 12:30:00+05:30
relativehumidity,29.21,2026-05-20 12:45:00+05:30
relativehumidity,30.04,2026-05-20 13:00:00+05:30
relativehumidity,30.38,2026-05-20 13:15:00+05:30
relativehumidity,29.48,2026-05-20 13:30:00+05:30
relativehumidity,29.45,2026-05-20 13:45:00+05:30
relativehumidity,29.17,2026-05-20 14:00:00+05:30
relativehumidity,28.87,2026-05-20 14:15:00+05:30
relativehumidity,28.46,2026-05-20 14:30:00+05:30
relativehumidity,28.51,2026-05-20 14:45:00+05:30
relativehumidity,28.94,2026-05-20 15:00:00+05:30
relativehumidity,28.71,2026-05-20 15:15:00+05:30
relativehumidity,28.8,2026-05-20 15:30:00+05:30
relativehumidity,28.89,2026-05-20 15:45:00+05:30
relativehumidity,29.42,2026-05-20 16:00:00+05:30
relativehumidity,30.29,2026-05-20 16:15:00+05:30
relativehumidity,31.0,2026-05-20 16:30:00+05:30
relativehumidity,31.93,2026-05-20 16:45:00+05:30
relativehumidity,34.05,2026-05-20 17:00:00+05:30
relativehumidity,35.14,2026-05-20 17:15:00+05:30
relativehumidity,36.18,2026-05-20 17:30:00+05:30
relativehumidity,36.43,2026-05-20 17:45:00+05:30
relativehumidity,38.44,2026-05-20 18:00:00+05:30
relativehumidity,39.77,2026-05-20 18:15:00+05:30
relativehumidity,41.21,2026-05-20 18:30:00+05:30
relativehumidity,41.78,2026-05-20 18:45:00+05:30
relativehumidity,43.27,2026-05-20 19:00:00+05:30
relativehumidity,44.46,2026-05-20 19:15:00+05:30
relativehumidity,46.18,2026-05-20 19:30:00+05:30
relativehumidity,47.84,2026-05-20 19:45:00+05:30
relativehumidity,45.82,2026-05-20 20:00:00+05:30
relativehumidity,41.46,2026-05-20 20:15:00+05:30
relativehumidity,41.07,2026-05-20 20:30:00+05:30
relativehumidity,40.57,2026-05-20 20:45:00+05:30
relativehumidity,40.23,2026-05-20 21:00:00+05:30
relativehumidity,39.69,2026-05-20 21:15:00+05:30
relativehumidity,41.49,2026-05-20 21:30:00+05:30
relativehumidity,41.28,2026-05-20 21:45:00+05:30
relativehumidity,39.02,2026-05-20 22:00:00+05:30
relativehumidity,37.23,2026-05-20 22:15:00+05:30
relativehumidity,39.0,2026-05-20 22:30:00+05:30
relativehumidity,39.53,2026-05-20 22:45:00+05:30
relativehumidity,39.56,2026-05-20 23:00:00+05:30
relativehumidity,40.77,2026-05-20 23:15:00+05:30
relativehumidity,41.32,2026-05-20 23:30:00+05:30
relativehumidity,42.54,2026-05-20 23:45:00+05:30
relativehumidity,43.94,2026-05-21 00:45:00+05:30
relativehumidity,45.66,2026-05-21 01:00:00+05:30
relativehumidity,45.93,2026-05-21 01:15:00+05:30
relativehumidity,45.71,2026-05-21 01:30:00+05:30
relativehumidity,47.03,2026-05-21 01:45:00+05:30
relativehumidity,48.16,2026-05-21 02:00:00+05:30
relativehumidity,45.28,2026-05-21 02:15:00+05:30
relativehumidity,47.87,2026-05-21 02:30:00+05:30
relativehumidity,47.99,2026-05-21 02:45:00+05:30
relativehumidity,47.88,2026-05-21 03:00:00+05:30
relativehumidity,50.76,2026-05-21 03:15:00+05:30
relativehumidity,50.29,2026-05-21 03:30:00+05:30
relativehumidity,50.01,2026-05-21 03:45:00+05:30
relativehumidity,48.87,2026-05-21 04:15:00+05:30
relativehumidity,46.67,2026-05-21 04:30:00+05:30
relativehumidity,47.22,2026-05-21 04:45:00+05:30
relativehumidity,46.18,2026-05-21 05:00:00+05:30
relativehumidity,46.1,2026-05-21 05:15:00+05:30
relativehumidity,47.53,2026-05-21 05:30:00+05:30
relativehumidity,47.43,2026-05-21 05:45:00+05:30
relativehumidity,45.06,2026-05-21 06:45:00+05:30
relativehumidity,44.48,2026-05-21 07:00:00+05:30
relativehumidity,44.15,2026-05-21 07:15:00+05:30
relativehumidity,43.48,2026-05-21 07:30:00+05:30
relativehumidity,42.83,2026-05-21 07:45:00+05:30
relativehumidity,42.24,2026-05-21 08:00:00+05:30
relativehumidity,41.01,2026-05-21 08:15:00+05:30
relativehumidity,39.34,2026-05-21 08:30:00+05:30
relativehumidity,38.51,2026-05-21 08:45:00+05:30
relativehumidity,37.64,2026-05-21 09:00:00+05:30
relativehumidity,37.58,2026-05-21 09:15:00+05:30
relativehumidity,37.33,2026-05-21 09:30:00+05:30
relativehumidity,36.92,2026-05-21 09:45:00+05:30
relativehumidity,36.23,2026-05-21 10:00:00+05:30
relativehumidity,35.53,2026-05-21 10:15:00+05:30
relativehumidity,34.96,2026-05-21 10:30:00+05:30
relativehumidity,34.76,2026-05-21 10:45:00+05:30
relativehumidity,34.85,2026-05-21 11:00:00+05:30
relativehumidity,34.69,2026-05-21 11:15:00+05:30
relativehumidity,35.07,2026-05-21 11:30:00+05:30
relativehumidity,34.74,2026-05-21 11:45:00+05:30
relativehumidity,34.26,2026-05-21 12:00:00+05:30
relativehumidity,34.35,2026-05-21 12:15:00+05:30
relativehumidity,34.08,2026-05-21 12:30:00+05:30
relativehumidity,33.19,2026-05-21 12:45:00+05:30
relativehumidity,33.71,2026-05-21 13:00:00+05:30
relativehumidity,32.77,2026-05-21 13:15:00+05:30
relativehumidity,32.49,2026-05-21 13:30:00+05:30
relativehumidity,32.39,2026-05-21 13:45:00+05:30
relativehumidity,31.82,2026-05-21 14:30:00+05:30
relativehumidity,32.51,2026-05-21 14:45:00+05:30
relativehumidity,32.35,2026-05-21 15:00:00+05:30
relativehumidity,31.88,2026-05-21 15:15:00+05:30
relativehumidity,31.08,2026-05-21 15:30:00+05:30
relativehumidity,31.01,2026-05-21 15:45:00+05:30
relativehumidity,30.37,2026-05-21 16:00:00+05:30
relativehumidity,32.23,2026-05-21 16:15:00+05:30
relativehumidity,31.51,2026-05-21 16:30:00+05:30
relativehumidity,33.39,2026-05-21 16:45:00+05:30
relativehumidity,34.73,2026-05-21 17:00:00+05:30
relativehumidity,34.82,2026-05-21 17:15:00+05:30
relativehumidity,36.3,2026-05-21 17:30:00+05:30
relativehumidity,37.27,2026-05-21 17:45:00+05:30
relativehumidity,38.31,2026-05-21 18:00:00+05:30
relativehumidity,38.42,2026-05-21 18:15:00+05:30
relativehumidity,39.34,2026-05-21 18:30:00+05:30
relativehumidity,40.22,2026-05-21 18:45:00+05:30
relativehumidity,40.17,2026-05-21 19:00:00+05:30
relativehumidity,40.68,2026-05-21 19:15:00+05:30
relativehumidity,41.65,2026-05-21 19:30:00+05:30
relativehumidity,40.45,2026-05-21 19:45:00+05:30
relativehumidity,38.38,2026-05-21 20:00:00+05:30
relativehumidity,37.36,2026-05-21 20:15:00+05:30
relativehumidity,35.25,2026-05-21 20:30:00+05:30
relativehumidity,34.98,2026-05-21 20:45:00+05:30
relativehumidity,35.96,2026-05-21 21:00:00+05:30
relativehumidity,35.99,2026-05-21 21:15:00+05:30
relativehumidity,37.15,2026-05-21 21:30:00+05:30
relativehumidity,39.71,2026-05-21 21:45:00+05:30
relativehumidity,40.15,2026-05-21 22:00:00+05:30
relativehumidity,40.8,2026-05-21 22:15:00+05:30
relativehumidity,40.83,2026-05-21 22:30:00+05:30
relativehumidity,39.66,2026-05-21 22:45:00+05:30
relativehumidity,39.37,2026-05-21 23:00:00+05:30
relativehumidity,39.73,2026-05-21 23:15:00+05:30
relativehumidity,40.07,2026-05-21 23:30:00+05:30
relativehumidity,39.28,2026-05-21 23:45:00+05:30
relativehumidity,39.15,2026-05-22 00:45:00+05:30
relativehumidity,39.6,2026-05-22 01:00:00+05:30
relativehumidity,40.34,2026-05-22 01:15:00+05:30
relativehumidity,41.11,2026-05-22 01:30:00+05:30
relativehumidity,43.13,2026-05-22 01:45:00+05:30
relativehumidity,43.74,2026-05-22 02:00:00+05:30
relativehumidity,43.61,2026-05-22 02:15:00+05:30
relativehumidity,45.06,2026-05-22 02:30:00+05:30
relativehumidity,46.24,2026-05-22 02:45:00+05:30
relativehumidity,47.4,2026-05-22 03:00:00+05:30
relativehumidity,45.33,2026-05-22 03:15:00+05:30
relativehumidity,45.56,2026-05-22 03:30:00+05:30
relativehumidity,44.34,2026-05-22 03:45:00+05:30
relativehumidity,43.77,2026-05-22 04:00:00+05:30
relativehumidity,44.78,2026-05-22 04:15:00+05:30
relativehumidity,45.96,2026-05-22 04:45:00+05:30
relativehumidity,45.24,2026-05-22 05:00:00+05:30
relativehumidity,45.19,2026-05-22 05:15:00+05:30
relativehumidity,44.72,2026-05-22 05:30:00+05:30
relativehumidity,39.63,2026-05-22 05:45:00+05:30
relativehumidity,38.38,2026-05-22 06:00:00+05:30
relativehumidity,38.57,2026-05-22 06:15:00+05:30
relativehumidity,39.32,2026-05-22 06:30:00+05:30
relativehumidity,39.2,2026-05-22 06:45:00+05:30
relativehumidity,39.55,2026-05-22 07:00:00+05:30
relativehumidity,40.13,2026-05-22 07:15:00+05:30
relativehumidity,40.67,2026-05-22 07:30:00+05:30
relativehumidity,41.07,2026-05-22 07:45:00+05:30
relativehumidity,41.28,2026-05-22 08:00:00+05:30
relativehumidity,40.96,2026-05-22 08:15:00+05:30
relativehumidity,40.71,2026-05-22 08:30:00+05:30
relativehumidity,40.42,2026-05-22 08:45:00+05:30
relativehumidity,39.93,2026-05-22 09:00:00+05:30
relativehumidity,39.64,2026-05-22 09:15:00+05:30
relativehumidity,38.94,2026-05-22 09:30:00+05:30
relativehumidity,39.05,2026-05-22 09:45:00+05:30
relativehumidity,36.23,2026-05-22 11:45:00+05:30
relativehumidity,35.44,2026-05-22 12:00:00+05:30
relativehumidity,35.59,2026-05-22 12:15:00+05:30
relativehumidity,35.66,2026-05-22 12:30:00+05:30
relativehumidity,34.67,2026-05-22 12:45:00+05:30
relativehumidity,34.96,2026-05-22 13:00:00+05:30
relativehumidity,33.79,2026-05-22 13:15:00+05:30
relativehumidity,32.97,2026-05-22 13:30:00+05:30
relativehumidity,33.15,2026-05-22 13:45:00+05:30
relativehumidity,32.33,2026-05-22 14:15:00+05:30
relativehumidity,33.31,2026-05-22 14:30:00+05:30
relativehumidity,31.91,2026-05-22 14:45:00+05:30
relativehumidity,33.13,2026-05-22 15:00:00+05:30
relativehumidity,32.13,2026-05-22 15:15:00+05:30
relativehumidity,31.87,2026-05-22 15:30:00+05:30
relativehumidity,31.78,2026-05-22 15:45:00+05:30
relativehumidity,31.99,2026-05-22 16:00:00+05:30
relativehumidity,32.27,2026-05-22 16:15:00+05:30
relativehumidity,32.7,2026-05-22 16:30:00+05:30
relativehumidity,34.56,2026-05-22 16:45:00+05:30
relativehumidity,40.64,2026-05-22 17:15:00+05:30
relativehumidity,41.72,2026-05-22 17:30:00+05:30
relativehumidity,41.48,2026-05-22 17:45:00+05:30
relativehumidity,41.86,2026-05-22 18:00:00+05:30
relativehumidity,42.93,2026-05-22 18:15:00+05:30
relativehumidity,43.19,2026-05-22 18:30:00+05:30
relativehumidity,43.98,2026-05-22 18:45:00+05:30
relativehumidity,44.5,2026-05-22 19:00:00+05:30
relativehumidity,44.28,2026-05-22 19:15:00+05:30
relativehumidity,42.52,2026-05-22 19:30:00+05:30
relativehumidity,41.95,2026-05-22 19:45:00+05:30
relativehumidity,42.65,2026-05-22 20:00:00+05:30
relativehumidity,43.55,2026-05-22 20:15:00+05:30
relativehumidity,45.95,2026-05-22 20:30:00+05:30
relativehumidity,46.93,2026-05-22 20:45:00+05:30
relativehumidity,48.32,2026-05-22 21:00:00+05:30
relativehumidity,50.34,2026-05-22 21:15:00+05:30
relativehumidity,51.96,2026-05-22 21:30:00+05:30
relativehumidity,51.37,2026-05-22 21:45:00+05:30
relativehumidity,52.43,2026-05-22 22:00:00+05:30
relativehumidity,51.16,2026-05-22 22:15:00+05:30
relativehumidity,49.96,2026-05-22 22:30:00+05:30
relativehumidity,46.26,2026-05-22 22:45:00+05:30
relativehumidity,46.4,2026-05-22 23:00:00+05:30
relativehumidity,46.89,2026-05-22 23:15:00+05:30
relativehumidity,47.71,2026-05-22 23:30:00+05:30
relativehumidity,49.07,2026-05-22 23:45:00+05:30
relativehumidity,53.56,2026-05-23 01:45:00+05:30
relativehumidity,54.78,2026-05-23 02:00:00+05:30
relativehumidity,54.94,2026-05-23 02:15:00+05:30
relativehumidity,55.52,2026-05-23 02:30:00+05:30
relativehumidity,55.15,2026-05-23 02:45:00+05:30
relativehumidity,54.11,2026-05-23 03:00:00+05:30
relativehumidity,54.71,2026-05-23 03:15:00+05:30
relativehumidity,55.27,2026-05-23 03:30:00+05:30
relativehumidity,55.81,2026-05-23 03:45:00+05:30
relativehumidity,56.61,2026-05-23 04:00:00+05:30
relativehumidity,57.2,2026-05-23 04:15:00+05:30
relativehumidity,56.25,2026-05-23 04:30:00+05:30
relativehumidity,53.36,2026-05-23 04:45:00+05:30
relativehumidity,53.07,2026-05-23 05:00:00+05:30
relativehumidity,54.98,2026-05-23 05:15:00+05:30
relativehumidity,56.1,2026-05-23 05:30:00+05:30
relativehumidity,56.31,2026-05-23 05:45:00+05:30
relativehumidity,56.38,2026-05-23 06:00:00+05:30
relativehumidity,56.98,2026-05-23 06:15:00+05:30
relativehumidity,56.04,2026-05-23 06:30:00+05:30
relativehumidity,54.83,2026-05-23 06:45:00+05:30
relativehumidity,54.04,2026-05-23 07:00:00+05:30
relativehumidity,53.37,2026-05-23 07:15:00+05:30
relativehumidity,50.37,2026-05-23 07:30:00+05:30
relativehumidity,49.83,2026-05-23 07:45:00+05:30
relativehumidity,61.8,2026-05-23 08:00:00+05:30
relativehumidity,64.6,2026-05-23 08:15:00+05:30
relativehumidity,63.35,2026-05-23 08:30:00+05:30
relativehumidity,63.86,2026-05-23 08:45:00+05:30
relativehumidity,64.66,2026-05-23 09:00:00+05:30
relativehumidity,58.9,2026-05-23 09:15:00+05:30
relativehumidity,53.89,2026-05-23 09:30:00+05:30
relativehumidity,48.28,2026-05-23 09:45:00+05:30
relativehumidity,42.13,2026-05-23 10:00:00+05:30
relativehumidity,42.33,2026-05-23 10:15:00+05:30
relativehumidity,41.17,2026-05-23 10:30:00+05:30
relativehumidity,38.13,2026-05-23 10:45:00+05:30
relativehumidity,39.42,2026-05-23 11:00:00+05:30
relativehumidity,42.81,2026-05-23 11:15:00+05:30
relativehumidity,43.8,2026-05-23 11:30:00+05:30
relativehumidity,42.2,2026-05-23 11:45:00+05:30
relativehumidity,40.85,2026-05-23 12:00:00+05:30
relativehumidity,40.27,2026-05-23 12:15:00+05:30
relativehumidity,39.08,2026-05-23 12:30:00+05:30
relativehumidity,38.91,2026-05-23 12:45:00+05:30
relativehumidity,38.73,2026-05-23 13:00:00+05:30
relativehumidity,38.25,2026-05-23 13:15:00+05:30
relativehumidity,38.26,2026-05-23 13:30:00+05:30
relativehumidity,37.53,2026-05-23 13:45:00+05:30
relativehumidity,37.18,2026-05-23 14:00:00+05:30
relativehumidity,36.55,2026-05-23 14:15:00+05:30
relativehumidity,35.21,2026-05-23 14:30:00+05:30
relativehumidity,34.76,2026-05-23 14:45:00+05:30
relativehumidity,34.91,2026-05-23 15:15:00+05:30
relativehumidity,34.56,2026-05-23 15:30:00+05:30
relativehumidity,34.19,2026-05-23 15:45:00+05:30
relativehumidity,34.27,2026-05-23 16:00:00+05:30
relativehumidity,34.12,2026-05-23 16:15:00+05:30
relativehumidity,34.16,2026-05-23 16:30:00+05:30
relativehumidity,33.66,2026-05-23 16:45:00+05:30
relativehumidity,34.23,2026-05-23 17:00:00+05:30
relativehumidity,35.29,2026-05-23 17:15:00+05:30
relativehumidity,34.55,2026-05-23 17:30:00+05:30
relativehumidity,34.71,2026-05-23 17:45:00+05:30
relativehumidity,39.04,2026-05-23 18:00:00+05:30
relativehumidity,40.82,2026-05-23 18:15:00+05:30
relativehumidity,41.56,2026-05-23 18:30:00+05:30
relativehumidity,42.48,2026-05-23 18:45:00+05:30
relativehumidity,43.8,2026-05-23 19:00:00+05:30
relativehumidity,43.66,2026-05-23 19:15:00+05:30
relativehumidity,44.14,2026-05-23 19:30:00+05:30
relativehumidity,45.17,2026-05-23 19:45:00+05:30
relativehumidity,46.1,2026-05-23 20:00:00+05:30
relativehumidity,45.89,2026-05-23 20:15:00+05:30
relativehumidity,46.26,2026-05-23 20:30:00+05:30
relativehumidity,46.03,2026-05-23 20:45:00+05:30
relativehumidity,46.09,2026-05-23 21:00:00+05:30
relativehumidity,47.12,2026-05-23 21:15:00+05:30
relativehumidity,48.26,2026-05-23 21:30:00+05:30
relativehumidity,48.59,2026-05-23 21:45:00+05:30
relativehumidity,50.23,2026-05-23 22:00:00+05:30
relativehumidity,52.45,2026-05-23 22:15:00+05:30
relativehumidity,54.49,2026-05-23 22:30:00+05:30
relativehumidity,55.15,2026-05-23 22:45:00+05:30
relativehumidity,55.84,2026-05-23 23:00:00+05:30
relativehumidity,57.24,2026-05-23 23:15:00+05:30
relativehumidity,58.12,2026-05-23 23:30:00+05:30
relativehumidity,56.39,2026-05-23 23:45:00+05:30
relativehumidity,55.73,2026-05-24 01:45:00+05:30
relativehumidity,56.23,2026-05-24 02:00:00+05:30
relativehumidity,56.86,2026-05-24 02:15:00+05:30
relativehumidity,56.72,2026-05-24 02:30:00+05:30
relativehumidity,55.4,2026-05-24 02:45:00+05:30
relativehumidity,55.88,2026-05-24 03:00:00+05:30
relativehumidity,56.08,2026-05-24 03:15:00+05:30
relativehumidity,56.48,2026-05-24 03:30:00+05:30
relativehumidity,54.94,2026-05-24 03:45:00+05:30
relativehumidity,55.52,2026-05-24 04:00:00+05:30
relativehumidity,55.64,2026-05-24 04:15:00+05:30
relativehumidity,55.59,2026-05-24 04:30:00+05:30
relativehumidity,55.63,2026-05-24 04:45:00+05:30
relativehumidity,56.45,2026-05-24 05:00:00+05:30
relativehumidity,56.69,2026-05-24 05:15:00+05:30
relativehumidity,54.67,2026-05-24 05:30:00+05:30
relativehumidity,56.06,2026-05-24 05:45:00+05:30
relativehumidity,56.32,2026-05-24 06:00:00+05:30
relativehumidity,54.59,2026-05-24 06:15:00+05:30
relativehumidity,55.92,2026-05-24 06:30:00+05:30
relativehumidity,56.12,2026-05-24 06:45:00+05:30
relativehumidity,53.34,2026-05-24 07:00:00+05:30
relativehumidity,52.66,2026-05-24 07:15:00+05:30
relativehumidity,51.51,2026-05-24 07:30:00+05:30
relativehumidity,50.14,2026-05-24 07:45:00+05:30
relativehumidity,50.01,2026-05-24 08:00:00+05:30
relativehumidity,48.6,2026-05-24 08:30:00+05:30
relativehumidity,46.55,2026-05-24 08:45:00+05:30
relativehumidity,43.84,2026-05-24 09:00:00+05:30
relativehumidity,42.2,2026-05-24 09:15:00+05:30
relativehumidity,40.46,2026-05-24 09:30:00+05:30
relativehumidity,38.69,2026-05-24 09:45:00+05:30
relativehumidity,37.89,2026-05-24 10:00:00+05:30
relativehumidity,36.37,2026-05-24 10:15:00+05:30
relativehumidity,35.32,2026-05-24 10:30:00+05:30
relativehumidity,33.61,2026-05-24 10:45:00+05:30
relativehumidity,33.17,2026-05-24 11:00:00+05:30
relativehumidity,32.41,2026-05-24 11:15:00+05:30
relativehumidity,31.69,2026-05-24 11:30:00+05:30
relativehumidity,30.38,2026-05-24 11:45:00+05:30
relativehumidity,30.27,2026-05-24 12:00:00+05:30
relativehumidity,30.45,2026-05-24 12:15:00+05:30
relativehumidity,29.86,2026-05-24 12:30:00+05:30
relativehumidity,28.64,2026-05-24 12:45:00+05:30
relativehumidity,28.39,2026-05-24 13:00:00+05:30
relativehumidity,28.78,2026-05-24 13:15:00+05:30
relativehumidity,27.93,2026-05-24 13:30:00+05:30
relativehumidity,28.45,2026-05-24 13:45:00+05:30
relativehumidity,27.38,2026-05-24 14:00:00+05:30
relativehumidity,26.66,2026-05-24 14:15:00+05:30
relativehumidity,27.33,2026-05-24 14:30:00+05:30
relativehumidity,26.99,2026-05-24 14:45:00+05:30
relativehumidity,26.83,2026-05-24 15:00:00+05:30
relativehumidity,27.01,2026-05-24 15:15:00+05:30
relativehumidity,26.72,2026-05-24 15:30:00+05:30
relativehumidity,26.81,2026-05-24 15:45:00+05:30
relativehumidity,26.71,2026-05-24 16:00:00+05:30
relativehumidity,27.31,2026-05-24 16:15:00+05:30
relativehumidity,29.05,2026-05-24 16:30:00+05:30
relativehumidity,29.62,2026-05-24 16:45:00+05:30
relativehumidity,31.06,2026-05-24 17:15:00+05:30
relativehumidity,30.8,2026-05-24 17:30:00+05:30
relativehumidity,33.0,2026-05-24 17:45:00+05:30
relativehumidity,35.3,2026-05-24 18:00:00+05:30
relativehumidity,37.68,2026-05-24 18:15:00+05:30
relativehumidity,41.12,2026-05-24 18:30:00+05:30
relativehumidity,41.85,2026-05-24 18:45:00+05:30
relativehumidity,43.45,2026-05-24 19:00:00+05:30
relativehumidity,45.67,2026-05-24 19:15:00+05:30
relativehumidity,43.73,2026-05-24 19:45:00+05:30
relativehumidity,39.27,2026-05-24 20:00:00+05:30
relativehumidity,39.9,2026-05-24 20:15:00+05:30
relativehumidity,40.93,2026-05-24 20:30:00+05:30
relativehumidity,42.45,2026-05-24 20:45:00+05:30
relativehumidity,41.35,2026-05-24 21:00:00+05:30
relativehumidity,41.75,2026-05-24 21:15:00+05:30
relativehumidity,42.57,2026-05-24 21:30:00+05:30
relativehumidity,42.38,2026-05-24 21:45:00+05:30
relativehumidity,44.32,2026-05-24 22:00:00+05:30
relativehumidity,46.33,2026-05-24 22:15:00+05:30
relativehumidity,44.97,2026-05-24 22:30:00+05:30
relativehumidity,44.42,2026-05-24 22:45:00+05:30
relativehumidity,42.6,2026-05-24 23:00:00+05:30
relativehumidity,42.98,2026-05-24 23:15:00+05:30
relativehumidity,44.4,2026-05-24 23:30:00+05:30
relativehumidity,44.93,2026-05-24 23:45:00+05:30
relativehumidity,43.77,2026-05-25 00:45:00+05:30
relativehumidity,41.02,2026-05-25 01:00:00+05:30
relativehumidity,39.4,2026-05-25 01:15:00+05:30
relativehumidity,39.35,2026-05-25 01:30:00+05:30
relativehumidity,40.7,2026-05-25 01:45:00+05:30
relativehumidity,41.95,2026-05-25 02:00:00+05:30
relativehumidity,42.5,2026-05-25 02:15:00+05:30
relativehumidity,43.82,2026-05-25 02:30:00+05:30
relativehumidity,44.38,2026-05-25 02:45:00+05:30
relativehumidity,41.93,2026-05-25 03:00:00+05:30
relativehumidity,39.33,2026-05-25 03:15:00+05:30
relativehumidity,40.98,2026-05-25 03:30:00+05:30
relativehumidity,42.72,2026-05-25 03:45:00+05:30
relativehumidity,43.9,2026-05-25 04:00:00+05:30
relativehumidity,43.08,2026-05-25 04:15:00+05:30
relativehumidity,44.53,2026-05-25 04:30:00+05:30
relativehumidity,45.33,2026-05-25 04:45:00+05:30
relativehumidity,45.38,2026-05-25 05:00:00+05:30
relativehumidity,45.82,2026-05-25 05:15:00+05:30
relativehumidity,46.4,2026-05-25 05:30:00+05:30
relativehumidity,47.05,2026-05-25 05:45:00+05:30
relativehumidity,47.0,2026-05-25 06:00:00+05:30
relativehumidity,47.62,2026-05-25 06:15:00+05:30
relativehumidity,47.3,2026-05-25 06:30:00+05:30
relativehumidity,47.1,2026-05-25 06:45:00+05:30
relativehumidity,46.05,2026-05-25 07:00:00+05:30
relativehumidity,45.15,2026-05-25 07:15:00+05:30
relativehumidity,45.07,2026-05-25 07:30:00+05:30
relativehumidity,43.8,2026-05-25 07:45:00+05:30
relativehumidity,44.25,2026-05-25 08:00:00+05:30
relativehumidity,44.32,2026-05-25 08:15:00+05:30
relativehumidity,44.55,2026-05-25 08:30:00+05:30
relativehumidity,44.25,2026-05-25 08:45:00+05:30
relativehumidity,43.9,2026-05-25 09:00:00+05:30
relativehumidity,43.43,2026-05-25 09:15:00+05:30
relativehumidity,42.62,2026-05-25 09:30:00+05:30
relativehumidity,43.3,2026-05-25 09:45:00+05:30
relativehumidity,42.65,2026-05-25 10:00:00+05:30
relativehumidity,41.18,2026-05-25 10:30:00+05:30
relativehumidity,42.48,2026-05-25 10:45:00+05:30
relativehumidity,40.87,2026-05-25 11:15:00+05:30
relativehumidity,38.35,2026-05-25 12:45:00+05:30
relativehumidity,37.28,2026-05-25 13:00:00+05:30
relativehumidity,37.99,2026-05-25 13:15:00+05:30
relativehumidity,37.58,2026-05-25 13:30:00+05:30
relativehumidity,36.71,2026-05-25 13:45:00+05:30
relativehumidity,36.33,2026-05-25 14:00:00+05:30
relativehumidity,36.97,2026-05-25 14:15:00+05:30
relativehumidity,36.21,2026-05-25 14:30:00+05:30
relativehumidity,36.61,2026-05-25 15:00:00+05:30
relativehumidity,36.15,2026-05-25 15:15:00+05:30
relativehumidity,35.55,2026-05-25 15:30:00+05:30
relativehumidity,35.79,2026-05-25 15:45:00+05:30
relativehumidity,36.26,2026-05-25 16:00:00+05:30
relativehumidity,36.46,2026-05-25 16:15:00+05:30
relativehumidity,35.85,2026-05-25 16:30:00+05:30
relativehumidity,35.44,2026-05-25 16:45:00+05:30
relativehumidity,35.98,2026-05-25 17:00:00+05:30
relativehumidity,32.07,2026-05-25 17:15:00+05:30
relativehumidity,34.41,2026-05-25 17:45:00+05:30
relativehumidity,36.01,2026-05-25 18:00:00+05:30
relativehumidity,39.97,2026-05-25 18:15:00+05:30
relativehumidity,38.56,2026-05-25 18:30:00+05:30
relativehumidity,45.04,2026-05-25 18:45:00+05:30
relativehumidity,47.68,2026-05-25 19:00:00+05:30
relativehumidity,49.03,2026-05-25 19:15:00+05:30
relativehumidity,50.42,2026-05-25 19:30:00+05:30
relativehumidity,51.83,2026-05-25 19:45:00+05:30
relativehumidity,52.22,2026-05-25 20:00:00+05:30
relativehumidity,50.28,2026-05-25 20:15:00+05:30
relativehumidity,50.93,2026-05-25 20:30:00+05:30
relativehumidity,52.19,2026-05-25 20:45:00+05:30
relativehumidity,51.44,2026-05-25 21:00:00+05:30
relativehumidity,51.79,2026-05-25 21:15:00+05:30
relativehumidity,42.66,2026-05-25 21:30:00+05:30
relativehumidity,38.91,2026-05-25 21:45:00+05:30
relativehumidity,37.17,2026-05-25 22:00:00+05:30
relativehumidity,38.14,2026-05-25 22:15:00+05:30
relativehumidity,41.48,2026-05-25 22:30:00+05:30
relativehumidity,41.35,2026-05-25 22:45:00+05:30
relativehumidity,42.51,2026-05-25 23:00:00+05:30
relativehumidity,46.2,2026-05-25 23:15:00+05:30
relativehumidity,48.66,2026-05-25 23:30:00+05:30
relativehumidity,52.88,2026-05-25 23:45:00+05:30
relativehumidity,60.27,2026-05-26 00:45:00+05:30
relativehumidity,60.39,2026-05-26 01:00:00+05:30
relativehumidity,59.04,2026-05-26 01:15:00+05:30
relativehumidity,57.95,2026-05-26 01:30:00+05:30
relativehumidity,54.6,2026-05-26 01:45:00+05:30
relativehumidity,52.26,2026-05-26 02:00:00+05:30
relativehumidity,54.96,2026-05-26 02:15:00+05:30
relativehumidity,53.92,2026-05-26 02:30:00+05:30
relativehumidity,54.07,2026-05-26 02:45:00+05:30
relativehumidity,54.63,2026-05-26 03:00:00+05:30
relativehumidity,56.73,2026-05-26 03:15:00+05:30
relativehumidity,57.8,2026-05-26 03:30:00+05:30
relativehumidity,58.48,2026-05-26 03:45:00+05:30
relativehumidity,59.13,2026-05-26 04:00:00+05:30
relativehumidity,58.39,2026-05-26 04:15:00+05:30
relativehumidity,57.64,2026-05-26 04:30:00+05:30
relativehumidity,56.76,2026-05-26 04:45:00+05:30
relativehumidity,57.29,2026-05-26 05:00:00+05:30
relativehumidity,58.94,2026-05-26 05:15:00+05:30
relativehumidity,59.2,2026-05-26 05:30:00+05:30
relativehumidity,59.13,2026-05-26 05:45:00+05:30
relativehumidity,58.32,2026-05-26 06:00:00+05:30
relativehumidity,56.23,2026-05-26 06:15:00+05:30
relativehumidity,55.03,2026-05-26 06:30:00+05:30
relativehumidity,52.35,2026-05-26 06:45:00+05:30
relativehumidity,50.88,2026-05-26 07:00:00+05:30
relativehumidity,50.32,2026-05-26 07:15:00+05:30
relativehumidity,49.15,2026-05-26 07:30:00+05:30
relativehumidity,48.65,2026-05-26 07:45:00+05:30
relativehumidity,46.65,2026-05-26 08:00:00+05:30
relativehumidity,44.62,2026-05-26 08:15:00+05:30
relativehumidity,44.32,2026-05-26 08:30:00+05:30
relativehumidity,44.25,2026-05-26 08:45:00+05:30
relativehumidity,42.9,2026-05-26 09:00:00+05:30
relativehumidity,41.02,2026-05-26 09:15:00+05:30
relativehumidity,30.89,2026-05-26 10:45:00+05:30
relativehumidity,28.35,2026-05-26 11:15:00+05:30
relativehumidity,27.83,2026-05-26 11:30:00+05:30
relativehumidity,26.87,2026-05-26 11:45:00+05:30
relativehumidity,25.98,2026-05-26 12:00:00+05:30
relativehumidity,25.77,2026-05-26 12:15:00+05:30
relativehumidity,25.68,2026-05-26 12:30:00+05:30
relativehumidity,26.65,2026-05-26 12:45:00+05:30
relativehumidity,26.3,2026-05-26 13:00:00+05:30
relativehumidity,26.3,2026-05-26 13:15:00+05:30
relativehumidity,25.73,2026-05-26 13:30:00+05:30
relativehumidity,25.42,2026-05-26 13:45:00+05:30
relativehumidity,25.21,2026-05-26 14:00:00+05:30
relativehumidity,25.25,2026-05-26 14:15:00+05:30
relativehumidity,25.32,2026-05-26 14:30:00+05:30
relativehumidity,25.09,2026-05-26 15:00:00+05:30
relativehumidity,25.32,2026-05-26 15:15:00+05:30
relativehumidity,25.21,2026-05-26 15:45:00+05:30
relativehumidity,25.42,2026-05-26 16:00:00+05:30
relativehumidity,25.18,2026-05-26 16:15:00+05:30
relativehumidity,25.26,2026-05-26 16:30:00+05:30
relativehumidity,26.06,2026-05-26 16:45:00+05:30
relativehumidity,26.76,2026-05-26 17:00:00+05:30
relativehumidity,26.3,2026-05-26 17:15:00+05:30
relativehumidity,26.07,2026-05-26 17:30:00+05:30
relativehumidity,26.25,2026-05-26 17:45:00+05:30
relativehumidity,26.85,2026-05-26 18:00:00+05:30
relativehumidity,27.83,2026-05-26 18:15:00+05:30
relativehumidity,28.17,2026-05-26 18:30:00+05:30
relativehumidity,29.99,2026-05-26 18:45:00+05:30
relativehumidity,34.26,2026-05-26 19:00:00+05:30
relativehumidity,36.24,2026-05-26 19:15:00+05:30
relativehumidity,40.84,2026-05-26 19:30:00+05:30
relativehumidity,40.63,2026-05-26 19:45:00+05:30
relativehumidity,42.04,2026-05-26 20:15:00+05:30
relativehumidity,44.01,2026-05-26 20:30:00+05:30
relativehumidity,41.45,2026-05-26 20:45:00+05:30
relativehumidity,41.87,2026-05-26 21:30:00+05:30
relativehumidity,42.28,2026-05-26 21:45:00+05:30
relativehumidity,43.67,2026-05-26 22:00:00+05:30
relativehumidity,43.95,2026-05-26 22:15:00+05:30
relativehumidity,43.54,2026-05-26 22:30:00+05:30
relativehumidity,43.08,2026-05-26 22:45:00+05:30
relativehumidity,43.99,2026-05-26 23:00:00+05:30
relativehumidity,43.78,2026-05-26 23:15:00+05:30
relativehumidity,44.34,2026-05-26 23:30:00+05:30
relativehumidity,43.62,2026-05-26 23:45:00+05:30
relativehumidity,44.33,2026-05-27 00:45:00+05:30
relativehumidity,44.23,2026-05-27 01:00:00+05:30
relativehumidity,44.95,2026-05-27 01:15:00+05:30
relativehumidity,45.92,2026-05-27 01:30:00+05:30
relativehumidity,45.64,2026-05-27 01:45:00+05:30
relativehumidity,45.42,2026-05-27 02:00:00+05:30
relativehumidity,46.04,2026-05-27 02:15:00+05:30
relativehumidity,46.24,2026-05-27 02:30:00+05:30
relativehumidity,46.04,2026-05-27 02:45:00+05:30
relativehumidity,46.87,2026-05-27 03:00:00+05:30
relativehumidity,48.54,2026-05-27 03:15:00+05:30
relativehumidity,49.01,2026-05-27 03:30:00+05:30
relativehumidity,49.07,2026-05-27 03:45:00+05:30
relativehumidity,49.26,2026-05-27 04:00:00+05:30
relativehumidity,49.42,2026-05-27 04:15:00+05:30
relativehumidity,48.74,2026-05-27 04:30:00+05:30
relativehumidity,49.08,2026-05-27 04:45:00+05:30
relativehumidity,49.79,2026-05-27 05:00:00+05:30
relativehumidity,50.52,2026-05-27 05:15:00+05:30
relativehumidity,50.87,2026-05-27 05:30:00+05:30
relativehumidity,50.83,2026-05-27 05:45:00+05:30
relativehumidity,50.06,2026-05-27 06:00:00+05:30
relativehumidity,48.26,2026-05-27 06:15:00+05:30
relativehumidity,48.17,2026-05-27 06:30:00+05:30
relativehumidity,48.09,2026-05-27 06:45:00+05:30
relativehumidity,43.68,2026-05-27 07:00:00+05:30
relativehumidity,42.54,2026-05-27 07:15:00+05:30
relativehumidity,41.31,2026-05-27 07:30:00+05:30
relativehumidity,39.77,2026-05-27 07:45:00+05:30
relativehumidity,38.45,2026-05-27 08:00:00+05:30
relativehumidity,38.28,2026-05-27 08:15:00+05:30
relativehumidity,36.72,2026-05-27 08:30:00+05:30
relativehumidity,35.36,2026-05-27 08:45:00+05:30
relativehumidity,33.69,2026-05-27 09:00:00+05:30
relativehumidity,33.18,2026-05-27 09:15:00+05:30
relativehumidity,32.63,2026-05-27 09:30:00+05:30
relativehumidity,30.47,2026-05-27 09:45:00+05:30
relativehumidity,29.55,2026-05-27 10:00:00+05:30
relativehumidity,29.17,2026-05-27 10:15:00+05:30
relativehumidity,27.49,2026-05-27 10:30:00+05:30
relativehumidity,27.92,2026-05-27 10:45:00+05:30
relativehumidity,28.03,2026-05-27 11:00:00+05:30
relativehumidity,27.38,2026-05-27 11:15:00+05:30
relativehumidity,27.27,2026-05-27 11:30:00+05:30
relativehumidity,25.3,2026-05-27 12:00:00+05:30
relativehumidity,26.21,2026-05-27 12:15:00+05:30
relativehumidity,26.11,2026-05-27 12:30:00+05:30
relativehumidity,25.94,2026-05-27 12:45:00+05:30
relativehumidity,26.32,2026-05-27 17:45:00+05:30
relativehumidity,26.8,2026-05-27 18:00:00+05:30
relativehumidity,28.05,2026-05-27 18:15:00+05:30
relativehumidity,33.36,2026-05-27 18:30:00+05:30
relativehumidity,35.48,2026-05-27 18:45:00+05:30
relativehumidity,37.56,2026-05-27 19:00:00+05:30
relativehumidity,37.92,2026-05-27 19:15:00+05:30
relativehumidity,40.0,2026-05-27 19:30:00+05:30
relativehumidity,40.29,2026-05-27 19:45:00+05:30
relativehumidity,39.85,2026-05-27 20:00:00+05:30
relativehumidity,40.31,2026-05-27 20:15:00+05:30
relativehumidity,41.2,2026-05-27 20:30:00+05:30
relativehumidity,46.23,2026-05-27 20:45:00+05:30
relativehumidity,47.16,2026-05-27 21:00:00+05:30
relativehumidity,45.76,2026-05-27 21:15:00+05:30
relativehumidity,45.33,2026-05-27 21:30:00+05:30
relativehumidity,44.66,2026-05-27 21:45:00+05:30
relativehumidity,44.42,2026-05-27 22:00:00+05:30
relativehumidity,42.9,2026-05-27 22:15:00+05:30
relativehumidity,44.52,2026-05-27 22:30:00+05:30
relativehumidity,45.04,2026-05-27 22:45:00+05:30
relativehumidity,46.32,2026-05-27 23:00:00+05:30
relativehumidity,47.36,2026-05-27 23:15:00+05:30
relativehumidity,49.25,2026-05-27 23:30:00+05:30
relativehumidity,50.39,2026-05-27 23:45:00+05:30
relativehumidity,54.33,2026-05-28 00:45:00+05:30
relativehumidity,55.24,2026-05-28 01:00:00+05:30
relativehumidity,56.43,2026-05-28 01:15:00+05:30
relativehumidity,57.58,2026-05-28 01:30:00+05:30
relativehumidity,58.13,2026-05-28 01:45:00+05:30
relativehumidity,54.11,2026-05-28 02:00:00+05:30
relativehumidity,48.79,2026-05-28 02:15:00+05:30
relativehumidity,48.32,2026-05-28 02:30:00+05:30
relativehumidity,48.47,2026-05-28 02:45:00+05:30
relativehumidity,50.14,2026-05-28 03:00:00+05:30
relativehumidity,50.81,2026-05-28 03:15:00+05:30
relativehumidity,50.75,2026-05-28 03:30:00+05:30
relativehumidity,51.29,2026-05-28 03:45:00+05:30
relativehumidity,51.15,2026-05-28 04:00:00+05:30
relativehumidity,51.34,2026-05-28 04:15:00+05:30
relativehumidity,53.95,2026-05-28 04:30:00+05:30
relativehumidity,58.06,2026-05-28 04:45:00+05:30
relativehumidity,60.76,2026-05-28 05:00:00+05:30
relativehumidity,62.24,2026-05-28 05:15:00+05:30
relativehumidity,63.19,2026-05-28 05:30:00+05:30
relativehumidity,63.36,2026-05-28 05:45:00+05:30
relativehumidity,62.59,2026-05-28 06:00:00+05:30
relativehumidity,62.42,2026-05-28 06:15:00+05:30
relativehumidity,62.46,2026-05-28 06:30:00+05:30
relativehumidity,63.17,2026-05-28 06:45:00+05:30
relativehumidity,63.04,2026-05-28 07:00:00+05:30
relativehumidity,62.67,2026-05-28 07:15:00+05:30
relativehumidity,63.28,2026-05-28 07:30:00+05:30
relativehumidity,63.44,2026-05-28 07:45:00+05:30
relativehumidity,63.04,2026-05-28 08:00:00+05:30
relativehumidity,63.15,2026-05-28 08:15:00+05:30
relativehumidity,62.12,2026-05-28 08:30:00+05:30
relativehumidity,61.78,2026-05-28 08:45:00+05:30
relativehumidity,60.36,2026-05-28 09:00:00+05:30
relativehumidity,60.88,2026-05-28 09:15:00+05:30
relativehumidity,60.57,2026-05-28 09:30:00+05:30
relativehumidity,60.27,2026-05-28 09:45:00+05:30
relativehumidity,59.26,2026-05-28 10:00:00+05:30
relativehumidity,58.45,2026-05-28 10:15:00+05:30
relativehumidity,59.65,2026-05-28 10:30:00+05:30
relativehumidity,58.75,2026-05-28 10:45:00+05:30
relativehumidity,57.06,2026-05-28 11:00:00+05:30
relativehumidity,56.05,2026-05-28 11:15:00+05:30
relativehumidity,55.14,2026-05-28 11:30:00+05:30
relativehumidity,55.49,2026-05-28 11:45:00+05:30
relativehumidity,55.16,2026-05-28 12:00:00+05:30
relativehumidity,54.5,2026-05-28 12:15:00+05:30
relativehumidity,55.09,2026-05-28 12:30:00+05:30
relativehumidity,54.91,2026-05-28 12:45:00+05:30
relativehumidity,54.34,2026-05-28 13:00:00+05:30
relativehumidity,53.52,2026-05-28 13:15:00+05:30
relativehumidity,53.05,2026-05-28 13:30:00+05:30
relativehumidity,52.65,2026-05-28 13:45:00+05:30
relativehumidity,52.93,2026-05-28 14:00:00+05:30
relativehumidity,51.97,2026-05-28 14:15:00+05:30
relativehumidity,52.02,2026-05-28 14:30:00+05:30
relativehumidity,51.23,2026-05-28 14:45:00+05:30
relativehumidity,51.91,2026-05-28 15:00:00+05:30
relativehumidity,51.81,2026-05-28 15:15:00+05:30
relativehumidity,51.81,2026-05-28 15:30:00+05:30
relativehumidity,51.84,2026-05-28 15:45:00+05:30
relativehumidity,51.55,2026-05-28 16:15:00+05:30
relativehumidity,55.37,2026-05-28 16:45:00+05:30
relativehumidity,56.42,2026-05-28 17:15:00+05:30
relativehumidity,57.02,2026-05-28 17:30:00+05:30
relativehumidity,57.46,2026-05-28 17:45:00+05:30
relativehumidity,61.48,2026-05-28 18:45:00+05:30
relativehumidity,57.35,2026-05-28 19:00:00+05:30
relativehumidity,53.04,2026-05-28 19:15:00+05:30
relativehumidity,48.69,2026-05-28 19:30:00+05:30
relativehumidity,45.2,2026-05-28 19:45:00+05:30
relativehumidity,58.09,2026-05-28 20:45:00+05:30
relativehumidity,55.3,2026-05-28 22:45:00+05:30
relativehumidity,58.16,2026-05-28 23:00:00+05:30
relativehumidity,58.19,2026-05-28 23:15:00+05:30
relativehumidity,57.44,2026-05-28 23:30:00+05:30
relativehumidity,57.24,2026-05-28 23:45:00+05:30
relativehumidity,53.05,2026-05-29 00:45:00+05:30
relativehumidity,53.96,2026-05-29 01:00:00+05:30
relativehumidity,55.45,2026-05-29 01:15:00+05:30
relativehumidity,55.08,2026-05-29 01:30:00+05:30
relativehumidity,57.65,2026-05-29 01:45:00+05:30
relativehumidity,56.66,2026-05-29 02:00:00+05:30
relativehumidity,57.03,2026-05-29 02:15:00+05:30
relativehumidity,64.78,2026-05-29 02:30:00+05:30
relativehumidity,68.29,2026-05-29 02:45:00+05:30
relativehumidity,68.55,2026-05-29 03:00:00+05:30
relativehumidity,67.99,2026-05-29 03:15:00+05:30
relativehumidity,68.08,2026-05-29 03:30:00+05:30
relativehumidity,67.74,2026-05-29 03:45:00+05:30
relativehumidity,66.86,2026-05-29 04:00:00+05:30
relativehumidity,66.65,2026-05-29 04:15:00+05:30
relativehumidity,66.32,2026-05-29 04:30:00+05:30
relativehumidity,65.67,2026-05-29 04:45:00+05:30
relativehumidity,65.97,2026-05-29 05:00:00+05:30
relativehumidity,66.31,2026-05-29 05:15:00+05:30
relativehumidity,65.69,2026-05-29 05:30:00+05:30
relativehumidity,64.78,2026-05-29 05:45:00+05:30
relativehumidity,65.37,2026-05-29 06:00:00+05:30
relativehumidity,65.89,2026-05-29 06:15:00+05:30
relativehumidity,66.22,2026-05-29 06:30:00+05:30
relativehumidity,65.69,2026-05-29 06:45:00+05:30
relativehumidity,65.49,2026-05-29 07:00:00+05:30
relativehumidity,64.92,2026-05-29 07:15:00+05:30
relativehumidity,64.53,2026-05-29 07:30:00+05:30
relativehumidity,64.09,2026-05-29 07:45:00+05:30
relativehumidity,63.34,2026-05-29 08:00:00+05:30
relativehumidity,63.31,2026-05-29 08:15:00+05:30
relativehumidity,63.16,2026-05-29 08:30:00+05:30
relativehumidity,63.15,2026-05-29 08:45:00+05:30
relativehumidity,62.53,2026-05-29 09:00:00+05:30
relativehumidity,62.07,2026-05-29 09:15:00+05:30
relativehumidity,61.08,2026-05-29 09:30:00+05:30
relativehumidity,60.73,2026-05-29 09:45:00+05:30
relativehumidity,61.33,2026-05-29 10:00:00+05:30
relativehumidity,61.49,2026-05-29 10:15:00+05:30
relativehumidity,60.52,2026-05-29 10:30:00+05:30
relativehumidity,59.93,2026-05-29 10:45:00+05:30
relativehumidity,59.87,2026-05-29 11:00:00+05:30
relativehumidity,59.44,2026-05-29 11:15:00+05:30
relativehumidity,58.63,2026-05-29 11:30:00+05:30
relativehumidity,59.39,2026-05-29 11:45:00+05:30
relativehumidity,59.23,2026-05-29 13:00:00+05:30
relativehumidity,58.66,2026-05-29 13:15:00+05:30
relativehumidity,59.36,2026-05-29 13:30:00+05:30
relativehumidity,58.33,2026-05-29 13:45:00+05:30
relativehumidity,55.75,2026-05-29 14:00:00+05:30
relativehumidity,55.98,2026-05-29 14:15:00+05:30
relativehumidity,55.23,2026-05-29 14:30:00+05:30
relativehumidity,55.26,2026-05-29 15:45:00+05:30
relativehumidity,56.11,2026-05-29 16:00:00+05:30
relativehumidity,56.23,2026-05-29 16:15:00+05:30
relativehumidity,56.27,2026-05-29 16:30:00+05:30
relativehumidity,56.3,2026-05-29 16:45:00+05:30
relativehumidity,57.29,2026-05-29 17:00:00+05:30
relativehumidity,57.61,2026-05-29 17:15:00+05:30
relativehumidity,57.23,2026-05-29 17:30:00+05:30
relativehumidity,57.23,2026-05-29 17:45:00+05:30
relativehumidity,57.35,2026-05-29 18:00:00+05:30
relativehumidity,57.38,2026-05-29 18:15:00+05:30
relativehumidity,56.81,2026-05-29 18:30:00+05:30
relativehumidity,57.94,2026-05-29 18:45:00+05:30
relativehumidity,58.83,2026-05-29 19:00:00+05:30
relativehumidity,56.5,2026-05-29 19:15:00+05:30
relativehumidity,54.4,2026-05-29 19:30:00+05:30
relativehumidity,53.36,2026-05-29 19:45:00+05:30
relativehumidity,54.18,2026-05-29 20:00:00+05:30
relativehumidity,54.86,2026-05-29 20:15:00+05:30
relativehumidity,54.54,2026-05-29 20:30:00+05:30
relativehumidity,55.59,2026-05-29 20:45:00+05:30
relativehumidity,56.06,2026-05-29 21:00:00+05:30
relativehumidity,55.68,2026-05-29 21:15:00+05:30
relativehumidity,55.96,2026-05-29 21:30:00+05:30
relativehumidity,56.43,2026-05-29 21:45:00+05:30
relativehumidity,56.71,2026-05-29 22:00:00+05:30
relativehumidity,56.24,2026-05-29 22:15:00+05:30
relativehumidity,55.36,2026-05-29 22:30:00+05:30
relativehumidity,56.07,2026-05-29 22:45:00+05:30
relativehumidity,57.18,2026-05-29 23:00:00+05:30
relativehumidity,57.15,2026-05-29 23:15:00+05:30
relativehumidity,57.29,2026-05-29 23:30:00+05:30
relativehumidity,57.35,2026-05-29 23:45:00+05:30
relativehumidity,59.27,2026-05-30 00:45:00+05:30
relativehumidity,60.88,2026-05-30 01:00:00+05:30
relativehumidity,62.25,2026-05-30 01:15:00+05:30
relativehumidity,62.81,2026-05-30 01:30:00+05:30
relativehumidity,63.26,2026-05-30 01:45:00+05:30
relativehumidity,64.47,2026-05-30 02:00:00+05:30
relativehumidity,65.17,2026-05-30 02:15:00+05:30
relativehumidity,65.88,2026-05-30 02:30:00+05:30
relativehumidity,67.18,2026-05-30 02:45:00+05:30
relativehumidity,69.06,2026-05-30 03:00:00+05:30
relativehumidity,69.04,2026-05-30 03:15:00+05:30
relativehumidity,69.01,2026-05-30 03:30:00+05:30
relativehumidity,68.47,2026-05-30 03:45:00+05:30
relativehumidity,68.96,2026-05-30 04:00:00+05:30
relativehumidity,69.95,2026-05-30 04:15:00+05:30
relativehumidity,70.92,2026-05-30 04:30:00+05:30
relativehumidity,70.75,2026-05-30 04:45:00+05:30
relativehumidity,70.94,2026-05-30 05:00:00+05:30
relativehumidity,72.15,2026-05-30 05:15:00+05:30
relativehumidity,72.85,2026-05-30 05:30:00+05:30
relativehumidity,72.52,2026-05-30 05:45:00+05:30
relativehumidity,71.25,2026-05-30 06:00:00+05:30
relativehumidity,69.97,2026-05-30 06:15:00+05:30
relativehumidity,69.66,2026-05-30 06:30:00+05:30
relativehumidity,69.13,2026-05-30 06:45:00+05:30
relativehumidity,68.52,2026-05-30 07:00:00+05:30
relativehumidity,67.02,2026-05-30 07:15:00+05:30
relativehumidity,65.93,2026-05-30 07:30:00+05:30
relativehumidity,64.26,2026-05-30 07:45:00+05:30
relativehumidity,62.64,2026-05-30 08:00:00+05:30
relativehumidity,60.97,2026-05-30 08:15:00+05:30
relativehumidity,59.03,2026-05-30 08:30:00+05:30
relativehumidity,58.29,2026-05-30 08:45:00+05:30
relativehumidity,57.25,2026-05-30 09:00:00+05:30
relativehumidity,55.93,2026-05-30 09:15:00+05:30
relativehumidity,54.75,2026-05-30 09:30:00+05:30
relativehumidity,54.29,2026-05-30 09:45:00+05:30
relativehumidity,52.84,2026-05-30 10:00:00+05:30
relativehumidity,53.32,2026-05-30 10:15:00+05:30
relativehumidity,52.11,2026-05-30 10:30:00+05:30
relativehumidity,53.25,2026-05-30 10:45:00+05:30
relativehumidity,53.76,2026-05-30 11:00:00+05:30
relativehumidity,53.56,2026-05-30 11:15:00+05:30
relativehumidity,53.99,2026-05-30 11:30:00+05:30
relativehumidity,53.04,2026-05-30 11:45:00+05:30
relativehumidity,53.18,2026-05-30 12:00:00+05:30
relativehumidity,52.43,2026-05-30 12:15:00+05:30
relativehumidity,52.41,2026-05-30 12:30:00+05:30
relativehumidity,52.66,2026-05-30 12:45:00+05:30
relativehumidity,51.94,2026-05-30 13:00:00+05:30
relativehumidity,50.13,2026-05-30 13:15:00+05:30
relativehumidity,48.97,2026-05-30 13:30:00+05:30
relativehumidity,49.05,2026-05-30 14:00:00+05:30
relativehumidity,46.81,2026-05-30 14:15:00+05:30
relativehumidity,46.05,2026-05-30 14:30:00+05:30
relativehumidity,46.41,2026-05-30 14:45:00+05:30
relativehumidity,46.34,2026-05-30 15:00:00+05:30
relativehumidity,50.0,2026-05-30 15:15:00+05:30
relativehumidity,63.59,2026-05-30 15:30:00+05:30
relativehumidity,65.68,2026-05-30 15:45:00+05:30
relativehumidity,71.11,2026-05-30 16:00:00+05:30
relativehumidity,72.85,2026-05-30 16:15:00+05:30
relativehumidity,68.64,2026-05-30 16:30:00+05:30
relativehumidity,67.25,2026-05-30 16:45:00+05:30
relativehumidity,72.95,2026-05-30 17:00:00+05:30
relativehumidity,70.96,2026-05-30 17:15:00+05:30
relativehumidity,67.01,2026-05-30 17:30:00+05:30
relativehumidity,66.32,2026-05-30 17:45:00+05:30
relativehumidity,66.59,2026-05-30 18:00:00+05:30
relativehumidity,65.07,2026-05-30 18:15:00+05:30
relativehumidity,64.44,2026-05-30 18:30:00+05:30
relativehumidity,63.96,2026-05-30 18:45:00+05:30
relativehumidity,64.3,2026-05-30 19:00:00+05:30
relativehumidity,64.93,2026-05-30 19:15:00+05:30
relativehumidity,65.97,2026-05-30 19:30:00+05:30
relativehumidity,67.28,2026-05-30 19:45:00+05:30
relativehumidity,67.59,2026-05-30 20:00:00+05:30
relativehumidity,67.96,2026-05-30 20:15:00+05:30
relativehumidity,68.84,2026-05-30 20:30:00+05:30
relativehumidity,69.25,2026-05-30 20:45:00+05:30
relativehumidity,69.32,2026-05-30 21:00:00+05:30
relativehumidity,69.33,2026-05-30 21:15:00+05:30
relativehumidity,70.27,2026-05-30 21:30:00+05:30
relativehumidity,70.07,2026-05-30 21:45:00+05:30
relativehumidity,69.54,2026-05-30 22:00:00+05:30
relativehumidity,70.29,2026-05-30 22:15:00+05:30
relativehumidity,70.48,2026-05-30 22:30:00+05:30
relativehumidity,71.01,2026-05-30 22:45:00+05:30
relativehumidity,71.44,2026-05-30 23:00:00+05:30
relativehumidity,71.38,2026-05-30 23:15:00+05:30
relativehumidity,71.23,2026-05-30 23:30:00+05:30
relativehumidity,70.66,2026-05-30 23:45:00+05:30
relativehumidity,70.24,2026-05-31 00:45:00+05:30
relativehumidity,70.69,2026-05-31 01:00:00+05:30
relativehumidity,70.63,2026-05-31 01:15:00+05:30
relativehumidity,70.78,2026-05-31 01:30:00+05:30
relativehumidity,71.16,2026-05-31 01:45:00+05:30
relativehumidity,71.13,2026-05-31 02:00:00+05:30
relativehumidity,71.03,2026-05-31 02:15:00+05:30
relativehumidity,71.61,2026-05-31 02:30:00+05:30
so2,20.14,2026-05-19 05:45:00+05:30
so2,19.69,2026-05-19 06:00:00+05:30
so2,19.63,2026-05-19 06:15:00+05:30
so2,19.28,2026-05-19 06:30:00+05:30
so2,19.99,2026-05-19 06:45:00+05:30
so2,19.66,2026-05-19 07:00:00+05:30
so2,20.03,2026-05-19 07:15:00+05:30
so2,19.37,2026-05-19 07:30:00+05:30
so2,18.98,2026-05-19 07:45:00+05:30
so2,19.18,2026-05-19 08:00:00+05:30
so2,19.04,2026-05-19 08:15:00+05:30
so2,20.26,2026-05-19 08:30:00+05:30
so2,19.9,2026-05-19 08:45:00+05:30
so2,20.11,2026-05-19 09:00:00+05:30
so2,19.89,2026-05-19 09:15:00+05:30
so2,19.63,2026-05-19 09:30:00+05:30
so2,19.48,2026-05-19 09:45:00+05:30
so2,19.96,2026-05-19 10:00:00+05:30
so2,19.99,2026-05-19 10:15:00+05:30
so2,19.76,2026-05-19 10:30:00+05:30
so2,19.43,2026-05-19 10:45:00+05:30
so2,19.13,2026-05-19 11:00:00+05:30
so2,21.04,2026-05-19 11:30:00+05:30
so2,27.46,2026-05-19 11:45:00+05:30
so2,27.38,2026-05-19 12:00:00+05:30
so2,27.7,2026-05-19 12:15:00+05:30
so2,27.76,2026-05-19 12:30:00+05:30
so2,28.4,2026-05-19 12:45:00+05:30
so2,29.07,2026-05-19 13:00:00+05:30
so2,28.69,2026-05-19 13:15:00+05:30
so2,28.87,2026-05-19 13:30:00+05:30
so2,28.66,2026-05-19 13:45:00+05:30
so2,34.53,2026-05-19 14:45:00+05:30
so2,33.94,2026-05-19 15:00:00+05:30
so2,34.29,2026-05-19 15:15:00+05:30
so2,34.56,2026-05-19 15:30:00+05:30
so2,34.15,2026-05-19 15:45:00+05:30
so2,34.57,2026-05-19 16:00:00+05:30
so2,32.99,2026-05-19 16:15:00+05:30
so2,29.2,2026-05-19 16:30:00+05:30
so2,29.05,2026-05-19 16:45:00+05:30
so2,27.77,2026-05-19 17:00:00+05:30
so2,28.25,2026-05-19 17:15:00+05:30
so2,28.98,2026-05-19 17:30:00+05:30
so2,28.28,2026-05-19 17:45:00+05:30
so2,28.4,2026-05-19 18:00:00+05:30
so2,28.12,2026-05-19 18:15:00+05:30
so2,28.69,2026-05-19 18:30:00+05:30
so2,28.22,2026-05-19 18:45:00+05:30
so2,28.65,2026-05-19 19:00:00+05:30
so2,29.08,2026-05-19 19:15:00+05:30
so2,29.61,2026-05-19 19:30:00+05:30
so2,29.12,2026-05-19 19:45:00+05:30
so2,30.56,2026-05-19 20:15:00+05:30
so2,30.71,2026-05-19 20:30:00+05:30
so2,31.55,2026-05-19 20:45:00+05:30
so2,31.3,2026-05-19 21:00:00+05:30
so2,32.12,2026-05-19 21:15:00+05:30
so2,33.34,2026-05-19 21:30:00+05:30
so2,33.99,2026-05-19 21:45:00+05:30
so2,34.9,2026-05-19 22:00:00+05:30
so2,34.88,2026-05-19 22:15:00+05:30
so2,33.46,2026-05-19 22:30:00+05:30
so2,34.88,2026-05-19 22:45:00+05:30
so2,34.41,2026-05-19 23:00:00+05:30
so2,34.71,2026-05-19 23:15:00+05:30
so2,36.01,2026-05-19 23:30:00+05:30
so2,35.72,2026-05-19 23:45:00+05:30
so2,32.2,2026-05-20 00:45:00+05:30
so2,31.94,2026-05-20 01:00:00+05:30
so2,32.39,2026-05-20 01:15:00+05:30
so2,31.31,2026-05-20 01:30:00+05:30
so2,32.2,2026-05-20 01:45:00+05:30
so2,31.96,2026-05-20 02:00:00+05:30
so2,32.35,2026-05-20 02:15:00+05:30
so2,32.9,2026-05-20 02:30:00+05:30
so2,31.04,2026-05-20 02:45:00+05:30
so2,31.64,2026-05-20 03:00:00+05:30
so2,30.78,2026-05-20 03:15:00+05:30
so2,32.06,2026-05-20 03:30:00+05:30
so2,35.84,2026-05-20 03:45:00+05:30
so2,38.9,2026-05-20 04:00:00+05:30
so2,37.06,2026-05-20 04:15:00+05:30
so2,40.25,2026-05-20 04:30:00+05:30
so2,39.23,2026-05-20 04:45:00+05:30
so2,37.9,2026-05-20 05:00:00+05:30
so2,36.92,2026-05-20 05:15:00+05:30
so2,35.01,2026-05-20 05:30:00+05:30
so2,35.34,2026-05-20 05:45:00+05:30
so2,35.54,2026-05-20 06:00:00+05:30
so2,35.77,2026-05-20 06:15:00+05:30
so2,35.82,2026-05-20 06:30:00+05:30
so2,39.12,2026-05-20 06:45:00+05:30
so2,40.84,2026-05-20 07:00:00+05:30
so2,41.35,2026-05-20 07:15:00+05:30
so2,39.26,2026-05-20 07:30:00+05:30
so2,36.71,2026-05-20 07:45:00+05:30
so2,34.67,2026-05-20 08:00:00+05:30
so2,30.28,2026-05-20 08:15:00+05:30
so2,27.34,2026-05-20 08:30:00+05:30
so2,27.76,2026-05-20 08:45:00+05:30
so2,27.39,2026-05-20 09:00:00+05:30
so2,25.58,2026-05-20 09:15:00+05:30
so2,24.93,2026-05-20 09:30:00+05:30
so2,24.78,2026-05-20 10:15:00+05:30
so2,24.79,2026-05-20 10:30:00+05:30
so2,24.58,2026-05-20 10:45:00+05:30
so2,24.43,2026-05-20 12:00:00+05:30
so2,24.35,2026-05-20 12:15:00+05:30
so2,24.5,2026-05-20 12:30:00+05:30
so2,24.25,2026-05-20 12:45:00+05:30
so2,25.06,2026-05-20 13:00:00+05:30
so2,23.11,2026-05-20 13:15:00+05:30
so2,23.71,2026-05-20 13:30:00+05:30
so2,24.93,2026-05-20 13:45:00+05:30
so2,23.84,2026-05-20 14:00:00+05:30
so2,25.64,2026-05-20 14:15:00+05:30
so2,25.33,2026-05-20 14:30:00+05:30
so2,20.95,2026-05-20 14:45:00+05:30
so2,18.94,2026-05-20 15:00:00+05:30
so2,18.62,2026-05-20 15:15:00+05:30
so2,19.31,2026-05-20 15:30:00+05:30
so2,24.95,2026-05-20 15:45:00+05:30
so2,28.56,2026-05-20 16:00:00+05:30
so2,27.49,2026-05-20 16:15:00+05:30
so2,28.19,2026-05-20 16:30:00+05:30
so2,27.71,2026-05-20 16:45:00+05:30
so2,28.22,2026-05-20 17:00:00+05:30
so2,27.2,2026-05-20 17:15:00+05:30
so2,27.35,2026-05-20 17:30:00+05:30
so2,26.67,2026-05-20 17:45:00+05:30
so2,25.72,2026-05-20 18:00:00+05:30
so2,25.36,2026-05-20 18:15:00+05:30
so2,24.69,2026-05-20 18:30:00+05:30
so2,25.59,2026-05-20 18:45:00+05:30
so2,26.3,2026-05-20 19:00:00+05:30
so2,25.73,2026-05-20 19:15:00+05:30
so2,26.66,2026-05-20 19:30:00+05:30
so2,25.59,2026-05-20 19:45:00+05:30
so2,25.56,2026-05-20 20:00:00+05:30
so2,26.1,2026-05-20 20:15:00+05:30
so2,26.37,2026-05-20 20:30:00+05:30
so2,26.7,2026-05-20 20:45:00+05:30
so2,26.95,2026-05-20 21:00:00+05:30
so2,26.37,2026-05-20 21:15:00+05:30
so2,26.24,2026-05-20 21:30:00+05:30
so2,26.6,2026-05-20 21:45:00+05:30
so2,27.2,2026-05-20 22:00:00+05:30
so2,26.43,2026-05-20 22:15:00+05:30
so2,25.89,2026-05-20 22:30:00+05:30
so2,25.76,2026-05-20 22:45:00+05:30
so2,25.39,2026-05-20 23:00:00+05:30
so2,26.3,2026-05-20 23:15:00+05:30
so2,26.01,2026-05-20 23:30:00+05:30
so2,26.48,2026-05-20 23:45:00+05:30
so2,28.3,2026-05-21 00:45:00+05:30
so2,28.51,2026-05-21 01:00:00+05:30
so2,28.4,2026-05-21 01:15:00+05:30
so2,29.01,2026-05-21 01:30:00+05:30
so2,29.11,2026-05-21 01:45:00+05:30
so2,28.48,2026-05-21 02:00:00+05:30
so2,29.47,2026-05-21 02:15:00+05:30
so2,31.17,2026-05-21 02:30:00+05:30
so2,29.06,2026-05-21 02:45:00+05:30
so2,29.38,2026-05-21 03:00:00+05:30
so2,28.84,2026-05-21 03:15:00+05:30
so2,28.39,2026-05-21 03:30:00+05:30
so2,28.92,2026-05-21 03:45:00+05:30
so2,28.19,2026-05-21 04:15:00+05:30
so2,28.54,2026-05-21 04:30:00+05:30
so2,28.84,2026-05-21 04:45:00+05:30
so2,28.47,2026-05-21 05:00:00+05:30
so2,27.28,2026-05-21 05:15:00+05:30
so2,28.18,2026-05-21 05:30:00+05:30
so2,27.15,2026-05-21 05:45:00+05:30
so2,27.93,2026-05-21 06:45:00+05:30
so2,27.27,2026-05-21 07:00:00+05:30
so2,27.47,2026-05-21 07:15:00+05:30
so2,26.79,2026-05-21 07:30:00+05:30
so2,27.59,2026-05-21 07:45:00+05:30
so2,27.43,2026-05-21 08:00:00+05:30
so2,27.37,2026-05-21 08:15:00+05:30
so2,25.57,2026-05-21 08:30:00+05:30
so2,26.82,2026-05-21 08:45:00+05:30
so2,26.41,2026-05-21 09:00:00+05:30
so2,25.51,2026-05-21 09:15:00+05:30
so2,25.41,2026-05-21 09:30:00+05:30
so2,25.41,2026-05-21 09:45:00+05:30
so2,26.03,2026-05-21 10:00:00+05:30
so2,26.85,2026-05-21 10:15:00+05:30
so2,27.43,2026-05-21 10:30:00+05:30
so2,27.44,2026-05-21 10:45:00+05:30
so2,27.42,2026-05-21 11:00:00+05:30
so2,27.03,2026-05-21 11:15:00+05:30
so2,26.78,2026-05-21 11:30:00+05:30
so2,27.2,2026-05-21 11:45:00+05:30
so2,26.91,2026-05-21 12:00:00+05:30
so2,27.35,2026-05-21 12:15:00+05:30
so2,27.47,2026-05-21 12:30:00+05:30
so2,29.46,2026-05-21 12:45:00+05:30
so2,30.69,2026-05-21 13:00:00+05:30
so2,29.46,2026-05-21 13:15:00+05:30
so2,29.44,2026-05-21 13:30:00+05:30
so2,29.99,2026-05-21 13:45:00+05:30
so2,28.8,2026-05-21 14:30:00+05:30
so2,29.64,2026-05-21 14:45:00+05:30
so2,29.34,2026-05-21 15:00:00+05:30
so2,29.2,2026-05-21 15:15:00+05:30
so2,29.35,2026-05-21 15:30:00+05:30
so2,28.96,2026-05-21 15:45:00+05:30
so2,28.34,2026-05-21 16:00:00+05:30
so2,28.98,2026-05-21 16:15:00+05:30
so2,28.83,2026-05-21 16:30:00+05:30
so2,28.83,2026-05-21 16:45:00+05:30
so2,28.69,2026-05-21 17:00:00+05:30
so2,28.06,2026-05-21 17:15:00+05:30
so2,28.0,2026-05-21 17:30:00+05:30
so2,27.12,2026-05-21 17:45:00+05:30
so2,28.93,2026-05-21 18:00:00+05:30
so2,29.0,2026-05-21 18:15:00+05:30
so2,28.22,2026-05-21 18:30:00+05:30
so2,28.09,2026-05-21 18:45:00+05:30
so2,27.2,2026-05-21 19:00:00+05:30
so2,28.88,2026-05-21 19:15:00+05:30
so2,28.06,2026-05-21 19:30:00+05:30
so2,28.66,2026-05-21 19:45:00+05:30
so2,29.7,2026-05-21 20:00:00+05:30
so2,30.62,2026-05-21 20:15:00+05:30
so2,31.28,2026-05-21 20:30:00+05:30
so2,32.77,2026-05-21 20:45:00+05:30
so2,31.52,2026-05-21 21:00:00+05:30
so2,31.08,2026-05-21 21:15:00+05:30
so2,31.26,2026-05-21 21:30:00+05:30
so2,30.85,2026-05-21 21:45:00+05:30
so2,30.46,2026-05-21 22:00:00+05:30
so2,30.0,2026-05-21 22:15:00+05:30
so2,30.86,2026-05-21 22:30:00+05:30
so2,31.85,2026-05-21 22:45:00+05:30
so2,31.71,2026-05-21 23:00:00+05:30
so2,30.83,2026-05-21 23:15:00+05:30
so2,31.32,2026-05-21 23:30:00+05:30
so2,30.33,2026-05-21 23:45:00+05:30
so2,31.87,2026-05-22 00:45:00+05:30
so2,31.13,2026-05-22 01:00:00+05:30
so2,35.63,2026-05-22 01:15:00+05:30
so2,34.15,2026-05-22 01:30:00+05:30
so2,30.56,2026-05-22 01:45:00+05:30
so2,29.73,2026-05-22 02:00:00+05:30
so2,31.45,2026-05-22 02:15:00+05:30
so2,31.68,2026-05-22 02:30:00+05:30
so2,32.27,2026-05-22 02:45:00+05:30
so2,31.7,2026-05-22 03:00:00+05:30
so2,32.47,2026-05-22 03:15:00+05:30
so2,32.38,2026-05-22 03:30:00+05:30
so2,33.79,2026-05-22 03:45:00+05:30
so2,32.55,2026-05-22 04:00:00+05:30
so2,33.58,2026-05-22 04:15:00+05:30
so2,32.73,2026-05-22 04:45:00+05:30
so2,32.14,2026-05-22 05:00:00+05:30
so2,30.04,2026-05-22 05:15:00+05:30
so2,28.81,2026-05-22 05:30:00+05:30
so2,30.33,2026-05-22 05:45:00+05:30
so2,30.83,2026-05-22 06:00:00+05:30
so2,30.12,2026-05-22 06:15:00+05:30
so2,30.07,2026-05-22 06:30:00+05:30
so2,29.94,2026-05-22 06:45:00+05:30
so2,32.92,2026-05-22 07:00:00+05:30
so2,31.43,2026-05-22 07:15:00+05:30
so2,30.08,2026-05-22 07:30:00+05:30
so2,31.29,2026-05-22 07:45:00+05:30
so2,30.8,2026-05-22 08:00:00+05:30
so2,30.6,2026-05-22 08:15:00+05:30
so2,30.75,2026-05-22 08:30:00+05:30
so2,30.87,2026-05-22 08:45:00+05:30
so2,30.95,2026-05-22 09:00:00+05:30
so2,30.62,2026-05-22 09:15:00+05:30
so2,30.33,2026-05-22 09:30:00+05:30
so2,30.24,2026-05-22 09:45:00+05:30
so2,29.08,2026-05-22 11:45:00+05:30
so2,29.27,2026-05-22 12:00:00+05:30
so2,29.41,2026-05-22 12:15:00+05:30
so2,28.68,2026-05-22 12:30:00+05:30
so2,27.88,2026-05-22 12:45:00+05:30
so2,29.86,2026-05-22 13:00:00+05:30
so2,29.58,2026-05-22 13:15:00+05:30
so2,29.35,2026-05-22 13:30:00+05:30
so2,28.93,2026-05-22 13:45:00+05:30
so2,28.27,2026-05-22 14:15:00+05:30
so2,28.09,2026-05-22 14:30:00+05:30
so2,28.36,2026-05-22 14:45:00+05:30
so2,28.39,2026-05-22 15:00:00+05:30
so2,27.83,2026-05-22 15:15:00+05:30
so2,27.2,2026-05-22 15:30:00+05:30
so2,27.14,2026-05-22 15:45:00+05:30
so2,25.98,2026-05-22 16:00:00+05:30
so2,26.81,2026-05-22 16:15:00+05:30
so2,27.67,2026-05-22 16:30:00+05:30
so2,27.59,2026-05-22 16:45:00+05:30
so2,27.73,2026-05-22 17:15:00+05:30
so2,28.42,2026-05-22 17:30:00+05:30
so2,27.83,2026-05-22 17:45:00+05:30
so2,28.03,2026-05-22 18:00:00+05:30
so2,28.19,2026-05-22 18:15:00+05:30
so2,27.98,2026-05-22 18:30:00+05:30
so2,28.89,2026-05-22 18:45:00+05:30
so2,28.03,2026-05-22 19:00:00+05:30
so2,27.35,2026-05-22 19:15:00+05:30
so2,27.58,2026-05-22 19:30:00+05:30
so2,28.89,2026-05-22 19:45:00+05:30
so2,28.57,2026-05-22 20:00:00+05:30
so2,28.5,2026-05-22 20:15:00+05:30
so2,28.4,2026-05-22 20:30:00+05:30
so2,28.0,2026-05-22 20:45:00+05:30
so2,28.16,2026-05-22 21:00:00+05:30
so2,28.13,2026-05-22 21:15:00+05:30
so2,27.97,2026-05-22 21:30:00+05:30
so2,28.31,2026-05-22 21:45:00+05:30
so2,27.74,2026-05-22 22:00:00+05:30
so2,28.37,2026-05-22 22:15:00+05:30
so2,28.28,2026-05-22 22:30:00+05:30
so2,28.73,2026-05-22 22:45:00+05:30
so2,28.89,2026-05-22 23:00:00+05:30
so2,28.72,2026-05-22 23:15:00+05:30
so2,29.1,2026-05-22 23:30:00+05:30
so2,28.46,2026-05-22 23:45:00+05:30
so2,28.39,2026-05-23 01:45:00+05:30
so2,28.89,2026-05-23 02:00:00+05:30
so2,29.95,2026-05-23 02:15:00+05:30
so2,29.4,2026-05-23 02:30:00+05:30
so2,31.13,2026-05-23 02:45:00+05:30
so2,36.82,2026-05-23 03:00:00+05:30
so2,39.58,2026-05-23 03:15:00+05:30
so2,40.76,2026-05-23 03:30:00+05:30
so2,39.38,2026-05-23 03:45:00+05:30
so2,36.98,2026-05-23 04:00:00+05:30
so2,34.2,2026-05-23 04:15:00+05:30
so2,33.42,2026-05-23 04:30:00+05:30
so2,33.49,2026-05-23 04:45:00+05:30
so2,35.07,2026-05-23 05:00:00+05:30
so2,36.62,2026-05-23 05:15:00+05:30
so2,36.94,2026-05-23 05:30:00+05:30
so2,36.26,2026-05-23 05:45:00+05:30
so2,35.45,2026-05-23 06:00:00+05:30
so2,34.68,2026-05-23 06:15:00+05:30
so2,34.11,2026-05-23 06:30:00+05:30
so2,34.22,2026-05-23 06:45:00+05:30
so2,33.49,2026-05-23 07:00:00+05:30
so2,31.88,2026-05-23 07:15:00+05:30
so2,31.94,2026-05-23 07:30:00+05:30
so2,33.51,2026-05-23 07:45:00+05:30
so2,30.53,2026-05-23 08:00:00+05:30
so2,29.59,2026-05-23 08:15:00+05:30
so2,29.16,2026-05-23 08:30:00+05:30
so2,28.66,2026-05-23 08:45:00+05:30
so2,28.74,2026-05-23 09:00:00+05:30
so2,28.06,2026-05-23 09:15:00+05:30
so2,27.34,2026-05-23 09:30:00+05:30
so2,28.36,2026-05-23 09:45:00+05:30
so2,28.57,2026-05-23 10:00:00+05:30
so2,28.3,2026-05-23 10:15:00+05:30
so2,28.27,2026-05-23 10:30:00+05:30
so2,28.71,2026-05-23 10:45:00+05:30
so2,28.99,2026-05-23 11:00:00+05:30
so2,28.24,2026-05-23 11:15:00+05:30
so2,28.04,2026-05-23 11:30:00+05:30
so2,28.01,2026-05-23 11:45:00+05:30
so2,28.36,2026-05-23 12:00:00+05:30
so2,29.07,2026-05-23 12:15:00+05:30
so2,28.69,2026-05-23 12:30:00+05:30
so2,29.13,2026-05-23 12:45:00+05:30
so2,29.38,2026-05-23 13:00:00+05:30
so2,28.03,2026-05-23 13:15:00+05:30
so2,27.5,2026-05-23 13:30:00+05:30
so2,28.39,2026-05-23 13:45:00+05:30
so2,28.04,2026-05-23 14:00:00+05:30
so2,28.7,2026-05-23 14:15:00+05:30
so2,28.06,2026-05-23 14:30:00+05:30
so2,27.77,2026-05-23 14:45:00+05:30
so2,28.39,2026-05-23 15:15:00+05:30
so2,27.52,2026-05-23 15:30:00+05:30
so2,28.33,2026-05-23 15:45:00+05:30
so2,28.13,2026-05-23 16:00:00+05:30
so2,27.55,2026-05-23 16:15:00+05:30
so2,27.89,2026-05-23 16:30:00+05:30
so2,28.39,2026-05-23 16:45:00+05:30
so2,27.38,2026-05-23 17:00:00+05:30
so2,27.47,2026-05-23 17:15:00+05:30
so2,27.52,2026-05-23 17:30:00+05:30
so2,27.58,2026-05-23 17:45:00+05:30
so2,27.93,2026-05-23 18:00:00+05:30
so2,28.11,2026-05-23 18:15:00+05:30
so2,27.19,2026-05-23 18:30:00+05:30
so2,27.4,2026-05-23 18:45:00+05:30
so2,28.72,2026-05-23 19:00:00+05:30
so2,27.62,2026-05-23 19:15:00+05:30
so2,29.74,2026-05-23 19:30:00+05:30
so2,28.76,2026-05-23 19:45:00+05:30
so2,28.7,2026-05-23 20:00:00+05:30
so2,29.19,2026-05-23 20:15:00+05:30
so2,28.51,2026-05-23 20:30:00+05:30
so2,28.84,2026-05-23 20:45:00+05:30
so2,29.2,2026-05-23 21:00:00+05:30
so2,29.02,2026-05-23 21:15:00+05:30
so2,29.19,2026-05-23 21:30:00+05:30
so2,29.74,2026-05-23 21:45:00+05:30
so2,29.76,2026-05-23 22:00:00+05:30
so2,29.78,2026-05-23 22:15:00+05:30
so2,29.61,2026-05-23 22:30:00+05:30
so2,29.91,2026-05-23 22:45:00+05:30
so2,29.82,2026-05-23 23:00:00+05:30
so2,30.68,2026-05-23 23:15:00+05:30
so2,31.16,2026-05-23 23:30:00+05:30
so2,31.59,2026-05-23 23:45:00+05:30
so2,31.02,2026-05-24 01:45:00+05:30
so2,31.61,2026-05-24 02:00:00+05:30
so2,32.14,2026-05-24 02:15:00+05:30
so2,32.21,2026-05-24 02:30:00+05:30
so2,32.78,2026-05-24 02:45:00+05:30
so2,32.47,2026-05-24 03:00:00+05:30
so2,33.25,2026-05-24 03:15:00+05:30
so2,32.6,2026-05-24 03:30:00+05:30
so2,33.81,2026-05-24 03:45:00+05:30
so2,34.74,2026-05-24 04:00:00+05:30
so2,34.11,2026-05-24 04:15:00+05:30
so2,33.1,2026-05-24 04:30:00+05:30
so2,32.35,2026-05-24 04:45:00+05:30
so2,33.22,2026-05-24 05:00:00+05:30
so2,33.73,2026-05-24 05:15:00+05:30
so2,33.01,2026-05-24 05:30:00+05:30
so2,33.61,2026-05-24 05:45:00+05:30
so2,32.45,2026-05-24 06:00:00+05:30
so2,31.97,2026-05-24 06:15:00+05:30
so2,32.59,2026-05-24 06:30:00+05:30
so2,31.25,2026-05-24 06:45:00+05:30
so2,31.9,2026-05-24 07:00:00+05:30
so2,31.5,2026-05-24 07:15:00+05:30
so2,33.99,2026-05-24 07:30:00+05:30
so2,33.87,2026-05-24 07:45:00+05:30
so2,33.19,2026-05-24 08:00:00+05:30
so2,31.2,2026-05-24 08:30:00+05:30
so2,30.78,2026-05-24 08:45:00+05:30
so2,29.85,2026-05-24 09:00:00+05:30
so2,30.08,2026-05-24 09:15:00+05:30
so2,30.43,2026-05-24 09:30:00+05:30
so2,30.45,2026-05-24 09:45:00+05:30
so2,30.71,2026-05-24 10:00:00+05:30
so2,30.75,2026-05-24 10:15:00+05:30
so2,30.69,2026-05-24 10:30:00+05:30
so2,29.87,2026-05-24 10:45:00+05:30
so2,29.89,2026-05-24 11:00:00+05:30
so2,29.9,2026-05-24 11:15:00+05:30
so2,28.98,2026-05-24 11:30:00+05:30
so2,28.42,2026-05-24 11:45:00+05:30
so2,28.6,2026-05-24 12:00:00+05:30
so2,28.39,2026-05-24 12:15:00+05:30
so2,28.8,2026-05-24 12:30:00+05:30
so2,27.98,2026-05-24 12:45:00+05:30
so2,28.04,2026-05-24 13:00:00+05:30
so2,28.14,2026-05-24 13:15:00+05:30
so2,28.32,2026-05-24 13:30:00+05:30
so2,27.83,2026-05-24 13:45:00+05:30
so2,28.54,2026-05-24 14:00:00+05:30
so2,27.82,2026-05-24 14:15:00+05:30
so2,27.85,2026-05-24 14:30:00+05:30
so2,28.21,2026-05-24 14:45:00+05:30
so2,28.24,2026-05-24 15:00:00+05:30
so2,28.06,2026-05-24 15:15:00+05:30
so2,28.59,2026-05-24 15:30:00+05:30
so2,28.87,2026-05-24 15:45:00+05:30
so2,28.3,2026-05-24 16:00:00+05:30
so2,28.84,2026-05-24 16:15:00+05:30
so2,28.4,2026-05-24 16:30:00+05:30
so2,29.11,2026-05-24 16:45:00+05:30
so2,28.77,2026-05-24 17:15:00+05:30
so2,28.6,2026-05-24 17:30:00+05:30
so2,29.03,2026-05-24 17:45:00+05:30
so2,28.74,2026-05-24 18:00:00+05:30
so2,28.31,2026-05-24 18:15:00+05:30
so2,28.1,2026-05-24 18:30:00+05:30
so2,29.1,2026-05-24 18:45:00+05:30
so2,28.03,2026-05-24 19:00:00+05:30
so2,29.1,2026-05-24 19:15:00+05:30
so2,29.17,2026-05-24 19:45:00+05:30
so2,29.89,2026-05-24 20:00:00+05:30
so2,29.89,2026-05-24 20:15:00+05:30
so2,31.25,2026-05-24 20:30:00+05:30
so2,31.1,2026-05-24 20:45:00+05:30
so2,31.32,2026-05-24 21:00:00+05:30
so2,30.6,2026-05-24 21:15:00+05:30
so2,31.17,2026-05-24 21:30:00+05:30
so2,31.1,2026-05-24 21:45:00+05:30
so2,29.67,2026-05-24 22:00:00+05:30
so2,30.03,2026-05-24 22:15:00+05:30
so2,31.1,2026-05-24 22:30:00+05:30
so2,31.53,2026-05-24 22:45:00+05:30
so2,31.17,2026-05-24 23:00:00+05:30
so2,30.32,2026-05-24 23:15:00+05:30
so2,29.6,2026-05-24 23:30:00+05:30
so2,29.6,2026-05-24 23:45:00+05:30
so2,29.96,2026-05-25 00:45:00+05:30
so2,28.74,2026-05-25 01:00:00+05:30
so2,29.53,2026-05-25 01:15:00+05:30
so2,30.39,2026-05-25 01:30:00+05:30
so2,30.46,2026-05-25 01:45:00+05:30
so2,30.53,2026-05-25 02:00:00+05:30
so2,31.1,2026-05-25 02:15:00+05:30
so2,30.53,2026-05-25 02:30:00+05:30
so2,33.25,2026-05-25 02:45:00+05:30
so2,32.6,2026-05-25 03:00:00+05:30
so2,36.68,2026-05-25 03:15:00+05:30
so2,33.39,2026-05-25 03:30:00+05:30
so2,32.53,2026-05-25 03:45:00+05:30
so2,32.96,2026-05-25 04:00:00+05:30
so2,31.46,2026-05-25 04:15:00+05:30
so2,30.6,2026-05-25 04:30:00+05:30
so2,31.6,2026-05-25 04:45:00+05:30
so2,32.39,2026-05-25 05:00:00+05:30
so2,33.61,2026-05-25 05:15:00+05:30
so2,33.39,2026-05-25 05:30:00+05:30
so2,33.03,2026-05-25 05:45:00+05:30
so2,33.89,2026-05-25 06:00:00+05:30
so2,31.61,2026-05-25 06:15:00+05:30
so2,31.96,2026-05-25 06:30:00+05:30
so2,32.6,2026-05-25 06:45:00+05:30
so2,32.17,2026-05-25 07:00:00+05:30
so2,32.67,2026-05-25 07:15:00+05:30
so2,31.89,2026-05-25 07:30:00+05:30
so2,33.03,2026-05-25 07:45:00+05:30
so2,32.32,2026-05-25 08:00:00+05:30
so2,31.24,2026-05-25 08:15:00+05:30
so2,30.74,2026-05-25 08:30:00+05:30
so2,30.45,2026-05-25 08:45:00+05:30
so2,30.75,2026-05-25 09:00:00+05:30
so2,29.67,2026-05-25 09:15:00+05:30
so2,30.17,2026-05-25 09:30:00+05:30
so2,30.6,2026-05-25 09:45:00+05:30
so2,29.24,2026-05-25 10:00:00+05:30
so2,30.82,2026-05-25 10:30:00+05:30
so2,29.67,2026-05-25 10:45:00+05:30
so2,30.72,2026-05-25 11:15:00+05:30
so2,30.2,2026-05-25 12:45:00+05:30
so2,30.61,2026-05-25 13:00:00+05:30
so2,30.38,2026-05-25 13:15:00+05:30
so2,31.38,2026-05-25 13:30:00+05:30
so2,30.87,2026-05-25 13:45:00+05:30
so2,31.22,2026-05-25 14:00:00+05:30
so2,31.31,2026-05-25 14:15:00+05:30
so2,30.72,2026-05-25 14:30:00+05:30
so2,30.72,2026-05-25 15:00:00+05:30
so2,30.84,2026-05-25 15:15:00+05:30
so2,30.51,2026-05-25 15:30:00+05:30
so2,30.2,2026-05-25 15:45:00+05:30
so2,30.96,2026-05-25 16:00:00+05:30
so2,30.5,2026-05-25 16:15:00+05:30
so2,30.45,2026-05-25 16:30:00+05:30
so2,30.59,2026-05-25 16:45:00+05:30
so2,29.53,2026-05-25 17:00:00+05:30
so2,29.47,2026-05-25 17:15:00+05:30
so2,30.3,2026-05-25 17:45:00+05:30
so2,29.52,2026-05-25 18:00:00+05:30
so2,30.04,2026-05-25 18:15:00+05:30
so2,29.89,2026-05-25 18:30:00+05:30
so2,30.62,2026-05-25 18:45:00+05:30
so2,30.03,2026-05-25 19:00:00+05:30
so2,30.81,2026-05-25 19:15:00+05:30
so2,30.35,2026-05-25 19:30:00+05:30
so2,30.8,2026-05-25 19:45:00+05:30
so2,30.6,2026-05-25 20:00:00+05:30
so2,30.2,2026-05-25 20:15:00+05:30
so2,29.49,2026-05-25 20:30:00+05:30
so2,30.14,2026-05-25 20:45:00+05:30
so2,30.45,2026-05-25 21:00:00+05:30
so2,30.19,2026-05-25 21:15:00+05:30
so2,31.32,2026-05-25 21:30:00+05:30
so2,33.21,2026-05-25 21:45:00+05:30
so2,32.41,2026-05-25 22:00:00+05:30
so2,31.84,2026-05-25 22:15:00+05:30
so2,32.0,2026-05-25 22:30:00+05:30
so2,32.15,2026-05-25 22:45:00+05:30
so2,32.5,2026-05-25 23:00:00+05:30
so2,31.79,2026-05-25 23:15:00+05:30
so2,32.33,2026-05-25 23:30:00+05:30
so2,32.21,2026-05-25 23:45:00+05:30
so2,32.32,2026-05-26 00:45:00+05:30
so2,32.11,2026-05-26 01:00:00+05:30
so2,32.27,2026-05-26 01:15:00+05:30
so2,31.64,2026-05-26 01:30:00+05:30
so2,32.63,2026-05-26 01:45:00+05:30
so2,32.66,2026-05-26 02:00:00+05:30
so2,32.65,2026-05-26 02:15:00+05:30
so2,32.45,2026-05-26 02:30:00+05:30
so2,32.95,2026-05-26 02:45:00+05:30
so2,34.23,2026-05-26 03:00:00+05:30
so2,33.46,2026-05-26 03:15:00+05:30
so2,32.9,2026-05-26 03:30:00+05:30
so2,34.03,2026-05-26 03:45:00+05:30
so2,33.13,2026-05-26 04:00:00+05:30
so2,33.25,2026-05-26 04:15:00+05:30
so2,34.34,2026-05-26 04:30:00+05:30
so2,35.34,2026-05-26 04:45:00+05:30
so2,35.88,2026-05-26 05:00:00+05:30
so2,36.47,2026-05-26 05:15:00+05:30
so2,37.59,2026-05-26 05:30:00+05:30
so2,38.82,2026-05-26 05:45:00+05:30
so2,40.47,2026-05-26 06:00:00+05:30
so2,44.62,2026-05-26 06:15:00+05:30
so2,51.98,2026-05-26 06:30:00+05:30
so2,45.33,2026-05-26 06:45:00+05:30
so2,39.4,2026-05-26 07:00:00+05:30
so2,38.39,2026-05-26 07:15:00+05:30
so2,37.54,2026-05-26 07:30:00+05:30
so2,36.33,2026-05-26 07:45:00+05:30
so2,35.75,2026-05-26 08:00:00+05:30
so2,33.17,2026-05-26 08:15:00+05:30
so2,29.82,2026-05-26 08:30:00+05:30
so2,29.17,2026-05-26 08:45:00+05:30
so2,29.17,2026-05-26 09:00:00+05:30
so2,30.1,2026-05-26 09:15:00+05:30
so2,27.15,2026-05-26 10:45:00+05:30
so2,26.36,2026-05-26 11:15:00+05:30
so2,25.11,2026-05-26 11:30:00+05:30
so2,26.6,2026-05-26 11:45:00+05:30
so2,26.22,2026-05-26 12:00:00+05:30
so2,26.01,2026-05-26 12:15:00+05:30
so2,25.53,2026-05-26 12:30:00+05:30
so2,25.39,2026-05-26 12:45:00+05:30
so2,24.96,2026-05-26 13:00:00+05:30
so2,21.09,2026-05-26 13:15:00+05:30
so2,20.01,2026-05-26 13:30:00+05:30
so2,21.38,2026-05-26 13:45:00+05:30
so2,21.69,2026-05-26 14:00:00+05:30
so2,21.4,2026-05-26 14:15:00+05:30
so2,22.53,2026-05-26 14:30:00+05:30
so2,21.56,2026-05-26 15:00:00+05:30
so2,22.66,2026-05-26 15:15:00+05:30
so2,23.07,2026-05-26 15:45:00+05:30
so2,22.19,2026-05-26 16:00:00+05:30
so2,21.65,2026-05-26 16:15:00+05:30
so2,22.44,2026-05-26 16:30:00+05:30
so2,22.41,2026-05-26 16:45:00+05:30
so2,22.56,2026-05-26 17:00:00+05:30
so2,20.94,2026-05-26 17:15:00+05:30
so2,21.98,2026-05-26 17:30:00+05:30
so2,23.2,2026-05-26 17:45:00+05:30
so2,20.94,2026-05-26 18:00:00+05:30
so2,21.54,2026-05-26 18:15:00+05:30
so2,20.55,2026-05-26 18:30:00+05:30
so2,21.12,2026-05-26 18:45:00+05:30
so2,21.48,2026-05-26 19:00:00+05:30
so2,21.07,2026-05-26 19:15:00+05:30
so2,21.35,2026-05-26 19:30:00+05:30
so2,21.1,2026-05-26 19:45:00+05:30
so2,21.27,2026-05-26 20:15:00+05:30
so2,20.82,2026-05-26 20:30:00+05:30
so2,21.24,2026-05-26 20:45:00+05:30
so2,21.39,2026-05-26 21:30:00+05:30
so2,21.57,2026-05-26 21:45:00+05:30
so2,22.02,2026-05-26 22:00:00+05:30
so2,21.69,2026-05-26 22:15:00+05:30
so2,20.89,2026-05-26 22:30:00+05:30
so2,21.09,2026-05-26 22:45:00+05:30
so2,21.5,2026-05-26 23:00:00+05:30
so2,22.46,2026-05-26 23:15:00+05:30
so2,21.96,2026-05-26 23:30:00+05:30
so2,22.2,2026-05-26 23:45:00+05:30
so2,23.1,2026-05-27 00:45:00+05:30
so2,25.18,2026-05-27 01:00:00+05:30
so2,25.02,2026-05-27 01:15:00+05:30
so2,24.88,2026-05-27 01:30:00+05:30
so2,25.94,2026-05-27 01:45:00+05:30
so2,26.51,2026-05-27 02:00:00+05:30
so2,27.34,2026-05-27 02:15:00+05:30
so2,27.14,2026-05-27 02:30:00+05:30
so2,26.3,2026-05-27 02:45:00+05:30
so2,27.34,2026-05-27 03:00:00+05:30
so2,27.53,2026-05-27 03:15:00+05:30
so2,25.47,2026-05-27 03:30:00+05:30
so2,24.53,2026-05-27 03:45:00+05:30
so2,24.72,2026-05-27 04:00:00+05:30
so2,25.68,2026-05-27 04:15:00+05:30
so2,27.92,2026-05-27 04:30:00+05:30
so2,37.29,2026-05-27 04:45:00+05:30
so2,36.8,2026-05-27 05:00:00+05:30
so2,32.06,2026-05-27 05:15:00+05:30
so2,31.76,2026-05-27 05:30:00+05:30
so2,30.6,2026-05-27 05:45:00+05:30
so2,31.34,2026-05-27 06:00:00+05:30
so2,40.73,2026-05-27 06:15:00+05:30
so2,38.9,2026-05-27 06:30:00+05:30
so2,36.14,2026-05-27 06:45:00+05:30
so2,39.17,2026-05-27 07:00:00+05:30
so2,38.99,2026-05-27 07:15:00+05:30
so2,32.21,2026-05-27 07:30:00+05:30
so2,29.73,2026-05-27 07:45:00+05:30
so2,27.41,2026-05-27 08:00:00+05:30
so2,26.21,2026-05-27 08:15:00+05:30
so2,26.16,2026-05-27 08:30:00+05:30
so2,25.41,2026-05-27 08:45:00+05:30
so2,24.55,2026-05-27 09:00:00+05:30
so2,22.61,2026-05-27 09:15:00+05:30
so2,22.99,2026-05-27 09:30:00+05:30
so2,22.82,2026-05-27 09:45:00+05:30
so2,22.58,2026-05-27 10:00:00+05:30
so2,21.47,2026-05-27 10:15:00+05:30
so2,21.82,2026-05-27 10:30:00+05:30
so2,20.62,2026-05-27 10:45:00+05:30
so2,19.96,2026-05-27 11:00:00+05:30
so2,20.2,2026-05-27 11:15:00+05:30
so2,19.86,2026-05-27 11:30:00+05:30
so2,18.69,2026-05-27 12:00:00+05:30
so2,19.36,2026-05-27 12:15:00+05:30
so2,20.17,2026-05-27 12:30:00+05:30
so2,19.49,2026-05-27 12:45:00+05:30
so2,23.29,2026-05-27 17:45:00+05:30
so2,25.63,2026-05-27 18:00:00+05:30
so2,25.25,2026-05-27 18:15:00+05:30
so2,24.4,2026-05-27 18:30:00+05:30
so2,24.69,2026-05-27 18:45:00+05:30
so2,25.57,2026-05-27 19:00:00+05:30
so2,26.13,2026-05-27 19:15:00+05:30
so2,26.79,2026-05-27 19:30:00+05:30
so2,26.28,2026-05-27 19:45:00+05:30
so2,26.36,2026-05-27 20:00:00+05:30
so2,26.19,2026-05-27 20:15:00+05:30
so2,26.59,2026-05-27 20:30:00+05:30
so2,26.07,2026-05-27 20:45:00+05:30
so2,25.77,2026-05-27 21:00:00+05:30
so2,25.98,2026-05-27 21:15:00+05:30
so2,25.89,2026-05-27 21:30:00+05:30
so2,26.52,2026-05-27 21:45:00+05:30
so2,26.4,2026-05-27 22:00:00+05:30
so2,27.76,2026-05-27 22:15:00+05:30
so2,26.51,2026-05-27 22:30:00+05:30
so2,27.08,2026-05-27 22:45:00+05:30
so2,26.27,2026-05-27 23:00:00+05:30
so2,27.43,2026-05-27 23:15:00+05:30
so2,26.81,2026-05-27 23:30:00+05:30
so2,26.57,2026-05-27 23:45:00+05:30
so2,27.17,2026-05-28 00:45:00+05:30
so2,27.35,2026-05-28 01:00:00+05:30
so2,27.77,2026-05-28 01:15:00+05:30
so2,27.4,2026-05-28 01:30:00+05:30
so2,26.84,2026-05-28 01:45:00+05:30
so2,27.83,2026-05-28 02:00:00+05:30
so2,28.04,2026-05-28 02:15:00+05:30
so2,27.06,2026-05-28 02:30:00+05:30
so2,26.24,2026-05-28 02:45:00+05:30
so2,27.4,2026-05-28 03:00:00+05:30
so2,26.21,2026-05-28 03:15:00+05:30
so2,26.79,2026-05-28 03:30:00+05:30
so2,27.37,2026-05-28 03:45:00+05:30
so2,26.95,2026-05-28 04:00:00+05:30
so2,26.72,2026-05-28 04:15:00+05:30
so2,26.64,2026-05-28 04:30:00+05:30
so2,27.05,2026-05-28 04:45:00+05:30
so2,27.08,2026-05-28 05:00:00+05:30
so2,27.61,2026-05-28 05:15:00+05:30
so2,27.07,2026-05-28 05:30:00+05:30
so2,27.25,2026-05-28 05:45:00+05:30
so2,27.35,2026-05-28 06:00:00+05:30
so2,27.55,2026-05-28 06:15:00+05:30
so2,27.52,2026-05-28 06:30:00+05:30
so2,27.15,2026-05-28 06:45:00+05:30
so2,27.2,2026-05-28 07:00:00+05:30
so2,26.61,2026-05-28 07:15:00+05:30
so2,25.48,2026-05-28 07:30:00+05:30
so2,26.3,2026-05-28 07:45:00+05:30
so2,26.25,2026-05-28 08:00:00+05:30
so2,26.12,2026-05-28 08:15:00+05:30
so2,26.12,2026-05-28 08:30:00+05:30
so2,25.27,2026-05-28 08:45:00+05:30
so2,24.61,2026-05-28 09:00:00+05:30
so2,26.27,2026-05-28 09:15:00+05:30
so2,25.47,2026-05-28 09:30:00+05:30
so2,25.88,2026-05-28 09:45:00+05:30
so2,25.38,2026-05-28 10:00:00+05:30
so2,25.38,2026-05-28 10:15:00+05:30
so2,26.27,2026-05-28 10:30:00+05:30
so2,25.53,2026-05-28 10:45:00+05:30
so2,24.84,2026-05-28 11:00:00+05:30
so2,25.38,2026-05-28 11:15:00+05:30
so2,26.93,2026-05-28 11:30:00+05:30
so2,28.81,2026-05-28 11:45:00+05:30
so2,29.02,2026-05-28 12:00:00+05:30
so2,28.19,2026-05-28 12:15:00+05:30
so2,28.55,2026-05-28 12:30:00+05:30
so2,29.5,2026-05-28 12:45:00+05:30
so2,29.47,2026-05-28 13:00:00+05:30
so2,29.5,2026-05-28 13:15:00+05:30
so2,29.2,2026-05-28 13:30:00+05:30
so2,29.07,2026-05-28 13:45:00+05:30
so2,28.84,2026-05-28 14:00:00+05:30
so2,28.4,2026-05-28 14:15:00+05:30
so2,27.79,2026-05-28 14:30:00+05:30
so2,28.74,2026-05-28 14:45:00+05:30
so2,28.42,2026-05-28 15:00:00+05:30
so2,29.13,2026-05-28 15:15:00+05:30
so2,27.61,2026-05-28 15:30:00+05:30
so2,29.14,2026-05-28 15:45:00+05:30
so2,31.2,2026-05-28 16:15:00+05:30
so2,31.29,2026-05-28 16:45:00+05:30
so2,30.84,2026-05-28 17:15:00+05:30
so2,30.84,2026-05-28 17:30:00+05:30
so2,31.1,2026-05-28 17:45:00+05:30
so2,31.82,2026-05-28 18:45:00+05:30
so2,31.51,2026-05-28 19:00:00+05:30
so2,31.08,2026-05-28 19:15:00+05:30
so2,31.26,2026-05-28 19:30:00+05:30
so2,30.99,2026-05-28 19:45:00+05:30
so2,32.23,2026-05-28 20:45:00+05:30
so2,30.12,2026-05-28 22:45:00+05:30
so2,30.72,2026-05-28 23:00:00+05:30
so2,30.45,2026-05-28 23:15:00+05:30
so2,30.75,2026-05-28 23:30:00+05:30
so2,30.04,2026-05-28 23:45:00+05:30
so2,30.13,2026-05-29 00:45:00+05:30
so2,31.08,2026-05-29 01:00:00+05:30
so2,29.44,2026-05-29 01:15:00+05:30
so2,30.03,2026-05-29 01:30:00+05:30
so2,30.77,2026-05-29 01:45:00+05:30
so2,30.03,2026-05-29 02:00:00+05:30
so2,28.79,2026-05-29 02:15:00+05:30
so2,30.72,2026-05-29 02:30:00+05:30
so2,30.19,2026-05-29 02:45:00+05:30
so2,30.18,2026-05-29 03:00:00+05:30
so2,30.81,2026-05-29 03:15:00+05:30
so2,31.52,2026-05-29 03:30:00+05:30
so2,30.9,2026-05-29 03:45:00+05:30
so2,31.58,2026-05-29 04:00:00+05:30
so2,31.43,2026-05-29 04:15:00+05:30
so2,31.14,2026-05-29 04:30:00+05:30
so2,30.45,2026-05-29 04:45:00+05:30
so2,30.77,2026-05-29 05:00:00+05:30
so2,30.65,2026-05-29 05:15:00+05:30
so2,30.28,2026-05-29 05:30:00+05:30
so2,30.5,2026-05-29 05:45:00+05:30
so2,30.35,2026-05-29 06:00:00+05:30
so2,30.29,2026-05-29 06:15:00+05:30
so2,30.16,2026-05-29 06:30:00+05:30
so2,29.95,2026-05-29 06:45:00+05:30
so2,30.07,2026-05-29 07:00:00+05:30
so2,30.9,2026-05-29 07:15:00+05:30
so2,29.85,2026-05-29 07:30:00+05:30
so2,30.21,2026-05-29 07:45:00+05:30
so2,29.97,2026-05-29 08:00:00+05:30
so2,30.3,2026-05-29 08:15:00+05:30
so2,29.97,2026-05-29 08:30:00+05:30
so2,30.09,2026-05-29 08:45:00+05:30
so2,30.51,2026-05-29 09:00:00+05:30
so2,28.96,2026-05-29 09:15:00+05:30
so2,30.75,2026-05-29 09:30:00+05:30
so2,32.18,2026-05-29 09:45:00+05:30
so2,30.93,2026-05-29 10:00:00+05:30
so2,31.69,2026-05-29 10:15:00+05:30
so2,29.96,2026-05-29 10:30:00+05:30
so2,30.47,2026-05-29 10:45:00+05:30
so2,27.3,2026-05-29 11:00:00+05:30
so2,25.57,2026-05-29 11:15:00+05:30
so2,25.39,2026-05-29 11:30:00+05:30
so2,25.99,2026-05-29 11:45:00+05:30
so2,24.76,2026-05-29 13:00:00+05:30
so2,25.68,2026-05-29 13:15:00+05:30
so2,25.72,2026-05-29 13:30:00+05:30
so2,25.44,2026-05-29 13:45:00+05:30
so2,25.53,2026-05-29 14:00:00+05:30
so2,25.27,2026-05-29 14:15:00+05:30
so2,23.53,2026-05-29 14:30:00+05:30
so2,25.76,2026-05-29 15:45:00+05:30
so2,25.08,2026-05-29 16:00:00+05:30
so2,25.78,2026-05-29 16:15:00+05:30
so2,26.01,2026-05-29 16:30:00+05:30
so2,31.46,2026-05-29 16:45:00+05:30
so2,31.13,2026-05-29 17:00:00+05:30
so2,31.21,2026-05-29 17:15:00+05:30
so2,30.63,2026-05-29 17:30:00+05:30
so2,31.35,2026-05-29 17:45:00+05:30
so2,31.07,2026-05-29 18:00:00+05:30
so2,30.6,2026-05-29 18:15:00+05:30
so2,31.05,2026-05-29 18:30:00+05:30
so2,30.75,2026-05-29 18:45:00+05:30
so2,31.53,2026-05-29 19:00:00+05:30
so2,30.89,2026-05-29 19:15:00+05:30
so2,30.96,2026-05-29 19:30:00+05:30
so2,30.95,2026-05-29 19:45:00+05:30
so2,30.81,2026-05-29 20:00:00+05:30
so2,31.14,2026-05-29 20:15:00+05:30
so2,30.77,2026-05-29 20:30:00+05:30
so2,30.98,2026-05-29 20:45:00+05:30
so2,30.5,2026-05-29 21:00:00+05:30
so2,30.29,2026-05-29 21:15:00+05:30
so2,30.72,2026-05-29 21:30:00+05:30
so2,30.65,2026-05-29 21:45:00+05:30
so2,30.17,2026-05-29 22:00:00+05:30
so2,30.69,2026-05-29 22:15:00+05:30
so2,30.62,2026-05-29 22:30:00+05:30
so2,30.17,2026-05-29 22:45:00+05:30
so2,30.68,2026-05-29 23:00:00+05:30
so2,30.45,2026-05-29 23:15:00+05:30
so2,30.93,2026-05-29 23:30:00+05:30
so2,29.86,2026-05-29 23:45:00+05:30
so2,30.41,2026-05-30 00:45:00+05:30
so2,30.75,2026-05-30 01:00:00+05:30
so2,30.65,2026-05-30 01:15:00+05:30
so2,30.35,2026-05-30 01:30:00+05:30
so2,30.12,2026-05-30 01:45:00+05:30
so2,30.6,2026-05-30 02:00:00+05:30
so2,29.47,2026-05-30 02:15:00+05:30
so2,30.39,2026-05-30 02:30:00+05:30
so2,30.41,2026-05-30 02:45:00+05:30
so2,29.43,2026-05-30 03:00:00+05:30
so2,30.63,2026-05-30 03:15:00+05:30
so2,29.92,2026-05-30 03:30:00+05:30
so2,30.56,2026-05-30 03:45:00+05:30
so2,31.43,2026-05-30 04:00:00+05:30
so2,30.41,2026-05-30 04:15:00+05:30
so2,31.44,2026-05-30 04:30:00+05:30
so2,31.37,2026-05-30 04:45:00+05:30
so2,29.68,2026-05-30 05:00:00+05:30
so2,30.03,2026-05-30 05:15:00+05:30
so2,30.54,2026-05-30 05:30:00+05:30
so2,31.28,2026-05-30 05:45:00+05:30
so2,30.66,2026-05-30 06:00:00+05:30
so2,30.24,2026-05-30 06:15:00+05:30
so2,30.08,2026-05-30 06:30:00+05:30
so2,30.3,2026-05-30 06:45:00+05:30
so2,29.32,2026-05-30 07:00:00+05:30
so2,30.71,2026-05-30 07:15:00+05:30
so2,31.04,2026-05-30 07:30:00+05:30
so2,30.32,2026-05-30 07:45:00+05:30
so2,30.47,2026-05-30 08:00:00+05:30
so2,30.23,2026-05-30 08:15:00+05:30
so2,30.96,2026-05-30 08:30:00+05:30
so2,31.16,2026-05-30 08:45:00+05:30
so2,30.95,2026-05-30 09:00:00+05:30
so2,30.81,2026-05-30 09:15:00+05:30
so2,29.29,2026-05-30 09:30:00+05:30
so2,30.48,2026-05-30 09:45:00+05:30
so2,30.75,2026-05-30 10:00:00+05:30
so2,30.63,2026-05-30 10:15:00+05:30
so2,31.67,2026-05-30 10:30:00+05:30
so2,31.28,2026-05-30 10:45:00+05:30
so2,31.34,2026-05-30 11:00:00+05:30
so2,30.78,2026-05-30 11:15:00+05:30
so2,30.57,2026-05-30 11:30:00+05:30
so2,30.75,2026-05-30 11:45:00+05:30
so2,30.53,2026-05-30 12:00:00+05:30
so2,30.48,2026-05-30 12:15:00+05:30
so2,30.65,2026-05-30 12:30:00+05:30
so2,30.89,2026-05-30 12:45:00+05:30
so2,30.69,2026-05-30 13:00:00+05:30
so2,30.77,2026-05-30 13:15:00+05:30
so2,31.4,2026-05-30 13:30:00+05:30
so2,30.69,2026-05-30 14:00:00+05:30
so2,30.74,2026-05-30 14:15:00+05:30
so2,30.42,2026-05-30 14:30:00+05:30
so2,30.92,2026-05-30 14:45:00+05:30
so2,30.84,2026-05-30 15:00:00+05:30
so2,30.62,2026-05-30 15:15:00+05:30
so2,30.44,2026-05-30 15:30:00+05:30
so2,30.14,2026-05-30 15:45:00+05:30
so2,28.84,2026-05-30 16:00:00+05:30
so2,28.51,2026-05-30 16:15:00+05:30
so2,29.01,2026-05-30 16:30:00+05:30
so2,28.5,2026-05-30 16:45:00+05:30
so2,27.68,2026-05-30 17:00:00+05:30
so2,27.03,2026-05-30 17:15:00+05:30
so2,26.58,2026-05-30 17:30:00+05:30
so2,26.55,2026-05-30 17:45:00+05:30
so2,27.11,2026-05-30 18:00:00+05:30
so2,26.61,2026-05-30 18:15:00+05:30
so2,27.5,2026-05-30 18:30:00+05:30
so2,26.93,2026-05-30 18:45:00+05:30
so2,26.99,2026-05-30 19:00:00+05:30
so2,25.92,2026-05-30 19:15:00+05:30
so2,26.88,2026-05-30 19:30:00+05:30
so2,25.87,2026-05-30 19:45:00+05:30
so2,26.33,2026-05-30 20:00:00+05:30
so2,26.42,2026-05-30 20:15:00+05:30
so2,26.84,2026-05-30 20:30:00+05:30
so2,26.61,2026-05-30 20:45:00+05:30
so2,26.94,2026-05-30 21:00:00+05:30
so2,26.33,2026-05-30 21:15:00+05:30
so2,25.86,2026-05-30 21:30:00+05:30
so2,26.21,2026-05-30 21:45:00+05:30
so2,27.21,2026-05-30 22:00:00+05:30
so2,26.88,2026-05-30 22:15:00+05:30
so2,25.89,2026-05-30 22:30:00+05:30
so2,25.87,2026-05-30 22:45:00+05:30
so2,26.13,2026-05-30 23:00:00+05:30
so2,25.17,2026-05-30 23:15:00+05:30
so2,26.82,2026-05-30 23:30:00+05:30
so2,27.18,2026-05-30 23:45:00+05:30
so2,25.29,2026-05-31 00:45:00+05:30
so2,26.37,2026-05-31 01:00:00+05:30
so2,26.54,2026-05-31 01:15:00+05:30
so2,26.33,2026-05-31 01:30:00+05:30
so2,26.13,2026-05-31 01:45:00+05:30
so2,25.83,2026-05-31 02:00:00+05:30
so2,26.78,2026-05-31 02:15:00+05:30
so2,27.03,2026-05-31 02:30:00+05:30
temperature,29.23,2026-05-19 05:45:00+05:30
temperature,29.57,2026-05-19 06:00:00+05:30
temperature,30.02,2026-05-19 06:15:00+05:30
temperature,30.44,2026-05-19 06:30:00+05:30
temperature,31.0,2026-05-19 06:45:00+05:30
temperature,31.98,2026-05-19 07:00:00+05:30
temperature,33.26,2026-05-19 07:15:00+05:30
temperature,34.22,2026-05-19 07:30:00+05:30
temperature,34.89,2026-05-19 07:45:00+05:30
temperature,35.85,2026-05-19 08:00:00+05:30
temperature,36.92,2026-05-19 08:15:00+05:30
temperature,37.98,2026-05-19 08:30:00+05:30
temperature,39.31,2026-05-19 08:45:00+05:30
temperature,39.26,2026-05-19 09:00:00+05:30
temperature,40.11,2026-05-19 09:15:00+05:30
temperature,41.56,2026-05-19 09:30:00+05:30
temperature,41.68,2026-05-19 09:45:00+05:30
temperature,42.05,2026-05-19 10:00:00+05:30
temperature,42.19,2026-05-19 10:15:00+05:30
temperature,42.19,2026-05-19 10:30:00+05:30
temperature,42.25,2026-05-19 10:45:00+05:30
temperature,42.63,2026-05-19 11:00:00+05:30
temperature,43.92,2026-05-19 11:30:00+05:30
temperature,43.61,2026-05-19 11:45:00+05:30
temperature,44.1,2026-05-19 12:00:00+05:30
temperature,43.92,2026-05-19 12:15:00+05:30
temperature,44.51,2026-05-19 12:30:00+05:30
temperature,45.64,2026-05-19 12:45:00+05:30
temperature,46.52,2026-05-19 13:00:00+05:30
temperature,47.27,2026-05-19 13:15:00+05:30
temperature,47.18,2026-05-19 13:30:00+05:30
temperature,47.48,2026-05-19 13:45:00+05:30
temperature,44.62,2026-05-19 14:45:00+05:30
temperature,45.67,2026-05-19 15:00:00+05:30
temperature,45.19,2026-05-19 15:15:00+05:30
temperature,44.8,2026-05-19 15:30:00+05:30
temperature,43.93,2026-05-19 15:45:00+05:30
temperature,43.78,2026-05-19 16:00:00+05:30
temperature,44.56,2026-05-19 16:15:00+05:30
temperature,44.73,2026-05-19 16:30:00+05:30
temperature,44.38,2026-05-19 16:45:00+05:30
temperature,42.66,2026-05-19 17:00:00+05:30
temperature,41.83,2026-05-19 17:15:00+05:30
temperature,41.57,2026-05-19 17:30:00+05:30
temperature,40.37,2026-05-19 17:45:00+05:30
temperature,39.42,2026-05-19 18:00:00+05:30
temperature,38.67,2026-05-19 18:15:00+05:30
temperature,37.71,2026-05-19 18:30:00+05:30
temperature,36.75,2026-05-19 18:45:00+05:30
temperature,35.86,2026-05-19 19:00:00+05:30
temperature,35.23,2026-05-19 19:15:00+05:30
temperature,34.66,2026-05-19 19:30:00+05:30
temperature,34.14,2026-05-19 19:45:00+05:30
temperature,33.61,2026-05-19 20:15:00+05:30
temperature,33.61,2026-05-19 20:30:00+05:30
temperature,33.38,2026-05-19 20:45:00+05:30
temperature,32.76,2026-05-19 21:00:00+05:30
temperature,32.67,2026-05-19 21:15:00+05:30
temperature,32.44,2026-05-19 21:30:00+05:30
temperature,31.91,2026-05-19 21:45:00+05:30
temperature,31.86,2026-05-19 22:00:00+05:30
temperature,31.59,2026-05-19 22:15:00+05:30
temperature,31.51,2026-05-19 22:30:00+05:30
temperature,31.26,2026-05-19 22:45:00+05:30
temperature,31.37,2026-05-19 23:00:00+05:30
temperature,31.09,2026-05-19 23:15:00+05:30
temperature,30.73,2026-05-19 23:30:00+05:30
temperature,30.85,2026-05-19 23:45:00+05:30
temperature,29.8,2026-05-20 00:45:00+05:30
temperature,29.61,2026-05-20 01:00:00+05:30
temperature,29.45,2026-05-20 01:15:00+05:30
temperature,29.27,2026-05-20 01:30:00+05:30
temperature,29.32,2026-05-20 01:45:00+05:30
temperature,29.38,2026-05-20 02:00:00+05:30
temperature,29.39,2026-05-20 02:15:00+05:30
temperature,29.38,2026-05-20 02:30:00+05:30
temperature,29.06,2026-05-20 02:45:00+05:30
temperature,28.93,2026-05-20 03:00:00+05:30
temperature,28.56,2026-05-20 03:15:00+05:30
temperature,28.67,2026-05-20 03:30:00+05:30
temperature,28.91,2026-05-20 03:45:00+05:30
temperature,28.62,2026-05-20 04:00:00+05:30
temperature,28.29,2026-05-20 04:15:00+05:30
temperature,28.69,2026-05-20 04:30:00+05:30
temperature,28.57,2026-05-20 04:45:00+05:30
temperature,28.01,2026-05-20 05:00:00+05:30
temperature,27.44,2026-05-20 05:15:00+05:30
temperature,26.97,2026-05-20 05:30:00+05:30
temperature,27.48,2026-05-20 05:45:00+05:30
temperature,28.04,2026-05-20 06:00:00+05:30
temperature,28.37,2026-05-20 06:15:00+05:30
temperature,28.96,2026-05-20 06:30:00+05:30
temperature,29.39,2026-05-20 06:45:00+05:30
temperature,30.38,2026-05-20 07:00:00+05:30
temperature,31.78,2026-05-20 07:15:00+05:30
temperature,33.51,2026-05-20 07:30:00+05:30
temperature,34.39,2026-05-20 07:45:00+05:30
temperature,34.96,2026-05-20 08:00:00+05:30
temperature,35.57,2026-05-20 08:15:00+05:30
temperature,36.18,2026-05-20 08:30:00+05:30
temperature,37.01,2026-05-20 08:45:00+05:30
temperature,37.77,2026-05-20 09:00:00+05:30
temperature,39.49,2026-05-20 09:15:00+05:30
temperature,39.69,2026-05-20 09:30:00+05:30
temperature,42.01,2026-05-20 10:15:00+05:30
temperature,41.15,2026-05-20 10:30:00+05:30
temperature,43.07,2026-05-20 10:45:00+05:30
temperature,44.23,2026-05-20 12:00:00+05:30
temperature,45.38,2026-05-20 12:15:00+05:30
temperature,45.75,2026-05-20 12:30:00+05:30
temperature,44.12,2026-05-20 12:45:00+05:30
temperature,44.61,2026-05-20 13:00:00+05:30
temperature,44.57,2026-05-20 13:15:00+05:30
temperature,45.72,2026-05-20 13:30:00+05:30
temperature,45.69,2026-05-20 13:45:00+05:30
temperature,45.59,2026-05-20 14:00:00+05:30
temperature,45.34,2026-05-20 14:15:00+05:30
temperature,45.86,2026-05-20 14:30:00+05:30
temperature,45.29,2026-05-20 14:45:00+05:30
temperature,45.54,2026-05-20 15:00:00+05:30
temperature,44.97,2026-05-20 15:15:00+05:30
temperature,45.66,2026-05-20 15:30:00+05:30
temperature,45.11,2026-05-20 15:45:00+05:30
temperature,45.6,2026-05-20 16:00:00+05:30
temperature,45.17,2026-05-20 16:15:00+05:30
temperature,44.66,2026-05-20 16:30:00+05:30
temperature,44.2,2026-05-20 16:45:00+05:30
temperature,42.27,2026-05-20 17:00:00+05:30
temperature,41.42,2026-05-20 17:15:00+05:30
temperature,40.7,2026-05-20 17:30:00+05:30
temperature,40.27,2026-05-20 17:45:00+05:30
temperature,39.38,2026-05-20 18:00:00+05:30
temperature,38.7,2026-05-20 18:15:00+05:30
temperature,37.87,2026-05-20 18:30:00+05:30
temperature,37.03,2026-05-20 18:45:00+05:30
temperature,36.08,2026-05-20 19:00:00+05:30
temperature,35.42,2026-05-20 19:15:00+05:30
temperature,34.96,2026-05-20 19:30:00+05:30
temperature,34.5,2026-05-20 19:45:00+05:30
temperature,34.81,2026-05-20 20:00:00+05:30
temperature,35.83,2026-05-20 20:15:00+05:30
temperature,35.58,2026-05-20 20:30:00+05:30
temperature,34.65,2026-05-20 20:45:00+05:30
temperature,34.59,2026-05-20 21:00:00+05:30
temperature,34.43,2026-05-20 21:15:00+05:30
temperature,34.0,2026-05-20 21:30:00+05:30
temperature,34.51,2026-05-20 21:45:00+05:30
temperature,35.93,2026-05-20 22:00:00+05:30
temperature,36.88,2026-05-20 22:15:00+05:30
temperature,36.05,2026-05-20 22:30:00+05:30
temperature,35.8,2026-05-20 22:45:00+05:30
temperature,35.79,2026-05-20 23:00:00+05:30
temperature,35.26,2026-05-20 23:15:00+05:30
temperature,34.94,2026-05-20 23:30:00+05:30
temperature,34.33,2026-05-20 23:45:00+05:30
temperature,33.83,2026-05-21 00:45:00+05:30
temperature,32.92,2026-05-21 01:00:00+05:30
temperature,32.81,2026-05-21 01:15:00+05:30
temperature,33.23,2026-05-21 01:30:00+05:30
temperature,32.51,2026-05-21 01:45:00+05:30
temperature,32.21,2026-05-21 02:00:00+05:30
temperature,33.56,2026-05-21 02:15:00+05:30
temperature,32.19,2026-05-21 02:30:00+05:30
temperature,32.16,2026-05-21 02:45:00+05:30
temperature,32.2,2026-05-21 03:00:00+05:30
temperature,31.36,2026-05-21 03:15:00+05:30
temperature,31.07,2026-05-21 03:30:00+05:30
temperature,30.9,2026-05-21 03:45:00+05:30
temperature,30.9,2026-05-21 04:15:00+05:30
temperature,32.01,2026-05-21 04:30:00+05:30
temperature,31.81,2026-05-21 04:45:00+05:30
temperature,32.32,2026-05-21 05:00:00+05:30
temperature,32.36,2026-05-21 05:15:00+05:30
temperature,31.77,2026-05-21 05:30:00+05:30
temperature,31.79,2026-05-21 05:45:00+05:30
temperature,33.34,2026-05-21 06:45:00+05:30
temperature,33.58,2026-05-21 07:00:00+05:30
temperature,34.0,2026-05-21 07:15:00+05:30
temperature,34.69,2026-05-21 07:30:00+05:30
temperature,35.13,2026-05-21 07:45:00+05:30
temperature,36.08,2026-05-21 08:00:00+05:30
temperature,36.85,2026-05-21 08:15:00+05:30
temperature,37.56,2026-05-21 08:30:00+05:30
temperature,38.33,2026-05-21 08:45:00+05:30
temperature,38.81,2026-05-21 09:00:00+05:30
temperature,39.5,2026-05-21 09:15:00+05:30
temperature,39.78,2026-05-21 09:30:00+05:30
temperature,40.86,2026-05-21 09:45:00+05:30
temperature,41.18,2026-05-21 10:00:00+05:30
temperature,41.6,2026-05-21 10:15:00+05:30
temperature,42.25,2026-05-21 10:30:00+05:30
temperature,42.36,2026-05-21 10:45:00+05:30
temperature,41.66,2026-05-21 11:00:00+05:30
temperature,42.04,2026-05-21 11:15:00+05:30
temperature,41.07,2026-05-21 11:30:00+05:30
temperature,41.55,2026-05-21 11:45:00+05:30
temperature,41.81,2026-05-21 12:00:00+05:30
temperature,41.87,2026-05-21 12:15:00+05:30
temperature,42.79,2026-05-21 12:30:00+05:30
temperature,44.39,2026-05-21 12:45:00+05:30
temperature,43.87,2026-05-21 13:00:00+05:30
temperature,45.32,2026-05-21 13:15:00+05:30
temperature,45.65,2026-05-21 13:30:00+05:30
temperature,45.53,2026-05-21 13:45:00+05:30
temperature,44.57,2026-05-21 14:30:00+05:30
temperature,43.82,2026-05-21 14:45:00+05:30
temperature,44.27,2026-05-21 15:00:00+05:30
temperature,45.07,2026-05-21 15:15:00+05:30
temperature,44.04,2026-05-21 15:30:00+05:30
temperature,43.94,2026-05-21 15:45:00+05:30
temperature,43.53,2026-05-21 16:00:00+05:30
temperature,44.17,2026-05-21 16:15:00+05:30
temperature,43.35,2026-05-21 16:30:00+05:30
temperature,42.83,2026-05-21 16:45:00+05:30
temperature,41.93,2026-05-21 17:00:00+05:30
temperature,41.39,2026-05-21 17:15:00+05:30
temperature,40.7,2026-05-21 17:30:00+05:30
temperature,40.29,2026-05-21 17:45:00+05:30
temperature,39.33,2026-05-21 18:00:00+05:30
temperature,39.01,2026-05-21 18:15:00+05:30
temperature,38.15,2026-05-21 18:30:00+05:30
temperature,37.27,2026-05-21 18:45:00+05:30
temperature,37.08,2026-05-21 19:00:00+05:30
temperature,36.76,2026-05-21 19:15:00+05:30
temperature,36.09,2026-05-21 19:30:00+05:30
temperature,36.23,2026-05-21 19:45:00+05:30
temperature,36.69,2026-05-21 20:00:00+05:30
temperature,36.81,2026-05-21 20:15:00+05:30
temperature,37.86,2026-05-21 20:30:00+05:30
temperature,37.89,2026-05-21 20:45:00+05:30
temperature,37.25,2026-05-21 21:00:00+05:30
temperature,37.12,2026-05-21 21:15:00+05:30
temperature,36.29,2026-05-21 21:30:00+05:30
temperature,35.19,2026-05-21 21:45:00+05:30
temperature,34.55,2026-05-21 22:00:00+05:30
temperature,34.07,2026-05-21 22:15:00+05:30
temperature,34.3,2026-05-21 22:30:00+05:30
temperature,34.12,2026-05-21 22:45:00+05:30
temperature,34.04,2026-05-21 23:00:00+05:30
temperature,33.86,2026-05-21 23:15:00+05:30
temperature,33.58,2026-05-21 23:30:00+05:30
temperature,33.09,2026-05-21 23:45:00+05:30
temperature,32.43,2026-05-22 00:45:00+05:30
temperature,31.98,2026-05-22 01:00:00+05:30
temperature,31.81,2026-05-22 01:15:00+05:30
temperature,31.77,2026-05-22 01:30:00+05:30
temperature,30.98,2026-05-22 01:45:00+05:30
temperature,30.39,2026-05-22 02:00:00+05:30
temperature,30.31,2026-05-22 02:15:00+05:30
temperature,29.59,2026-05-22 02:30:00+05:30
temperature,29.04,2026-05-22 02:45:00+05:30
temperature,29.02,2026-05-22 03:00:00+05:30
temperature,29.74,2026-05-22 03:15:00+05:30
temperature,29.6,2026-05-22 03:30:00+05:30
temperature,29.8,2026-05-22 03:45:00+05:30
temperature,29.6,2026-05-22 04:00:00+05:30
temperature,29.11,2026-05-22 04:15:00+05:30
temperature,28.97,2026-05-22 04:45:00+05:30
temperature,29.01,2026-05-22 05:00:00+05:30
temperature,28.93,2026-05-22 05:15:00+05:30
temperature,29.11,2026-05-22 05:30:00+05:30
temperature,31.39,2026-05-22 05:45:00+05:30
temperature,31.95,2026-05-22 06:00:00+05:30
temperature,32.01,2026-05-22 06:15:00+05:30
temperature,32.08,2026-05-22 06:30:00+05:30
temperature,32.08,2026-05-22 06:45:00+05:30
temperature,32.2,2026-05-22 07:00:00+05:30
temperature,32.22,2026-05-22 07:15:00+05:30
temperature,32.56,2026-05-22 07:30:00+05:30
temperature,32.7,2026-05-22 07:45:00+05:30
temperature,33.23,2026-05-22 08:00:00+05:30
temperature,34.19,2026-05-22 08:15:00+05:30
temperature,35.27,2026-05-22 08:30:00+05:30
temperature,35.48,2026-05-22 08:45:00+05:30
temperature,36.46,2026-05-22 09:00:00+05:30
temperature,37.1,2026-05-22 09:15:00+05:30
temperature,37.92,2026-05-22 09:30:00+05:30
temperature,38.27,2026-05-22 09:45:00+05:30
temperature,42.34,2026-05-22 11:45:00+05:30
temperature,43.12,2026-05-22 12:00:00+05:30
temperature,43.33,2026-05-22 12:15:00+05:30
temperature,42.57,2026-05-22 12:30:00+05:30
temperature,44.15,2026-05-22 12:45:00+05:30
temperature,43.38,2026-05-22 13:00:00+05:30
temperature,42.64,2026-05-22 13:15:00+05:30
temperature,43.52,2026-05-22 13:30:00+05:30
temperature,42.93,2026-05-22 13:45:00+05:30
temperature,43.33,2026-05-22 14:15:00+05:30
temperature,42.84,2026-05-22 14:30:00+05:30
temperature,43.98,2026-05-22 14:45:00+05:30
temperature,42.18,2026-05-22 15:00:00+05:30
temperature,41.87,2026-05-22 15:15:00+05:30
temperature,42.06,2026-05-22 15:30:00+05:30
temperature,42.37,2026-05-22 15:45:00+05:30
temperature,41.78,2026-05-22 16:00:00+05:30
temperature,41.78,2026-05-22 16:15:00+05:30
temperature,41.52,2026-05-22 16:30:00+05:30
temperature,40.82,2026-05-22 16:45:00+05:30
temperature,39.65,2026-05-22 17:15:00+05:30
temperature,39.26,2026-05-22 17:30:00+05:30
temperature,39.08,2026-05-22 17:45:00+05:30
temperature,38.78,2026-05-22 18:00:00+05:30
temperature,38.4,2026-05-22 18:15:00+05:30
temperature,38.12,2026-05-22 18:30:00+05:30
temperature,37.78,2026-05-22 18:45:00+05:30
temperature,37.34,2026-05-22 19:00:00+05:30
temperature,37.21,2026-05-22 19:15:00+05:30
temperature,37.34,2026-05-22 19:30:00+05:30
temperature,37.17,2026-05-22 19:45:00+05:30
temperature,36.73,2026-05-22 20:00:00+05:30
temperature,36.18,2026-05-22 20:15:00+05:30
temperature,35.07,2026-05-22 20:30:00+05:30
temperature,34.4,2026-05-22 20:45:00+05:30
temperature,33.82,2026-05-22 21:00:00+05:30
temperature,32.99,2026-05-22 21:15:00+05:30
temperature,32.36,2026-05-22 21:30:00+05:30
temperature,32.4,2026-05-22 21:45:00+05:30
temperature,31.84,2026-05-22 22:00:00+05:30
temperature,32.46,2026-05-22 22:15:00+05:30
temperature,32.71,2026-05-22 22:30:00+05:30
temperature,33.84,2026-05-22 22:45:00+05:30
temperature,33.67,2026-05-22 23:00:00+05:30
temperature,33.33,2026-05-22 23:15:00+05:30
temperature,32.99,2026-05-22 23:30:00+05:30
temperature,32.24,2026-05-22 23:45:00+05:30
temperature,30.07,2026-05-23 01:45:00+05:30
temperature,29.7,2026-05-23 02:00:00+05:30
temperature,29.48,2026-05-23 02:15:00+05:30
temperature,29.3,2026-05-23 02:30:00+05:30
temperature,29.44,2026-05-23 02:45:00+05:30
temperature,29.58,2026-05-23 03:00:00+05:30
temperature,29.21,2026-05-23 03:15:00+05:30
temperature,29.1,2026-05-23 03:30:00+05:30
temperature,28.96,2026-05-23 03:45:00+05:30
temperature,28.79,2026-05-23 04:00:00+05:30
temperature,28.74,2026-05-23 04:15:00+05:30
temperature,29.22,2026-05-23 04:30:00+05:30
temperature,30.37,2026-05-23 04:45:00+05:30
temperature,30.6,2026-05-23 05:00:00+05:30
temperature,29.74,2026-05-23 05:15:00+05:30
temperature,29.38,2026-05-23 05:30:00+05:30
temperature,29.62,2026-05-23 05:45:00+05:30
temperature,29.93,2026-05-23 06:00:00+05:30
temperature,30.19,2026-05-23 06:15:00+05:30
temperature,30.59,2026-05-23 06:30:00+05:30
temperature,31.27,2026-05-23 06:45:00+05:30
temperature,32.34,2026-05-23 07:00:00+05:30
temperature,33.2,2026-05-23 07:15:00+05:30
temperature,34.0,2026-05-23 07:30:00+05:30
temperature,34.0,2026-05-23 07:45:00+05:30
temperature,28.4,2026-05-23 08:00:00+05:30
temperature,27.64,2026-05-23 08:15:00+05:30
temperature,28.81,2026-05-23 08:30:00+05:30
temperature,30.27,2026-05-23 08:45:00+05:30
temperature,31.28,2026-05-23 09:00:00+05:30
temperature,33.78,2026-05-23 09:15:00+05:30
temperature,34.97,2026-05-23 09:30:00+05:30
temperature,37.68,2026-05-23 09:45:00+05:30
temperature,39.48,2026-05-23 10:00:00+05:30
temperature,40.21,2026-05-23 10:15:00+05:30
temperature,40.91,2026-05-23 10:30:00+05:30
temperature,41.15,2026-05-23 10:45:00+05:30
temperature,38.91,2026-05-23 11:00:00+05:30
temperature,37.14,2026-05-23 11:15:00+05:30
temperature,37.26,2026-05-23 11:30:00+05:30
temperature,38.64,2026-05-23 11:45:00+05:30
temperature,39.57,2026-05-23 12:00:00+05:30
temperature,38.93,2026-05-23 12:15:00+05:30
temperature,39.82,2026-05-23 12:30:00+05:30
temperature,40.26,2026-05-23 12:45:00+05:30
temperature,41.18,2026-05-23 13:00:00+05:30
temperature,40.93,2026-05-23 13:15:00+05:30
temperature,40.57,2026-05-23 13:30:00+05:30
temperature,40.4,2026-05-23 13:45:00+05:30
temperature,40.93,2026-05-23 14:00:00+05:30
temperature,40.16,2026-05-23 14:15:00+05:30
temperature,40.43,2026-05-23 14:30:00+05:30
temperature,40.31,2026-05-23 14:45:00+05:30
temperature,40.72,2026-05-23 15:15:00+05:30
temperature,40.36,2026-05-23 15:30:00+05:30
temperature,40.99,2026-05-23 15:45:00+05:30
temperature,40.97,2026-05-23 16:00:00+05:30
temperature,40.67,2026-05-23 16:15:00+05:30
temperature,41.13,2026-05-23 16:30:00+05:30
temperature,40.27,2026-05-23 16:45:00+05:30
temperature,39.92,2026-05-23 17:00:00+05:30
temperature,39.69,2026-05-23 17:15:00+05:30
temperature,39.64,2026-05-23 17:30:00+05:30
temperature,39.43,2026-05-23 17:45:00+05:30
temperature,38.42,2026-05-23 18:00:00+05:30
temperature,37.27,2026-05-23 18:15:00+05:30
temperature,36.57,2026-05-23 18:30:00+05:30
temperature,35.77,2026-05-23 18:45:00+05:30
temperature,35.98,2026-05-23 19:00:00+05:30
temperature,36.73,2026-05-23 19:15:00+05:30
temperature,36.53,2026-05-23 19:30:00+05:30
temperature,36.07,2026-05-23 19:45:00+05:30
temperature,35.52,2026-05-23 20:00:00+05:30
temperature,35.57,2026-05-23 20:15:00+05:30
temperature,35.35,2026-05-23 20:30:00+05:30
temperature,35.51,2026-05-23 20:45:00+05:30
temperature,35.53,2026-05-23 21:00:00+05:30
temperature,35.09,2026-05-23 21:15:00+05:30
temperature,34.63,2026-05-23 21:30:00+05:30
temperature,34.52,2026-05-23 21:45:00+05:30
temperature,33.69,2026-05-23 22:00:00+05:30
temperature,32.64,2026-05-23 22:15:00+05:30
temperature,31.94,2026-05-23 22:30:00+05:30
temperature,31.72,2026-05-23 22:45:00+05:30
temperature,31.33,2026-05-23 23:00:00+05:30
temperature,30.6,2026-05-23 23:15:00+05:30
temperature,30.15,2026-05-23 23:30:00+05:30
temperature,30.3,2026-05-23 23:45:00+05:30
temperature,28.81,2026-05-24 01:45:00+05:30
temperature,28.37,2026-05-24 02:00:00+05:30
temperature,28.0,2026-05-24 02:15:00+05:30
temperature,28.15,2026-05-24 02:30:00+05:30
temperature,28.6,2026-05-24 02:45:00+05:30
temperature,28.3,2026-05-24 03:00:00+05:30
temperature,28.05,2026-05-24 03:15:00+05:30
temperature,27.84,2026-05-24 03:30:00+05:30
temperature,28.43,2026-05-24 03:45:00+05:30
temperature,28.19,2026-05-24 04:00:00+05:30
temperature,28.04,2026-05-24 04:15:00+05:30
temperature,27.84,2026-05-24 04:30:00+05:30
temperature,27.7,2026-05-24 04:45:00+05:30
temperature,27.35,2026-05-24 05:00:00+05:30
temperature,27.3,2026-05-24 05:15:00+05:30
temperature,28.46,2026-05-24 05:30:00+05:30
temperature,28.09,2026-05-24 05:45:00+05:30
temperature,28.48,2026-05-24 06:00:00+05:30
temperature,29.35,2026-05-24 06:15:00+05:30
temperature,29.5,2026-05-24 06:30:00+05:30
temperature,29.93,2026-05-24 06:45:00+05:30
temperature,30.65,2026-05-24 07:00:00+05:30
temperature,31.11,2026-05-24 07:15:00+05:30
temperature,32.03,2026-05-24 07:30:00+05:30
temperature,32.74,2026-05-24 07:45:00+05:30
temperature,33.08,2026-05-24 08:00:00+05:30
temperature,34.27,2026-05-24 08:30:00+05:30
temperature,35.71,2026-05-24 08:45:00+05:30
temperature,36.94,2026-05-24 09:00:00+05:30
temperature,37.93,2026-05-24 09:15:00+05:30
temperature,39.41,2026-05-24 09:30:00+05:30
temperature,39.87,2026-05-24 09:45:00+05:30
temperature,40.26,2026-05-24 10:00:00+05:30
temperature,41.24,2026-05-24 10:15:00+05:30
temperature,41.0,2026-05-24 10:30:00+05:30
temperature,41.09,2026-05-24 10:45:00+05:30
temperature,41.79,2026-05-24 11:00:00+05:30
temperature,41.48,2026-05-24 11:15:00+05:30
temperature,42.32,2026-05-24 11:30:00+05:30
temperature,42.05,2026-05-24 11:45:00+05:30
temperature,42.3,2026-05-24 12:00:00+05:30
temperature,42.68,2026-05-24 12:15:00+05:30
temperature,43.17,2026-05-24 12:30:00+05:30
temperature,43.84,2026-05-24 12:45:00+05:30
temperature,44.69,2026-05-24 13:00:00+05:30
temperature,43.47,2026-05-24 13:15:00+05:30
temperature,44.13,2026-05-24 13:30:00+05:30
temperature,43.82,2026-05-24 13:45:00+05:30
temperature,44.14,2026-05-24 14:00:00+05:30
temperature,44.55,2026-05-24 14:15:00+05:30
temperature,43.84,2026-05-24 14:30:00+05:30
temperature,44.18,2026-05-24 14:45:00+05:30
temperature,44.19,2026-05-24 15:00:00+05:30
temperature,44.41,2026-05-24 15:15:00+05:30
temperature,43.87,2026-05-24 15:30:00+05:30
temperature,43.19,2026-05-24 15:45:00+05:30
temperature,42.89,2026-05-24 16:00:00+05:30
temperature,43.37,2026-05-24 16:15:00+05:30
temperature,43.52,2026-05-24 16:30:00+05:30
temperature,43.02,2026-05-24 16:45:00+05:30
temperature,41.32,2026-05-24 17:15:00+05:30
temperature,41.07,2026-05-24 17:30:00+05:30
temperature,40.14,2026-05-24 17:45:00+05:30
temperature,39.32,2026-05-24 18:00:00+05:30
temperature,38.38,2026-05-24 18:15:00+05:30
temperature,37.09,2026-05-24 18:30:00+05:30
temperature,36.24,2026-05-24 18:45:00+05:30
temperature,35.45,2026-05-24 19:00:00+05:30
temperature,34.85,2026-05-24 19:15:00+05:30
temperature,35.01,2026-05-24 19:45:00+05:30
temperature,37.05,2026-05-24 20:00:00+05:30
temperature,36.87,2026-05-24 20:15:00+05:30
temperature,36.39,2026-05-24 20:30:00+05:30
temperature,35.76,2026-05-24 20:45:00+05:30
temperature,36.27,2026-05-24 21:00:00+05:30
temperature,36.01,2026-05-24 21:15:00+05:30
temperature,35.8,2026-05-24 21:30:00+05:30
temperature,35.97,2026-05-24 21:45:00+05:30
temperature,34.72,2026-05-24 22:00:00+05:30
temperature,34.33,2026-05-24 22:15:00+05:30
temperature,34.62,2026-05-24 22:30:00+05:30
temperature,35.22,2026-05-24 22:45:00+05:30
temperature,35.4,2026-05-24 23:00:00+05:30
temperature,35.24,2026-05-24 23:15:00+05:30
temperature,34.57,2026-05-24 23:30:00+05:30
temperature,34.16,2026-05-24 23:45:00+05:30
temperature,33.44,2026-05-25 00:45:00+05:30
temperature,33.89,2026-05-25 01:00:00+05:30
temperature,33.74,2026-05-25 01:15:00+05:30
temperature,33.7,2026-05-25 01:30:00+05:30
temperature,33.01,2026-05-25 01:45:00+05:30
temperature,32.41,2026-05-25 02:00:00+05:30
temperature,31.67,2026-05-25 02:15:00+05:30
temperature,31.18,2026-05-25 02:30:00+05:30
temperature,31.11,2026-05-25 02:45:00+05:30
temperature,32.3,2026-05-25 03:00:00+05:30
temperature,33.53,2026-05-25 03:15:00+05:30
temperature,33.0,2026-05-25 03:30:00+05:30
temperature,32.4,2026-05-25 03:45:00+05:30
temperature,31.92,2026-05-25 04:00:00+05:30
temperature,32.4,2026-05-25 04:15:00+05:30
temperature,31.66,2026-05-25 04:30:00+05:30
temperature,31.26,2026-05-25 04:45:00+05:30
temperature,31.48,2026-05-25 05:00:00+05:30
temperature,31.4,2026-05-25 05:15:00+05:30
temperature,31.27,2026-05-25 05:30:00+05:30
temperature,31.29,2026-05-25 05:45:00+05:30
temperature,31.61,2026-05-25 06:00:00+05:30
temperature,31.82,2026-05-25 06:15:00+05:30
temperature,32.32,2026-05-25 06:30:00+05:30
temperature,32.98,2026-05-25 06:45:00+05:30
temperature,33.79,2026-05-25 07:00:00+05:30
temperature,34.82,2026-05-25 07:15:00+05:30
temperature,35.23,2026-05-25 07:30:00+05:30
temperature,35.54,2026-05-25 07:45:00+05:30
temperature,36.05,2026-05-25 08:00:00+05:30
temperature,36.49,2026-05-25 08:15:00+05:30
temperature,36.64,2026-05-25 08:30:00+05:30
temperature,37.1,2026-05-25 08:45:00+05:30
temperature,38.08,2026-05-25 09:00:00+05:30
temperature,38.71,2026-05-25 09:15:00+05:30
temperature,39.84,2026-05-25 09:30:00+05:30
temperature,39.58,2026-05-25 09:45:00+05:30
temperature,40.25,2026-05-25 10:00:00+05:30
temperature,41.72,2026-05-25 10:30:00+05:30
temperature,40.43,2026-05-25 10:45:00+05:30
temperature,42.1,2026-05-25 11:15:00+05:30
temperature,42.5,2026-05-25 12:45:00+05:30
temperature,43.78,2026-05-25 13:00:00+05:30
temperature,42.55,2026-05-25 13:15:00+05:30
temperature,43.67,2026-05-25 13:30:00+05:30
temperature,43.82,2026-05-25 13:45:00+05:30
temperature,44.89,2026-05-25 14:00:00+05:30
temperature,44.04,2026-05-25 14:15:00+05:30
temperature,44.58,2026-05-25 14:30:00+05:30
temperature,44.31,2026-05-25 15:00:00+05:30
temperature,44.75,2026-05-25 15:15:00+05:30
temperature,44.27,2026-05-25 15:30:00+05:30
temperature,43.46,2026-05-25 15:45:00+05:30
temperature,43.78,2026-05-25 16:00:00+05:30
temperature,43.66,2026-05-25 16:15:00+05:30
temperature,43.35,2026-05-25 16:30:00+05:30
temperature,42.25,2026-05-25 16:45:00+05:30
temperature,42.05,2026-05-25 17:00:00+05:30
temperature,41.96,2026-05-25 17:15:00+05:30
temperature,41.05,2026-05-25 17:45:00+05:30
temperature,40.5,2026-05-25 18:00:00+05:30
temperature,39.43,2026-05-25 18:15:00+05:30
temperature,39.43,2026-05-25 18:30:00+05:30
temperature,37.19,2026-05-25 18:45:00+05:30
temperature,35.99,2026-05-25 19:00:00+05:30
temperature,35.58,2026-05-25 19:15:00+05:30
temperature,35.34,2026-05-25 19:30:00+05:30
temperature,35.03,2026-05-25 19:45:00+05:30
temperature,34.61,2026-05-25 20:00:00+05:30
temperature,35.12,2026-05-25 20:15:00+05:30
temperature,34.3,2026-05-25 20:30:00+05:30
temperature,34.01,2026-05-25 20:45:00+05:30
temperature,33.87,2026-05-25 21:00:00+05:30
temperature,34.37,2026-05-25 21:15:00+05:30
temperature,36.81,2026-05-25 21:30:00+05:30
temperature,37.34,2026-05-25 21:45:00+05:30
temperature,37.03,2026-05-25 22:00:00+05:30
temperature,36.54,2026-05-25 22:15:00+05:30
temperature,35.25,2026-05-25 22:30:00+05:30
temperature,35.12,2026-05-25 22:45:00+05:30
temperature,34.66,2026-05-25 23:00:00+05:30
temperature,34.2,2026-05-25 23:15:00+05:30
temperature,33.72,2026-05-25 23:30:00+05:30
temperature,32.61,2026-05-25 23:45:00+05:30
temperature,30.66,2026-05-26 00:45:00+05:30
temperature,30.73,2026-05-26 01:00:00+05:30
temperature,30.83,2026-05-26 01:15:00+05:30
temperature,30.98,2026-05-26 01:30:00+05:30
temperature,31.63,2026-05-26 01:45:00+05:30
temperature,32.25,2026-05-26 02:00:00+05:30
temperature,30.63,2026-05-26 02:15:00+05:30
temperature,30.1,2026-05-26 02:30:00+05:30
temperature,29.7,2026-05-26 02:45:00+05:30
temperature,29.52,2026-05-26 03:00:00+05:30
temperature,28.99,2026-05-26 03:15:00+05:30
temperature,28.71,2026-05-26 03:30:00+05:30
temperature,28.52,2026-05-26 03:45:00+05:30
temperature,28.16,2026-05-26 04:00:00+05:30
temperature,28.12,2026-05-26 04:15:00+05:30
temperature,28.09,2026-05-26 04:30:00+05:30
temperature,28.33,2026-05-26 04:45:00+05:30
temperature,27.95,2026-05-26 05:00:00+05:30
temperature,27.27,2026-05-26 05:15:00+05:30
temperature,27.13,2026-05-26 05:30:00+05:30
temperature,27.38,2026-05-26 05:45:00+05:30
temperature,28.06,2026-05-26 06:00:00+05:30
temperature,29.03,2026-05-26 06:15:00+05:30
temperature,29.37,2026-05-26 06:30:00+05:30
temperature,30.23,2026-05-26 06:45:00+05:30
temperature,31.45,2026-05-26 07:00:00+05:30
temperature,32.12,2026-05-26 07:15:00+05:30
temperature,32.66,2026-05-26 07:30:00+05:30
temperature,33.97,2026-05-26 07:45:00+05:30
temperature,33.86,2026-05-26 08:00:00+05:30
temperature,35.34,2026-05-26 08:15:00+05:30
temperature,35.19,2026-05-26 08:30:00+05:30
temperature,35.43,2026-05-26 08:45:00+05:30
temperature,36.15,2026-05-26 09:00:00+05:30
temperature,37.28,2026-05-26 09:15:00+05:30
temperature,42.93,2026-05-26 10:45:00+05:30
temperature,42.76,2026-05-26 11:15:00+05:30
temperature,42.67,2026-05-26 11:30:00+05:30
temperature,42.76,2026-05-26 11:45:00+05:30
temperature,43.57,2026-05-26 12:00:00+05:30
temperature,43.4,2026-05-26 12:15:00+05:30
temperature,42.94,2026-05-26 12:30:00+05:30
temperature,42.67,2026-05-26 12:45:00+05:30
temperature,42.9,2026-05-26 13:00:00+05:30
temperature,43.21,2026-05-26 13:15:00+05:30
temperature,43.71,2026-05-26 13:30:00+05:30
temperature,43.36,2026-05-26 13:45:00+05:30
temperature,43.22,2026-05-26 14:00:00+05:30
temperature,44.15,2026-05-26 14:15:00+05:30
temperature,44.15,2026-05-26 14:30:00+05:30
temperature,44.74,2026-05-26 15:00:00+05:30
temperature,44.25,2026-05-26 15:15:00+05:30
temperature,42.67,2026-05-26 15:45:00+05:30
temperature,44.02,2026-05-26 16:00:00+05:30
temperature,43.15,2026-05-26 16:15:00+05:30
temperature,42.75,2026-05-26 16:30:00+05:30
temperature,42.8,2026-05-26 16:45:00+05:30
temperature,41.6,2026-05-26 17:00:00+05:30
temperature,41.39,2026-05-26 17:15:00+05:30
temperature,41.34,2026-05-26 17:30:00+05:30
temperature,41.15,2026-05-26 17:45:00+05:30
temperature,40.82,2026-05-26 18:00:00+05:30
temperature,40.42,2026-05-26 18:15:00+05:30
temperature,40.02,2026-05-26 18:30:00+05:30
temperature,39.19,2026-05-26 18:45:00+05:30
temperature,36.81,2026-05-26 19:00:00+05:30
temperature,35.41,2026-05-26 19:15:00+05:30
temperature,34.4,2026-05-26 19:30:00+05:30
temperature,33.83,2026-05-26 19:45:00+05:30
temperature,33.09,2026-05-26 20:15:00+05:30
temperature,32.98,2026-05-26 20:30:00+05:30
temperature,32.68,2026-05-26 20:45:00+05:30
temperature,32.32,2026-05-26 21:30:00+05:30
temperature,32.37,2026-05-26 21:45:00+05:30
temperature,32.14,2026-05-26 22:00:00+05:30
temperature,31.85,2026-05-26 22:15:00+05:30
temperature,31.76,2026-05-26 22:30:00+05:30
temperature,31.73,2026-05-26 22:45:00+05:30
temperature,31.37,2026-05-26 23:00:00+05:30
temperature,31.36,2026-05-26 23:15:00+05:30
temperature,31.35,2026-05-26 23:30:00+05:30
temperature,31.67,2026-05-26 23:45:00+05:30
temperature,30.28,2026-05-27 00:45:00+05:30
temperature,30.34,2026-05-27 01:00:00+05:30
temperature,29.96,2026-05-27 01:15:00+05:30
temperature,29.64,2026-05-27 01:30:00+05:30
temperature,29.86,2026-05-27 01:45:00+05:30
temperature,29.75,2026-05-27 02:00:00+05:30
temperature,29.62,2026-05-27 02:15:00+05:30
temperature,29.52,2026-05-27 02:30:00+05:30
temperature,29.44,2026-05-27 02:45:00+05:30
temperature,29.22,2026-05-27 03:00:00+05:30
temperature,28.71,2026-05-27 03:15:00+05:30
temperature,28.37,2026-05-27 03:30:00+05:30
temperature,28.38,2026-05-27 03:45:00+05:30
temperature,28.39,2026-05-27 04:00:00+05:30
temperature,28.19,2026-05-27 04:15:00+05:30
temperature,28.15,2026-05-27 04:30:00+05:30
temperature,27.7,2026-05-27 04:45:00+05:30
temperature,27.38,2026-05-27 05:00:00+05:30
temperature,27.03,2026-05-27 05:15:00+05:30
temperature,26.91,2026-05-27 05:30:00+05:30
temperature,27.17,2026-05-27 05:45:00+05:30
temperature,27.92,2026-05-27 06:00:00+05:30
temperature,29.08,2026-05-27 06:15:00+05:30
temperature,29.67,2026-05-27 06:30:00+05:30
temperature,30.62,2026-05-27 06:45:00+05:30
temperature,31.36,2026-05-27 07:00:00+05:30
temperature,32.26,2026-05-27 07:15:00+05:30
temperature,33.3,2026-05-27 07:30:00+05:30
temperature,34.62,2026-05-27 07:45:00+05:30
temperature,35.53,2026-05-27 08:00:00+05:30
temperature,35.94,2026-05-27 08:15:00+05:30
temperature,36.87,2026-05-27 08:30:00+05:30
temperature,37.59,2026-05-27 08:45:00+05:30
temperature,39.18,2026-05-27 09:00:00+05:30
temperature,39.55,2026-05-27 09:15:00+05:30
temperature,40.03,2026-05-27 09:30:00+05:30
temperature,41.71,2026-05-27 09:45:00+05:30
temperature,41.77,2026-05-27 10:00:00+05:30
temperature,42.24,2026-05-27 10:15:00+05:30
temperature,43.0,2026-05-27 10:30:00+05:30
temperature,43.32,2026-05-27 10:45:00+05:30
temperature,42.77,2026-05-27 11:00:00+05:30
temperature,44.48,2026-05-27 11:15:00+05:30
temperature,43.89,2026-05-27 11:30:00+05:30
temperature,44.96,2026-05-27 12:00:00+05:30
temperature,43.31,2026-05-27 12:15:00+05:30
temperature,44.13,2026-05-27 12:30:00+05:30
temperature,44.5,2026-05-27 12:45:00+05:30
temperature,42.38,2026-05-27 17:45:00+05:30
temperature,42.06,2026-05-27 18:00:00+05:30
temperature,41.45,2026-05-27 18:15:00+05:30
temperature,39.5,2026-05-27 18:30:00+05:30
temperature,38.28,2026-05-27 18:45:00+05:30
temperature,37.02,2026-05-27 19:00:00+05:30
temperature,36.15,2026-05-27 19:15:00+05:30
temperature,35.8,2026-05-27 19:30:00+05:30
temperature,35.02,2026-05-27 19:45:00+05:30
temperature,34.32,2026-05-27 20:00:00+05:30
temperature,34.18,2026-05-27 20:15:00+05:30
temperature,33.74,2026-05-27 20:30:00+05:30
temperature,33.2,2026-05-27 20:45:00+05:30
temperature,32.81,2026-05-27 21:00:00+05:30
temperature,32.43,2026-05-27 21:15:00+05:30
temperature,32.31,2026-05-27 21:30:00+05:30
temperature,32.26,2026-05-27 21:45:00+05:30
temperature,32.66,2026-05-27 22:00:00+05:30
temperature,32.94,2026-05-27 22:15:00+05:30
temperature,32.51,2026-05-27 22:30:00+05:30
temperature,32.08,2026-05-27 22:45:00+05:30
temperature,31.45,2026-05-27 23:00:00+05:30
temperature,31.32,2026-05-27 23:15:00+05:30
temperature,31.33,2026-05-27 23:30:00+05:30
temperature,30.81,2026-05-27 23:45:00+05:30
temperature,30.77,2026-05-28 00:45:00+05:30
temperature,30.82,2026-05-28 01:00:00+05:30
temperature,30.59,2026-05-28 01:15:00+05:30
temperature,30.35,2026-05-28 01:30:00+05:30
temperature,30.19,2026-05-28 01:45:00+05:30
temperature,31.5,2026-05-28 02:00:00+05:30
temperature,33.2,2026-05-28 02:15:00+05:30
temperature,33.13,2026-05-28 02:30:00+05:30
temperature,32.86,2026-05-28 02:45:00+05:30
temperature,31.94,2026-05-28 03:00:00+05:30
temperature,31.73,2026-05-28 03:15:00+05:30
temperature,32.06,2026-05-28 03:30:00+05:30
temperature,32.02,2026-05-28 03:45:00+05:30
temperature,31.96,2026-05-28 04:00:00+05:30
temperature,31.76,2026-05-28 04:15:00+05:30
temperature,30.93,2026-05-28 04:30:00+05:30
temperature,30.07,2026-05-28 04:45:00+05:30
temperature,29.39,2026-05-28 05:00:00+05:30
temperature,28.96,2026-05-28 05:15:00+05:30
temperature,28.75,2026-05-28 05:30:00+05:30
temperature,28.99,2026-05-28 05:45:00+05:30
temperature,29.67,2026-05-28 06:00:00+05:30
temperature,30.2,2026-05-28 06:15:00+05:30
temperature,30.46,2026-05-28 06:30:00+05:30
temperature,30.48,2026-05-28 06:45:00+05:30
temperature,30.86,2026-05-28 07:00:00+05:30
temperature,31.15,2026-05-28 07:15:00+05:30
temperature,31.4,2026-05-28 07:30:00+05:30
temperature,31.62,2026-05-28 07:45:00+05:30
temperature,31.98,2026-05-28 08:00:00+05:30
temperature,32.13,2026-05-28 08:15:00+05:30
temperature,32.7,2026-05-28 08:30:00+05:30
temperature,32.84,2026-05-28 08:45:00+05:30
temperature,33.84,2026-05-28 09:00:00+05:30
temperature,33.68,2026-05-28 09:15:00+05:30
temperature,34.08,2026-05-28 09:30:00+05:30
temperature,34.47,2026-05-28 09:45:00+05:30
temperature,35.07,2026-05-28 10:00:00+05:30
temperature,35.64,2026-05-28 10:15:00+05:30
temperature,35.06,2026-05-28 10:30:00+05:30
temperature,36.02,2026-05-28 10:45:00+05:30
temperature,36.84,2026-05-28 11:00:00+05:30
temperature,36.97,2026-05-28 11:15:00+05:30
temperature,37.4,2026-05-28 11:30:00+05:30
temperature,37.37,2026-05-28 11:45:00+05:30
temperature,37.54,2026-05-28 12:00:00+05:30
temperature,37.61,2026-05-28 12:15:00+05:30
temperature,37.81,2026-05-28 12:30:00+05:30
temperature,38.01,2026-05-28 12:45:00+05:30
temperature,38.46,2026-05-28 13:00:00+05:30
temperature,38.75,2026-05-28 13:15:00+05:30
temperature,38.89,2026-05-28 13:30:00+05:30
temperature,39.05,2026-05-28 13:45:00+05:30
temperature,38.69,2026-05-28 14:00:00+05:30
temperature,39.14,2026-05-28 14:15:00+05:30
temperature,38.98,2026-05-28 14:30:00+05:30
temperature,39.46,2026-05-28 14:45:00+05:30
temperature,39.06,2026-05-28 15:00:00+05:30
temperature,39.12,2026-05-28 15:15:00+05:30
temperature,39.42,2026-05-28 15:30:00+05:30
temperature,39.42,2026-05-28 15:45:00+05:30
temperature,39.28,2026-05-28 16:15:00+05:30
temperature,37.68,2026-05-28 16:45:00+05:30
temperature,36.77,2026-05-28 17:15:00+05:30
temperature,36.4,2026-05-28 17:30:00+05:30
temperature,36.26,2026-05-28 17:45:00+05:30
temperature,35.32,2026-05-28 18:45:00+05:30
temperature,35.09,2026-05-28 19:00:00+05:30
temperature,34.12,2026-05-28 19:15:00+05:30
temperature,34.42,2026-05-28 19:30:00+05:30
temperature,34.66,2026-05-28 19:45:00+05:30
temperature,31.64,2026-05-28 20:45:00+05:30
temperature,31.02,2026-05-28 22:45:00+05:30
temperature,30.4,2026-05-28 23:00:00+05:30
temperature,30.43,2026-05-28 23:15:00+05:30
temperature,30.25,2026-05-28 23:30:00+05:30
temperature,30.19,2026-05-28 23:45:00+05:30
temperature,29.88,2026-05-29 00:45:00+05:30
temperature,29.63,2026-05-29 01:00:00+05:30
temperature,29.15,2026-05-29 01:15:00+05:30
temperature,29.45,2026-05-29 01:30:00+05:30
temperature,29.47,2026-05-29 01:45:00+05:30
temperature,29.53,2026-05-29 02:00:00+05:30
temperature,29.57,2026-05-29 02:15:00+05:30
temperature,28.47,2026-05-29 02:30:00+05:30
temperature,27.91,2026-05-29 02:45:00+05:30
temperature,27.87,2026-05-29 03:00:00+05:30
temperature,27.78,2026-05-29 03:15:00+05:30
temperature,27.68,2026-05-29 03:30:00+05:30
temperature,27.6,2026-05-29 03:45:00+05:30
temperature,27.57,2026-05-29 04:00:00+05:30
temperature,27.53,2026-05-29 04:15:00+05:30
temperature,27.59,2026-05-29 04:30:00+05:30
temperature,27.64,2026-05-29 04:45:00+05:30
temperature,27.58,2026-05-29 05:00:00+05:30
temperature,27.44,2026-05-29 05:15:00+05:30
temperature,27.6,2026-05-29 05:30:00+05:30
temperature,27.87,2026-05-29 05:45:00+05:30
temperature,27.85,2026-05-29 06:00:00+05:30
temperature,27.82,2026-05-29 06:15:00+05:30
temperature,27.73,2026-05-29 06:30:00+05:30
temperature,28.19,2026-05-29 06:45:00+05:30
temperature,28.57,2026-05-29 07:00:00+05:30
temperature,28.89,2026-05-29 07:15:00+05:30
temperature,29.04,2026-05-29 07:30:00+05:30
temperature,29.31,2026-05-29 07:45:00+05:30
temperature,29.42,2026-05-29 08:00:00+05:30
temperature,29.56,2026-05-29 08:15:00+05:30
temperature,29.86,2026-05-29 08:30:00+05:30
temperature,30.15,2026-05-29 08:45:00+05:30
temperature,30.37,2026-05-29 09:00:00+05:30
temperature,30.64,2026-05-29 09:15:00+05:30
temperature,31.52,2026-05-29 09:30:00+05:30
temperature,32.0,2026-05-29 09:45:00+05:30
temperature,31.83,2026-05-29 10:00:00+05:30
temperature,31.93,2026-05-29 10:15:00+05:30
temperature,32.54,2026-05-29 10:30:00+05:30
temperature,32.98,2026-05-29 10:45:00+05:30
temperature,33.12,2026-05-29 11:00:00+05:30
temperature,33.33,2026-05-29 11:15:00+05:30
temperature,33.89,2026-05-29 11:30:00+05:30
temperature,33.61,2026-05-29 11:45:00+05:30
temperature,33.72,2026-05-29 13:00:00+05:30
temperature,33.99,2026-05-29 13:15:00+05:30
temperature,33.6,2026-05-29 13:30:00+05:30
temperature,33.85,2026-05-29 13:45:00+05:30
temperature,34.67,2026-05-29 14:00:00+05:30
temperature,34.85,2026-05-29 14:15:00+05:30
temperature,35.67,2026-05-29 14:30:00+05:30
temperature,34.24,2026-05-29 15:45:00+05:30
temperature,33.92,2026-05-29 16:00:00+05:30
temperature,33.66,2026-05-29 16:15:00+05:30
temperature,33.47,2026-05-29 16:30:00+05:30
temperature,33.45,2026-05-29 16:45:00+05:30
temperature,33.22,2026-05-29 17:00:00+05:30
temperature,33.17,2026-05-29 17:15:00+05:30
temperature,33.16,2026-05-29 17:30:00+05:30
temperature,33.1,2026-05-29 17:45:00+05:30
temperature,33.1,2026-05-29 18:00:00+05:30
temperature,33.11,2026-05-29 18:15:00+05:30
temperature,33.12,2026-05-29 18:30:00+05:30
temperature,32.31,2026-05-29 18:45:00+05:30
temperature,31.25,2026-05-29 19:00:00+05:30
temperature,31.07,2026-05-29 19:15:00+05:30
temperature,31.11,2026-05-29 19:30:00+05:30
temperature,31.0,2026-05-29 19:45:00+05:30
temperature,30.8,2026-05-29 20:00:00+05:30
temperature,30.55,2026-05-29 20:15:00+05:30
temperature,30.14,2026-05-29 20:30:00+05:30
temperature,29.79,2026-05-29 20:45:00+05:30
temperature,29.46,2026-05-29 21:00:00+05:30
temperature,29.35,2026-05-29 21:15:00+05:30
temperature,29.07,2026-05-29 21:30:00+05:30
temperature,28.79,2026-05-29 21:45:00+05:30
temperature,28.44,2026-05-29 22:00:00+05:30
temperature,28.36,2026-05-29 22:15:00+05:30
temperature,28.56,2026-05-29 22:30:00+05:30
temperature,28.41,2026-05-29 22:45:00+05:30
temperature,28.17,2026-05-29 23:00:00+05:30
temperature,28.17,2026-05-29 23:15:00+05:30
temperature,28.1,2026-05-29 23:30:00+05:30
temperature,28.17,2026-05-29 23:45:00+05:30
temperature,27.86,2026-05-30 00:45:00+05:30
temperature,27.42,2026-05-30 01:00:00+05:30
temperature,27.1,2026-05-30 01:15:00+05:30
temperature,27.04,2026-05-30 01:30:00+05:30
temperature,27.01,2026-05-30 01:45:00+05:30
temperature,26.71,2026-05-30 02:00:00+05:30
temperature,26.6,2026-05-30 02:15:00+05:30
temperature,26.5,2026-05-30 02:30:00+05:30
temperature,26.22,2026-05-30 02:45:00+05:30
temperature,25.9,2026-05-30 03:00:00+05:30
temperature,25.95,2026-05-30 03:15:00+05:30
temperature,25.98,2026-05-30 03:30:00+05:30
temperature,26.13,2026-05-30 03:45:00+05:30
temperature,25.95,2026-05-30 04:00:00+05:30
temperature,25.69,2026-05-30 04:15:00+05:30
temperature,25.43,2026-05-30 04:30:00+05:30
temperature,25.34,2026-05-30 04:45:00+05:30
temperature,25.33,2026-05-30 05:00:00+05:30
temperature,25.2,2026-05-30 05:15:00+05:30
temperature,25.05,2026-05-30 05:30:00+05:30
temperature,25.13,2026-05-30 05:45:00+05:30
temperature,25.53,2026-05-30 06:00:00+05:30
temperature,25.9,2026-05-30 06:15:00+05:30
temperature,26.14,2026-05-30 06:30:00+05:30
temperature,26.4,2026-05-30 06:45:00+05:30
temperature,26.86,2026-05-30 07:00:00+05:30
temperature,27.52,2026-05-30 07:15:00+05:30
temperature,27.94,2026-05-30 07:30:00+05:30
temperature,28.71,2026-05-30 07:45:00+05:30
temperature,29.13,2026-05-30 08:00:00+05:30
temperature,29.91,2026-05-30 08:15:00+05:30
temperature,30.34,2026-05-30 08:30:00+05:30
temperature,31.3,2026-05-30 08:45:00+05:30
temperature,31.44,2026-05-30 09:00:00+05:30
temperature,31.86,2026-05-30 09:15:00+05:30
temperature,31.95,2026-05-30 09:30:00+05:30
temperature,32.29,2026-05-30 09:45:00+05:30
temperature,33.58,2026-05-30 10:00:00+05:30
temperature,33.2,2026-05-30 10:15:00+05:30
temperature,34.19,2026-05-30 10:30:00+05:30
temperature,33.97,2026-05-30 10:45:00+05:30
temperature,34.36,2026-05-30 11:00:00+05:30
temperature,34.68,2026-05-30 11:15:00+05:30
temperature,34.68,2026-05-30 11:30:00+05:30
temperature,35.69,2026-05-30 11:45:00+05:30
temperature,35.51,2026-05-30 12:00:00+05:30
temperature,36.03,2026-05-30 12:15:00+05:30
temperature,35.83,2026-05-30 12:30:00+05:30
temperature,35.91,2026-05-30 12:45:00+05:30
temperature,35.99,2026-05-30 13:00:00+05:30
temperature,36.07,2026-05-30 13:15:00+05:30
temperature,36.38,2026-05-30 13:30:00+05:30
temperature,36.58,2026-05-30 14:00:00+05:30
temperature,37.61,2026-05-30 14:15:00+05:30
temperature,37.86,2026-05-30 14:30:00+05:30
temperature,37.64,2026-05-30 14:45:00+05:30
temperature,37.78,2026-05-30 15:00:00+05:30
temperature,35.83,2026-05-30 15:15:00+05:30
temperature,29.65,2026-05-30 15:30:00+05:30
temperature,29.03,2026-05-30 15:45:00+05:30
temperature,27.33,2026-05-30 16:00:00+05:30
temperature,26.03,2026-05-30 16:15:00+05:30
temperature,26.61,2026-05-30 16:30:00+05:30
temperature,26.34,2026-05-30 16:45:00+05:30
temperature,25.2,2026-05-30 17:00:00+05:30
temperature,25.5,2026-05-30 17:15:00+05:30
temperature,26.38,2026-05-30 17:30:00+05:30
temperature,26.87,2026-05-30 17:45:00+05:30
temperature,27.05,2026-05-30 18:00:00+05:30
temperature,27.81,2026-05-30 18:15:00+05:30
temperature,28.19,2026-05-30 18:30:00+05:30
temperature,28.19,2026-05-30 18:45:00+05:30
temperature,28.17,2026-05-30 19:00:00+05:30
temperature,27.86,2026-05-30 19:15:00+05:30
temperature,27.5,2026-05-30 19:30:00+05:30
temperature,27.27,2026-05-30 19:45:00+05:30
temperature,27.29,2026-05-30 20:00:00+05:30
temperature,27.1,2026-05-30 20:15:00+05:30
temperature,26.78,2026-05-30 20:30:00+05:30
temperature,26.66,2026-05-30 20:45:00+05:30
temperature,26.66,2026-05-30 21:00:00+05:30
temperature,26.76,2026-05-30 21:15:00+05:30
temperature,26.71,2026-05-30 21:30:00+05:30
temperature,26.66,2026-05-30 21:45:00+05:30
temperature,26.58,2026-05-30 22:00:00+05:30
temperature,26.42,2026-05-30 22:15:00+05:30
temperature,26.25,2026-05-30 22:30:00+05:30
temperature,25.89,2026-05-30 22:45:00+05:30
temperature,25.58,2026-05-30 23:00:00+05:30
temperature,25.48,2026-05-30 23:15:00+05:30
temperature,25.47,2026-05-30 23:30:00+05:30
temperature,25.5,2026-05-30 23:45:00+05:30
temperature,25.3,2026-05-31 00:45:00+05:30
temperature,25.18,2026-05-31 01:00:00+05:30
temperature,25.23,2026-05-31 01:15:00+05:30
temperature,25.14,2026-05-31 01:30:00+05:30
temperature,25.04,2026-05-31 01:45:00+05:30
temperature,25.0,2026-05-31 02:00:00+05:30
temperature,25.01,2026-05-31 02:15:00+05:30
temperature,24.89,2026-05-31 02:30:00+05:30
wind_direction,324.84,2026-05-19 05:45:00+05:30
wind_direction,321.84,2026-05-19 06:00:00+05:30
wind_direction,321.84,2026-05-19 06:15:00+05:30
wind_direction,321.95,2026-05-19 06:30:00+05:30
wind_direction,322.0,2026-05-19 06:45:00+05:30
wind_direction,321.79,2026-05-19 07:00:00+05:30
wind_direction,322.11,2026-05-19 07:15:00+05:30
wind_direction,321.79,2026-05-19 07:30:00+05:30
wind_direction,307.89,2026-05-19 07:45:00+05:30
wind_direction,270.95,2026-05-19 08:00:00+05:30
wind_direction,243.63,2026-05-19 08:15:00+05:30
wind_direction,271.11,2026-05-19 08:30:00+05:30
wind_direction,302.16,2026-05-19 08:45:00+05:30
wind_direction,280.11,2026-05-19 09:00:00+05:30
wind_direction,86.79,2026-05-19 09:15:00+05:30
wind_direction,190.42,2026-05-19 09:30:00+05:30
wind_direction,285.37,2026-05-19 09:45:00+05:30
wind_direction,255.32,2026-05-19 10:00:00+05:30
wind_direction,234.74,2026-05-19 10:15:00+05:30
wind_direction,274.42,2026-05-19 10:30:00+05:30
wind_direction,310.74,2026-05-19 10:45:00+05:30
wind_direction,297.74,2026-05-19 11:00:00+05:30
wind_direction,311.95,2026-05-19 11:30:00+05:30
wind_direction,305.37,2026-05-19 11:45:00+05:30
wind_direction,290.95,2026-05-19 12:00:00+05:30
wind_direction,309.16,2026-05-19 12:15:00+05:30
wind_direction,247.53,2026-05-19 12:30:00+05:30
wind_direction,262.32,2026-05-19 12:45:00+05:30
wind_direction,226.58,2026-05-19 13:00:00+05:30
wind_direction,237.63,2026-05-19 13:15:00+05:30
wind_direction,193.84,2026-05-19 13:30:00+05:30
wind_direction,169.21,2026-05-19 13:45:00+05:30
wind_direction,297.11,2026-05-19 14:45:00+05:30
wind_direction,227.11,2026-05-19 15:00:00+05:30
wind_direction,311.68,2026-05-19 15:15:00+05:30
wind_direction,319.74,2026-05-19 15:30:00+05:30
wind_direction,320.16,2026-05-19 15:45:00+05:30
wind_direction,271.32,2026-05-19 16:00:00+05:30
wind_direction,293.0,2026-05-19 16:15:00+05:30
wind_direction,231.95,2026-05-19 16:30:00+05:30
wind_direction,145.68,2026-05-19 16:45:00+05:30
wind_direction,251.37,2026-05-19 17:00:00+05:30
wind_direction,235.0,2026-05-19 17:15:00+05:30
wind_direction,143.32,2026-05-19 17:30:00+05:30
wind_direction,159.53,2026-05-19 17:45:00+05:30
wind_direction,159.58,2026-05-19 18:00:00+05:30
wind_direction,159.84,2026-05-19 18:15:00+05:30
wind_direction,159.74,2026-05-19 18:30:00+05:30
wind_direction,159.74,2026-05-19 18:45:00+05:30
wind_direction,159.58,2026-05-19 19:00:00+05:30
wind_direction,159.58,2026-05-19 19:15:00+05:30
wind_direction,159.5,2026-05-19 19:30:00+05:30
wind_direction,159.74,2026-05-19 19:45:00+05:30
wind_direction,159.37,2026-05-19 20:15:00+05:30
wind_direction,159.68,2026-05-19 20:30:00+05:30
wind_direction,159.63,2026-05-19 20:45:00+05:30
wind_direction,159.95,2026-05-19 21:00:00+05:30
wind_direction,159.37,2026-05-19 21:15:00+05:30
wind_direction,159.58,2026-05-19 21:30:00+05:30
wind_direction,159.68,2026-05-19 21:45:00+05:30
wind_direction,159.68,2026-05-19 22:00:00+05:30
wind_direction,159.47,2026-05-19 22:15:00+05:30
wind_direction,159.89,2026-05-19 22:30:00+05:30
wind_direction,159.42,2026-05-19 22:45:00+05:30
wind_direction,159.63,2026-05-19 23:00:00+05:30
wind_direction,159.79,2026-05-19 23:15:00+05:30
wind_direction,159.68,2026-05-19 23:30:00+05:30
wind_direction,159.58,2026-05-19 23:45:00+05:30
wind_direction,159.89,2026-05-20 00:45:00+05:30
wind_direction,159.89,2026-05-20 01:00:00+05:30
wind_direction,159.84,2026-05-20 01:15:00+05:30
wind_direction,160.0,2026-05-20 01:30:00+05:30
wind_direction,159.74,2026-05-20 01:45:00+05:30
wind_direction,159.89,2026-05-20 02:00:00+05:30
wind_direction,159.84,2026-05-20 02:15:00+05:30
wind_direction,159.89,2026-05-20 02:30:00+05:30
wind_direction,159.79,2026-05-20 02:45:00+05:30
wind_direction,159.89,2026-05-20 03:00:00+05:30
wind_direction,159.89,2026-05-20 03:15:00+05:30
wind_direction,159.79,2026-05-20 03:30:00+05:30
wind_direction,160.0,2026-05-20 03:45:00+05:30
wind_direction,159.89,2026-05-20 04:00:00+05:30
wind_direction,159.79,2026-05-20 04:15:00+05:30
wind_direction,159.63,2026-05-20 04:30:00+05:30
wind_direction,159.39,2026-05-20 04:45:00+05:30
wind_direction,159.68,2026-05-20 05:00:00+05:30
wind_direction,159.74,2026-05-20 05:15:00+05:30
wind_direction,159.47,2026-05-20 05:30:00+05:30
wind_direction,159.32,2026-05-20 05:45:00+05:30
wind_direction,160.0,2026-05-20 06:00:00+05:30
wind_direction,159.89,2026-05-20 06:15:00+05:30
wind_direction,156.42,2026-05-20 06:30:00+05:30
wind_direction,13.95,2026-05-20 06:45:00+05:30
wind_direction,14.0,2026-05-20 07:00:00+05:30
wind_direction,231.16,2026-05-20 07:15:00+05:30
wind_direction,358.0,2026-05-20 07:30:00+05:30
wind_direction,337.53,2026-05-20 07:45:00+05:30
wind_direction,240.63,2026-05-20 08:00:00+05:30
wind_direction,32.53,2026-05-20 08:15:00+05:30
wind_direction,192.37,2026-05-20 08:30:00+05:30
wind_direction,214.53,2026-05-20 08:45:00+05:30
wind_direction,244.74,2026-05-20 09:00:00+05:30
wind_direction,159.05,2026-05-20 09:15:00+05:30
wind_direction,320.32,2026-05-20 09:30:00+05:30
wind_direction,245.42,2026-05-20 10:15:00+05:30
wind_direction,256.63,2026-05-20 10:30:00+05:30
wind_direction,220.79,2026-05-20 10:45:00+05:30
wind_direction,273.53,2026-05-20 12:00:00+05:30
wind_direction,142.05,2026-05-20 12:15:00+05:30
wind_direction,200.11,2026-05-20 12:30:00+05:30
wind_direction,281.63,2026-05-20 12:45:00+05:30
wind_direction,240.22,2026-05-20 13:00:00+05:30
wind_direction,225.26,2026-05-20 13:15:00+05:30
wind_direction,78.32,2026-05-20 13:30:00+05:30
wind_direction,135.74,2026-05-20 13:45:00+05:30
wind_direction,143.0,2026-05-20 14:00:00+05:30
wind_direction,214.22,2026-05-20 14:15:00+05:30
wind_direction,179.68,2026-05-20 14:30:00+05:30
wind_direction,238.89,2026-05-20 14:45:00+05:30
wind_direction,181.26,2026-05-20 15:00:00+05:30
wind_direction,183.68,2026-05-20 15:15:00+05:30
wind_direction,105.16,2026-05-20 15:30:00+05:30
wind_direction,154.47,2026-05-20 15:45:00+05:30
wind_direction,155.26,2026-05-20 16:00:00+05:30
wind_direction,171.32,2026-05-20 16:15:00+05:30
wind_direction,178.84,2026-05-20 16:30:00+05:30
wind_direction,35.21,2026-05-20 16:45:00+05:30
wind_direction,53.21,2026-05-20 17:00:00+05:30
wind_direction,52.47,2026-05-20 17:15:00+05:30
wind_direction,52.11,2026-05-20 17:30:00+05:30
wind_direction,52.26,2026-05-20 17:45:00+05:30
wind_direction,52.26,2026-05-20 18:00:00+05:30
wind_direction,52.42,2026-05-20 18:15:00+05:30
wind_direction,51.95,2026-05-20 18:30:00+05:30
wind_direction,52.21,2026-05-20 18:45:00+05:30
wind_direction,51.89,2026-05-20 19:00:00+05:30
wind_direction,51.95,2026-05-20 19:15:00+05:30
wind_direction,52.11,2026-05-20 19:30:00+05:30
wind_direction,52.0,2026-05-20 19:45:00+05:30
wind_direction,53.53,2026-05-20 20:00:00+05:30
wind_direction,71.42,2026-05-20 20:15:00+05:30
wind_direction,87.89,2026-05-20 20:30:00+05:30
wind_direction,88.0,2026-05-20 20:45:00+05:30
wind_direction,88.06,2026-05-20 21:00:00+05:30
wind_direction,88.16,2026-05-20 21:15:00+05:30
wind_direction,88.11,2026-05-20 21:30:00+05:30
wind_direction,90.42,2026-05-20 21:45:00+05:30
wind_direction,133.79,2026-05-20 22:00:00+05:30
wind_direction,192.16,2026-05-20 22:15:00+05:30
wind_direction,156.42,2026-05-20 22:30:00+05:30
wind_direction,161.74,2026-05-20 22:45:00+05:30
wind_direction,225.42,2026-05-20 23:00:00+05:30
wind_direction,211.84,2026-05-20 23:15:00+05:30
wind_direction,219.68,2026-05-20 23:30:00+05:30
wind_direction,217.0,2026-05-20 23:45:00+05:30
wind_direction,250.05,2026-05-21 00:45:00+05:30
wind_direction,250.11,2026-05-21 01:00:00+05:30
wind_direction,249.89,2026-05-21 01:15:00+05:30
wind_direction,250.42,2026-05-21 01:30:00+05:30
wind_direction,250.95,2026-05-21 01:45:00+05:30
wind_direction,248.63,2026-05-21 02:00:00+05:30
wind_direction,237.32,2026-05-21 02:15:00+05:30
wind_direction,238.05,2026-05-21 02:30:00+05:30
wind_direction,238.11,2026-05-21 02:45:00+05:30
wind_direction,238.11,2026-05-21 03:00:00+05:30
wind_direction,238.11,2026-05-21 03:15:00+05:30
wind_direction,238.05,2026-05-21 03:30:00+05:30
wind_direction,238.05,2026-05-21 03:45:00+05:30
wind_direction,238.63,2026-05-21 04:15:00+05:30
wind_direction,241.42,2026-05-21 04:30:00+05:30
wind_direction,241.32,2026-05-21 04:45:00+05:30
wind_direction,241.84,2026-05-21 05:00:00+05:30
wind_direction,242.37,2026-05-21 05:15:00+05:30
wind_direction,242.67,2026-05-21 05:30:00+05:30
wind_direction,242.26,2026-05-21 05:45:00+05:30
wind_direction,234.83,2026-05-21 06:45:00+05:30
wind_direction,237.79,2026-05-21 07:00:00+05:30
wind_direction,240.47,2026-05-21 07:15:00+05:30
wind_direction,243.16,2026-05-21 07:30:00+05:30
wind_direction,242.32,2026-05-21 07:45:00+05:30
wind_direction,228.26,2026-05-21 08:00:00+05:30
wind_direction,248.16,2026-05-21 08:15:00+05:30
wind_direction,228.84,2026-05-21 08:30:00+05:30
wind_direction,272.11,2026-05-21 08:45:00+05:30
wind_direction,244.17,2026-05-21 09:00:00+05:30
wind_direction,223.79,2026-05-21 09:15:00+05:30
wind_direction,262.26,2026-05-21 09:30:00+05:30
wind_direction,224.16,2026-05-21 09:45:00+05:30
wind_direction,211.4,2026-05-21 10:00:00+05:30
wind_direction,252.47,2026-05-21 10:15:00+05:30
wind_direction,232.58,2026-05-21 10:30:00+05:30
wind_direction,283.58,2026-05-21 10:45:00+05:30
wind_direction,278.79,2026-05-21 11:00:00+05:30
wind_direction,241.47,2026-05-21 11:15:00+05:30
wind_direction,294.84,2026-05-21 11:30:00+05:30
wind_direction,271.84,2026-05-21 11:45:00+05:30
wind_direction,298.26,2026-05-21 12:00:00+05:30
wind_direction,298.0,2026-05-21 12:15:00+05:30
wind_direction,263.47,2026-05-21 12:30:00+05:30
wind_direction,266.47,2026-05-21 12:45:00+05:30
wind_direction,250.53,2026-05-21 13:00:00+05:30
wind_direction,194.11,2026-05-21 13:15:00+05:30
wind_direction,212.32,2026-05-21 13:30:00+05:30
wind_direction,185.42,2026-05-21 13:45:00+05:30
wind_direction,224.63,2026-05-21 14:30:00+05:30
wind_direction,297.21,2026-05-21 14:45:00+05:30
wind_direction,239.89,2026-05-21 15:00:00+05:30
wind_direction,151.37,2026-05-21 15:15:00+05:30
wind_direction,134.89,2026-05-21 15:30:00+05:30
wind_direction,208.58,2026-05-21 15:45:00+05:30
wind_direction,264.16,2026-05-21 16:00:00+05:30
wind_direction,77.37,2026-05-21 16:15:00+05:30
wind_direction,289.58,2026-05-21 16:30:00+05:30
wind_direction,297.05,2026-05-21 16:45:00+05:30
wind_direction,172.26,2026-05-21 17:00:00+05:30
wind_direction,106.58,2026-05-21 17:15:00+05:30
wind_direction,103.37,2026-05-21 17:30:00+05:30
wind_direction,103.68,2026-05-21 17:45:00+05:30
wind_direction,103.37,2026-05-21 18:00:00+05:30
wind_direction,103.32,2026-05-21 18:15:00+05:30
wind_direction,103.47,2026-05-21 18:30:00+05:30
wind_direction,103.58,2026-05-21 18:45:00+05:30
wind_direction,103.79,2026-05-21 19:00:00+05:30
wind_direction,103.89,2026-05-21 19:15:00+05:30
wind_direction,103.58,2026-05-21 19:30:00+05:30
wind_direction,103.42,2026-05-21 19:45:00+05:30
wind_direction,180.26,2026-05-21 20:00:00+05:30
wind_direction,197.16,2026-05-21 20:15:00+05:30
wind_direction,238.05,2026-05-21 20:30:00+05:30
wind_direction,241.42,2026-05-21 20:45:00+05:30
wind_direction,238.11,2026-05-21 21:00:00+05:30
wind_direction,236.37,2026-05-21 21:15:00+05:30
wind_direction,243.42,2026-05-21 21:30:00+05:30
wind_direction,243.44,2026-05-21 21:45:00+05:30
wind_direction,243.61,2026-05-21 22:00:00+05:30
wind_direction,243.68,2026-05-21 22:15:00+05:30
wind_direction,243.68,2026-05-21 22:30:00+05:30
wind_direction,243.16,2026-05-21 22:45:00+05:30
wind_direction,243.32,2026-05-21 23:00:00+05:30
wind_direction,243.42,2026-05-21 23:15:00+05:30
wind_direction,243.47,2026-05-21 23:30:00+05:30
wind_direction,243.47,2026-05-21 23:45:00+05:30
wind_direction,243.16,2026-05-22 00:45:00+05:30
wind_direction,243.47,2026-05-22 01:00:00+05:30
wind_direction,243.42,2026-05-22 01:15:00+05:30
wind_direction,258.0,2026-05-22 01:30:00+05:30
wind_direction,280.89,2026-05-22 01:45:00+05:30
wind_direction,282.26,2026-05-22 02:00:00+05:30
wind_direction,282.63,2026-05-22 02:15:00+05:30
wind_direction,282.47,2026-05-22 02:30:00+05:30
wind_direction,282.58,2026-05-22 02:45:00+05:30
wind_direction,282.58,2026-05-22 03:00:00+05:30
wind_direction,284.84,2026-05-22 03:15:00+05:30
wind_direction,205.47,2026-05-22 03:30:00+05:30
wind_direction,179.26,2026-05-22 03:45:00+05:30
wind_direction,102.0,2026-05-22 04:00:00+05:30
wind_direction,101.68,2026-05-22 04:15:00+05:30
wind_direction,101.79,2026-05-22 04:45:00+05:30
wind_direction,101.84,2026-05-22 05:00:00+05:30
wind_direction,101.74,2026-05-22 05:15:00+05:30
wind_direction,101.37,2026-05-22 05:30:00+05:30
wind_direction,238.79,2026-05-22 05:45:00+05:30
wind_direction,233.0,2026-05-22 06:00:00+05:30
wind_direction,239.0,2026-05-22 06:15:00+05:30
wind_direction,240.53,2026-05-22 06:30:00+05:30
wind_direction,237.37,2026-05-22 06:45:00+05:30
wind_direction,244.05,2026-05-22 07:00:00+05:30
wind_direction,234.37,2026-05-22 07:15:00+05:30
wind_direction,234.95,2026-05-22 07:30:00+05:30
wind_direction,228.22,2026-05-22 07:45:00+05:30
wind_direction,235.21,2026-05-22 08:00:00+05:30
wind_direction,236.84,2026-05-22 08:15:00+05:30
wind_direction,233.63,2026-05-22 08:30:00+05:30
wind_direction,247.0,2026-05-22 08:45:00+05:30
wind_direction,243.61,2026-05-22 09:00:00+05:30
wind_direction,244.0,2026-05-22 09:15:00+05:30
wind_direction,255.11,2026-05-22 09:30:00+05:30
wind_direction,226.16,2026-05-22 09:45:00+05:30
wind_direction,280.06,2026-05-22 11:45:00+05:30
wind_direction,166.89,2026-05-22 12:00:00+05:30
wind_direction,208.63,2026-05-22 12:15:00+05:30
wind_direction,235.47,2026-05-22 12:30:00+05:30
wind_direction,219.68,2026-05-22 12:45:00+05:30
wind_direction,211.95,2026-05-22 13:00:00+05:30
wind_direction,221.26,2026-05-22 13:15:00+05:30
wind_direction,159.84,2026-05-22 13:30:00+05:30
wind_direction,265.84,2026-05-22 13:45:00+05:30
wind_direction,289.11,2026-05-22 14:15:00+05:30
wind_direction,136.26,2026-05-22 14:30:00+05:30
wind_direction,260.61,2026-05-22 14:45:00+05:30
wind_direction,263.11,2026-05-22 15:00:00+05:30
wind_direction,299.47,2026-05-22 15:15:00+05:30
wind_direction,269.47,2026-05-22 15:30:00+05:30
wind_direction,291.37,2026-05-22 15:45:00+05:30
wind_direction,286.79,2026-05-22 16:00:00+05:30
wind_direction,251.37,2026-05-22 16:15:00+05:30
wind_direction,315.26,2026-05-22 16:30:00+05:30
wind_direction,305.05,2026-05-22 16:45:00+05:30
wind_direction,134.95,2026-05-22 17:15:00+05:30
wind_direction,54.47,2026-05-22 17:30:00+05:30
wind_direction,159.53,2026-05-22 17:45:00+05:30
wind_direction,152.21,2026-05-22 18:00:00+05:30
wind_direction,40.63,2026-05-22 18:15:00+05:30
wind_direction,95.95,2026-05-22 18:30:00+05:30
wind_direction,14.21,2026-05-22 18:45:00+05:30
wind_direction,16.22,2026-05-22 19:00:00+05:30
wind_direction,81.16,2026-05-22 19:15:00+05:30
wind_direction,210.63,2026-05-22 19:30:00+05:30
wind_direction,268.84,2026-05-22 19:45:00+05:30
wind_direction,263.21,2026-05-22 20:00:00+05:30
wind_direction,343.47,2026-05-22 20:15:00+05:30
wind_direction,343.89,2026-05-22 20:30:00+05:30
wind_direction,344.42,2026-05-22 20:45:00+05:30
wind_direction,355.0,2026-05-22 21:00:00+05:30
wind_direction,354.95,2026-05-22 21:15:00+05:30
wind_direction,354.89,2026-05-22 21:30:00+05:30
wind_direction,355.0,2026-05-22 21:45:00+05:30
wind_direction,355.0,2026-05-22 22:00:00+05:30
wind_direction,355.0,2026-05-22 22:15:00+05:30
wind_direction,355.0,2026-05-22 22:30:00+05:30
wind_direction,334.17,2026-05-22 22:45:00+05:30
wind_direction,324.16,2026-05-22 23:00:00+05:30
wind_direction,324.42,2026-05-22 23:15:00+05:30
wind_direction,324.16,2026-05-22 23:30:00+05:30
wind_direction,324.26,2026-05-22 23:45:00+05:30
wind_direction,324.0,2026-05-23 01:45:00+05:30
wind_direction,324.0,2026-05-23 02:00:00+05:30
wind_direction,324.0,2026-05-23 02:15:00+05:30
wind_direction,324.0,2026-05-23 02:30:00+05:30
wind_direction,324.11,2026-05-23 02:45:00+05:30
wind_direction,324.0,2026-05-23 03:00:00+05:30
wind_direction,324.0,2026-05-23 03:15:00+05:30
wind_direction,324.0,2026-05-23 03:30:00+05:30
wind_direction,324.0,2026-05-23 03:45:00+05:30
wind_direction,324.0,2026-05-23 04:00:00+05:30
wind_direction,323.89,2026-05-23 04:15:00+05:30
wind_direction,324.21,2026-05-23 04:30:00+05:30
wind_direction,286.11,2026-05-23 04:45:00+05:30
wind_direction,249.95,2026-05-23 05:00:00+05:30
wind_direction,249.89,2026-05-23 05:15:00+05:30
wind_direction,252.16,2026-05-23 05:30:00+05:30
wind_direction,280.68,2026-05-23 05:45:00+05:30
wind_direction,281.32,2026-05-23 06:00:00+05:30
wind_direction,281.37,2026-05-23 06:15:00+05:30
wind_direction,281.05,2026-05-23 06:30:00+05:30
wind_direction,281.33,2026-05-23 06:45:00+05:30
wind_direction,281.32,2026-05-23 07:00:00+05:30
wind_direction,281.16,2026-05-23 07:15:00+05:30
wind_direction,282.26,2026-05-23 07:30:00+05:30
wind_direction,237.84,2026-05-23 07:45:00+05:30
wind_direction,153.68,2026-05-23 08:00:00+05:30
wind_direction,119.95,2026-05-23 08:15:00+05:30
wind_direction,114.95,2026-05-23 08:30:00+05:30
wind_direction,113.68,2026-05-23 08:45:00+05:30
wind_direction,102.95,2026-05-23 09:00:00+05:30
wind_direction,98.0,2026-05-23 09:15:00+05:30
wind_direction,85.16,2026-05-23 09:30:00+05:30
wind_direction,9.74,2026-05-23 09:45:00+05:30
wind_direction,9.79,2026-05-23 10:00:00+05:30
wind_direction,84.11,2026-05-23 10:15:00+05:30
wind_direction,232.47,2026-05-23 10:30:00+05:30
wind_direction,212.68,2026-05-23 10:45:00+05:30
wind_direction,298.47,2026-05-23 11:00:00+05:30
wind_direction,318.79,2026-05-23 11:15:00+05:30
wind_direction,300.05,2026-05-23 11:30:00+05:30
wind_direction,311.95,2026-05-23 11:45:00+05:30
wind_direction,304.32,2026-05-23 12:00:00+05:30
wind_direction,316.84,2026-05-23 12:15:00+05:30
wind_direction,318.79,2026-05-23 12:30:00+05:30
wind_direction,281.32,2026-05-23 12:45:00+05:30
wind_direction,209.21,2026-05-23 13:00:00+05:30
wind_direction,233.95,2026-05-23 13:15:00+05:30
wind_direction,290.58,2026-05-23 13:30:00+05:30
wind_direction,248.89,2026-05-23 13:45:00+05:30
wind_direction,287.26,2026-05-23 14:00:00+05:30
wind_direction,300.21,2026-05-23 14:15:00+05:30
wind_direction,257.95,2026-05-23 14:30:00+05:30
wind_direction,278.58,2026-05-23 14:45:00+05:30
wind_direction,259.74,2026-05-23 15:15:00+05:30
wind_direction,312.42,2026-05-23 15:30:00+05:30
wind_direction,229.68,2026-05-23 15:45:00+05:30
wind_direction,318.42,2026-05-23 16:00:00+05:30
wind_direction,312.32,2026-05-23 16:15:00+05:30
wind_direction,288.85,2026-05-23 16:30:00+05:30
wind_direction,308.16,2026-05-23 16:45:00+05:30
wind_direction,326.0,2026-05-23 17:00:00+05:30
wind_direction,285.68,2026-05-23 17:15:00+05:30
wind_direction,297.74,2026-05-23 17:30:00+05:30
wind_direction,314.16,2026-05-23 17:45:00+05:30
wind_direction,296.68,2026-05-23 18:00:00+05:30
wind_direction,307.68,2026-05-23 18:15:00+05:30
wind_direction,308.32,2026-05-23 18:30:00+05:30
wind_direction,308.42,2026-05-23 18:45:00+05:30
wind_direction,213.68,2026-05-23 19:00:00+05:30
wind_direction,215.84,2026-05-23 19:15:00+05:30
wind_direction,234.0,2026-05-23 19:30:00+05:30
wind_direction,207.39,2026-05-23 19:45:00+05:30
wind_direction,260.21,2026-05-23 20:00:00+05:30
wind_direction,222.68,2026-05-23 20:15:00+05:30
wind_direction,246.63,2026-05-23 20:30:00+05:30
wind_direction,233.0,2026-05-23 20:45:00+05:30
wind_direction,231.68,2026-05-23 21:00:00+05:30
wind_direction,233.26,2026-05-23 21:15:00+05:30
wind_direction,236.11,2026-05-23 21:30:00+05:30
wind_direction,226.37,2026-05-23 21:45:00+05:30
wind_direction,229.26,2026-05-23 22:00:00+05:30
wind_direction,229.16,2026-05-23 22:15:00+05:30
wind_direction,229.42,2026-05-23 22:30:00+05:30
wind_direction,229.42,2026-05-23 22:45:00+05:30
wind_direction,229.63,2026-05-23 23:00:00+05:30
wind_direction,229.47,2026-05-23 23:15:00+05:30
wind_direction,229.53,2026-05-23 23:30:00+05:30
wind_direction,229.53,2026-05-23 23:45:00+05:30
wind_direction,229.16,2026-05-24 01:45:00+05:30
wind_direction,229.21,2026-05-24 02:00:00+05:30
wind_direction,229.11,2026-05-24 02:15:00+05:30
wind_direction,229.21,2026-05-24 02:30:00+05:30
wind_direction,229.11,2026-05-24 02:45:00+05:30
wind_direction,229.05,2026-05-24 03:00:00+05:30
wind_direction,229.05,2026-05-24 03:15:00+05:30
wind_direction,229.0,2026-05-24 03:30:00+05:30
wind_direction,229.21,2026-05-24 03:45:00+05:30
wind_direction,229.05,2026-05-24 04:00:00+05:30
wind_direction,229.16,2026-05-24 04:15:00+05:30
wind_direction,229.26,2026-05-24 04:30:00+05:30
wind_direction,229.26,2026-05-24 04:45:00+05:30
wind_direction,229.26,2026-05-24 05:00:00+05:30
wind_direction,229.47,2026-05-24 05:15:00+05:30
wind_direction,238.68,2026-05-24 05:30:00+05:30
wind_direction,241.79,2026-05-24 05:45:00+05:30
wind_direction,230.63,2026-05-24 06:00:00+05:30
wind_direction,219.58,2026-05-24 06:15:00+05:30
wind_direction,260.74,2026-05-24 06:30:00+05:30
wind_direction,260.0,2026-05-24 06:45:00+05:30
wind_direction,255.32,2026-05-24 07:00:00+05:30
wind_direction,243.84,2026-05-24 07:15:00+05:30
wind_direction,244.21,2026-05-24 07:30:00+05:30
wind_direction,244.0,2026-05-24 07:45:00+05:30
wind_direction,245.83,2026-05-24 08:00:00+05:30
wind_direction,246.8,2026-05-24 08:30:00+05:30
wind_direction,243.47,2026-05-24 08:45:00+05:30
wind_direction,243.79,2026-05-24 09:00:00+05:30
wind_direction,255.58,2026-05-24 09:15:00+05:30
wind_direction,284.2,2026-05-24 09:30:00+05:30
wind_direction,250.79,2026-05-24 09:45:00+05:30
wind_direction,299.89,2026-05-24 10:00:00+05:30
wind_direction,301.53,2026-05-24 10:15:00+05:30
wind_direction,256.32,2026-05-24 10:30:00+05:30
wind_direction,299.32,2026-05-24 10:45:00+05:30
wind_direction,297.84,2026-05-24 11:00:00+05:30
wind_direction,302.63,2026-05-24 11:15:00+05:30
wind_direction,306.21,2026-05-24 11:30:00+05:30
wind_direction,294.11,2026-05-24 11:45:00+05:30
wind_direction,276.0,2026-05-24 12:00:00+05:30
wind_direction,302.37,2026-05-24 12:15:00+05:30
wind_direction,286.26,2026-05-24 12:30:00+05:30
wind_direction,250.58,2026-05-24 12:45:00+05:30
wind_direction,182.37,2026-05-24 13:00:00+05:30
wind_direction,277.58,2026-05-24 13:15:00+05:30
wind_direction,288.95,2026-05-24 13:30:00+05:30
wind_direction,261.21,2026-05-24 13:45:00+05:30
wind_direction,292.16,2026-05-24 14:00:00+05:30
wind_direction,289.84,2026-05-24 14:15:00+05:30
wind_direction,268.74,2026-05-24 14:30:00+05:30
wind_direction,276.89,2026-05-24 14:45:00+05:30
wind_direction,290.58,2026-05-24 15:00:00+05:30
wind_direction,244.16,2026-05-24 15:15:00+05:30
wind_direction,267.32,2026-05-24 15:30:00+05:30
wind_direction,282.19,2026-05-24 15:45:00+05:30
wind_direction,271.94,2026-05-24 16:00:00+05:30
wind_direction,316.46,2026-05-24 16:15:00+05:30
wind_direction,215.53,2026-05-24 16:30:00+05:30
wind_direction,108.94,2026-05-24 16:45:00+05:30
wind_direction,207.27,2026-05-24 17:15:00+05:30
wind_direction,311.75,2026-05-24 17:30:00+05:30
wind_direction,309.5,2026-05-24 17:45:00+05:30
wind_direction,310.75,2026-05-24 18:00:00+05:30
wind_direction,311.25,2026-05-24 18:15:00+05:30
wind_direction,310.75,2026-05-24 18:30:00+05:30
wind_direction,311.0,2026-05-24 18:45:00+05:30
wind_direction,311.0,2026-05-24 19:00:00+05:30
wind_direction,310.75,2026-05-24 19:15:00+05:30
wind_direction,311.5,2026-05-24 19:45:00+05:30
wind_direction,357.75,2026-05-24 20:00:00+05:30
wind_direction,0.0,2026-05-24 20:15:00+05:30
wind_direction,0.0,2026-05-24 20:30:00+05:30
wind_direction,0.25,2026-05-24 20:45:00+05:30
wind_direction,2.75,2026-05-24 21:00:00+05:30
wind_direction,89.75,2026-05-24 21:15:00+05:30
wind_direction,89.25,2026-05-24 21:30:00+05:30
wind_direction,0.0,2026-05-24 21:45:00+05:30
wind_direction,0.0,2026-05-24 22:00:00+05:30
wind_direction,0.0,2026-05-24 22:15:00+05:30
wind_direction,0.0,2026-05-24 22:30:00+05:30
wind_direction,194.0,2026-05-24 22:45:00+05:30
wind_direction,144.25,2026-05-24 23:00:00+05:30
wind_direction,121.75,2026-05-24 23:15:00+05:30
wind_direction,122.25,2026-05-24 23:30:00+05:30
wind_direction,122.25,2026-05-24 23:45:00+05:30
wind_direction,122.0,2026-05-25 00:45:00+05:30
wind_direction,122.0,2026-05-25 01:00:00+05:30
wind_direction,122.0,2026-05-25 01:15:00+05:30
wind_direction,122.0,2026-05-25 01:30:00+05:30
wind_direction,122.0,2026-05-25 01:45:00+05:30
wind_direction,122.0,2026-05-25 02:00:00+05:30
wind_direction,122.0,2026-05-25 02:15:00+05:30
wind_direction,122.0,2026-05-25 02:30:00+05:30
wind_direction,122.0,2026-05-25 02:45:00+05:30
wind_direction,184.0,2026-05-25 03:00:00+05:30
wind_direction,241.75,2026-05-25 03:15:00+05:30
wind_direction,278.75,2026-05-25 03:30:00+05:30
wind_direction,258.75,2026-05-25 03:45:00+05:30
wind_direction,257.0,2026-05-25 04:00:00+05:30
wind_direction,260.0,2026-05-25 04:15:00+05:30
wind_direction,261.0,2026-05-25 04:30:00+05:30
wind_direction,261.5,2026-05-25 04:45:00+05:30
wind_direction,260.75,2026-05-25 05:00:00+05:30
wind_direction,261.25,2026-05-25 05:15:00+05:30
wind_direction,261.25,2026-05-25 05:30:00+05:30
wind_direction,260.75,2026-05-25 05:45:00+05:30
wind_direction,357.25,2026-05-25 06:00:00+05:30
wind_direction,357.75,2026-05-25 06:15:00+05:30
wind_direction,358.0,2026-05-25 06:30:00+05:30
wind_direction,358.0,2026-05-25 06:45:00+05:30
wind_direction,358.0,2026-05-25 07:00:00+05:30
wind_direction,357.75,2026-05-25 07:15:00+05:30
wind_direction,252.75,2026-05-25 07:30:00+05:30
wind_direction,244.0,2026-05-25 07:45:00+05:30
wind_direction,247.0,2026-05-25 08:00:00+05:30
wind_direction,268.25,2026-05-25 08:15:00+05:30
wind_direction,266.75,2026-05-25 08:30:00+05:30
wind_direction,240.75,2026-05-25 08:45:00+05:30
wind_direction,240.75,2026-05-25 09:00:00+05:30
wind_direction,245.0,2026-05-25 09:15:00+05:30
wind_direction,196.0,2026-05-25 09:30:00+05:30
wind_direction,250.25,2026-05-25 09:45:00+05:30
wind_direction,275.0,2026-05-25 10:00:00+05:30
wind_direction,224.25,2026-05-25 10:30:00+05:30
wind_direction,302.75,2026-05-25 10:45:00+05:30
wind_direction,229.57,2026-05-25 11:15:00+05:30
wind_direction,295.95,2026-05-25 12:45:00+05:30
wind_direction,160.05,2026-05-25 13:00:00+05:30
wind_direction,280.79,2026-05-25 13:15:00+05:30
wind_direction,201.05,2026-05-25 13:30:00+05:30
wind_direction,132.0,2026-05-25 13:45:00+05:30
wind_direction,177.72,2026-05-25 14:00:00+05:30
wind_direction,255.68,2026-05-25 14:15:00+05:30
wind_direction,188.84,2026-05-25 14:30:00+05:30
wind_direction,244.76,2026-05-25 15:00:00+05:30
wind_direction,226.32,2026-05-25 15:15:00+05:30
wind_direction,232.58,2026-05-25 15:30:00+05:30
wind_direction,289.47,2026-05-25 15:45:00+05:30
wind_direction,286.35,2026-05-25 16:00:00+05:30
wind_direction,302.05,2026-05-25 16:15:00+05:30
wind_direction,220.84,2026-05-25 16:30:00+05:30
wind_direction,225.11,2026-05-25 16:45:00+05:30
wind_direction,154.68,2026-05-25 17:00:00+05:30
wind_direction,299.95,2026-05-25 17:15:00+05:30
wind_direction,303.05,2026-05-25 17:45:00+05:30
wind_direction,294.58,2026-05-25 18:00:00+05:30
wind_direction,299.37,2026-05-25 18:15:00+05:30
wind_direction,309.79,2026-05-25 18:30:00+05:30
wind_direction,312.68,2026-05-25 18:45:00+05:30
wind_direction,312.58,2026-05-25 19:00:00+05:30
wind_direction,312.32,2026-05-25 19:15:00+05:30
wind_direction,312.53,2026-05-25 19:30:00+05:30
wind_direction,312.58,2026-05-25 19:45:00+05:30
wind_direction,316.58,2026-05-25 20:00:00+05:30
wind_direction,343.74,2026-05-25 20:15:00+05:30
wind_direction,343.84,2026-05-25 20:30:00+05:30
wind_direction,343.79,2026-05-25 20:45:00+05:30
wind_direction,343.79,2026-05-25 21:00:00+05:30
wind_direction,336.06,2026-05-25 21:15:00+05:30
wind_direction,308.16,2026-05-25 21:30:00+05:30
wind_direction,303.63,2026-05-25 21:45:00+05:30
wind_direction,306.84,2026-05-25 22:00:00+05:30
wind_direction,309.67,2026-05-25 22:15:00+05:30
wind_direction,309.68,2026-05-25 22:30:00+05:30
wind_direction,348.63,2026-05-25 22:45:00+05:30
wind_direction,358.0,2026-05-25 23:00:00+05:30
wind_direction,358.0,2026-05-25 23:15:00+05:30
wind_direction,358.0,2026-05-25 23:30:00+05:30
wind_direction,358.0,2026-05-25 23:45:00+05:30
wind_direction,358.0,2026-05-26 00:45:00+05:30
wind_direction,358.0,2026-05-26 01:00:00+05:30
wind_direction,358.0,2026-05-26 01:15:00+05:30
wind_direction,358.0,2026-05-26 01:30:00+05:30
wind_direction,358.0,2026-05-26 01:45:00+05:30
wind_direction,336.74,2026-05-26 02:00:00+05:30
wind_direction,322.05,2026-05-26 02:15:00+05:30
wind_direction,322.0,2026-05-26 02:30:00+05:30
wind_direction,322.0,2026-05-26 02:45:00+05:30
wind_direction,322.0,2026-05-26 03:00:00+05:30
wind_direction,322.05,2026-05-26 03:15:00+05:30
wind_direction,321.9,2026-05-26 03:30:00+05:30
wind_direction,322.0,2026-05-26 03:45:00+05:30
wind_direction,322.0,2026-05-26 04:00:00+05:30
wind_direction,322.0,2026-05-26 04:15:00+05:30
wind_direction,322.0,2026-05-26 04:30:00+05:30
wind_direction,322.26,2026-05-26 04:45:00+05:30
wind_direction,322.22,2026-05-26 05:00:00+05:30
wind_direction,322.0,2026-05-26 05:15:00+05:30
wind_direction,322.22,2026-05-26 05:30:00+05:30
wind_direction,322.0,2026-05-26 05:45:00+05:30
wind_direction,322.25,2026-05-26 06:00:00+05:30
wind_direction,322.0,2026-05-26 06:15:00+05:30
wind_direction,322.25,2026-05-26 06:30:00+05:30
wind_direction,179.0,2026-05-26 06:45:00+05:30
wind_direction,334.75,2026-05-26 07:00:00+05:30
wind_direction,347.0,2026-05-26 07:15:00+05:30
wind_direction,339.0,2026-05-26 07:30:00+05:30
wind_direction,323.75,2026-05-26 07:45:00+05:30
wind_direction,242.25,2026-05-26 08:00:00+05:30
wind_direction,245.5,2026-05-26 08:15:00+05:30
wind_direction,234.5,2026-05-26 08:30:00+05:30
wind_direction,237.0,2026-05-26 08:45:00+05:30
wind_direction,193.75,2026-05-26 09:00:00+05:30
wind_direction,190.75,2026-05-26 09:15:00+05:30
wind_direction,253.21,2026-05-26 10:45:00+05:30
wind_direction,254.53,2026-05-26 11:15:00+05:30
wind_direction,257.74,2026-05-26 11:30:00+05:30
wind_direction,233.21,2026-05-26 11:45:00+05:30
wind_direction,272.74,2026-05-26 12:00:00+05:30
wind_direction,291.89,2026-05-26 12:15:00+05:30
wind_direction,306.58,2026-05-26 12:30:00+05:30
wind_direction,222.68,2026-05-26 12:45:00+05:30
wind_direction,251.16,2026-05-26 13:00:00+05:30
wind_direction,260.68,2026-05-26 13:15:00+05:30
wind_direction,268.84,2026-05-26 13:30:00+05:30
wind_direction,295.74,2026-05-26 13:45:00+05:30
wind_direction,275.37,2026-05-26 14:00:00+05:30
wind_direction,203.74,2026-05-26 14:15:00+05:30
wind_direction,280.21,2026-05-26 14:30:00+05:30
wind_direction,184.79,2026-05-26 15:00:00+05:30
wind_direction,283.79,2026-05-26 15:15:00+05:30
wind_direction,298.05,2026-05-26 15:45:00+05:30
wind_direction,186.79,2026-05-26 16:00:00+05:30
wind_direction,296.79,2026-05-26 16:15:00+05:30
wind_direction,264.84,2026-05-26 16:30:00+05:30
wind_direction,211.79,2026-05-26 16:45:00+05:30
wind_direction,240.0,2026-05-26 17:00:00+05:30
wind_direction,307.21,2026-05-26 17:15:00+05:30
wind_direction,303.47,2026-05-26 17:30:00+05:30
wind_direction,301.74,2026-05-26 17:45:00+05:30
wind_direction,308.11,2026-05-26 18:00:00+05:30
wind_direction,310.42,2026-05-26 18:15:00+05:30
wind_direction,317.0,2026-05-26 18:30:00+05:30
wind_direction,313.58,2026-05-26 18:45:00+05:30
wind_direction,315.47,2026-05-26 19:00:00+05:30
wind_direction,315.95,2026-05-26 19:15:00+05:30
wind_direction,315.89,2026-05-26 19:30:00+05:30
wind_direction,315.95,2026-05-26 19:45:00+05:30
wind_direction,316.05,2026-05-26 20:15:00+05:30
wind_direction,315.37,2026-05-26 20:30:00+05:30
wind_direction,315.68,2026-05-26 20:45:00+05:30
wind_direction,315.79,2026-05-26 21:30:00+05:30
wind_direction,315.89,2026-05-26 21:45:00+05:30
wind_direction,315.63,2026-05-26 22:00:00+05:30
wind_direction,315.74,2026-05-26 22:15:00+05:30
wind_direction,315.95,2026-05-26 22:30:00+05:30
wind_direction,315.84,2026-05-26 22:45:00+05:30
wind_direction,316.11,2026-05-26 23:00:00+05:30
wind_direction,315.74,2026-05-26 23:15:00+05:30
wind_direction,315.89,2026-05-26 23:30:00+05:30
wind_direction,274.79,2026-05-26 23:45:00+05:30
wind_direction,188.0,2026-05-27 00:45:00+05:30
wind_direction,188.05,2026-05-27 01:00:00+05:30
wind_direction,188.11,2026-05-27 01:15:00+05:30
wind_direction,188.0,2026-05-27 01:30:00+05:30
wind_direction,187.95,2026-05-27 01:45:00+05:30
wind_direction,188.05,2026-05-27 02:00:00+05:30
wind_direction,187.95,2026-05-27 02:15:00+05:30
wind_direction,188.0,2026-05-27 02:30:00+05:30
wind_direction,188.0,2026-05-27 02:45:00+05:30
wind_direction,188.0,2026-05-27 03:00:00+05:30
wind_direction,188.05,2026-05-27 03:15:00+05:30
wind_direction,187.95,2026-05-27 03:30:00+05:30
wind_direction,188.05,2026-05-27 03:45:00+05:30
wind_direction,187.84,2026-05-27 04:00:00+05:30
wind_direction,188.0,2026-05-27 04:15:00+05:30
wind_direction,188.47,2026-05-27 04:30:00+05:30
wind_direction,188.32,2026-05-27 04:45:00+05:30
wind_direction,188.21,2026-05-27 05:00:00+05:30
wind_direction,188.26,2026-05-27 05:15:00+05:30
wind_direction,183.89,2026-05-27 05:30:00+05:30
wind_direction,166.84,2026-05-27 05:45:00+05:30
wind_direction,167.16,2026-05-27 06:00:00+05:30
wind_direction,167.0,2026-05-27 06:15:00+05:30
wind_direction,167.05,2026-05-27 06:30:00+05:30
wind_direction,166.74,2026-05-27 06:45:00+05:30
wind_direction,183.94,2026-05-27 07:00:00+05:30
wind_direction,191.68,2026-05-27 07:15:00+05:30
wind_direction,192.74,2026-05-27 07:30:00+05:30
wind_direction,194.21,2026-05-27 07:45:00+05:30
wind_direction,193.95,2026-05-27 08:00:00+05:30
wind_direction,99.74,2026-05-27 08:15:00+05:30
wind_direction,167.58,2026-05-27 08:30:00+05:30
wind_direction,249.68,2026-05-27 08:45:00+05:30
wind_direction,149.58,2026-05-27 09:00:00+05:30
wind_direction,259.37,2026-05-27 09:15:00+05:30
wind_direction,236.21,2026-05-27 09:30:00+05:30
wind_direction,282.84,2026-05-27 09:45:00+05:30
wind_direction,247.95,2026-05-27 10:00:00+05:30
wind_direction,223.68,2026-05-27 10:15:00+05:30
wind_direction,175.37,2026-05-27 10:30:00+05:30
wind_direction,219.0,2026-05-27 10:45:00+05:30
wind_direction,275.37,2026-05-27 11:00:00+05:30
wind_direction,240.11,2026-05-27 11:15:00+05:30
wind_direction,274.74,2026-05-27 11:30:00+05:30
wind_direction,243.21,2026-05-27 12:00:00+05:30
wind_direction,303.79,2026-05-27 12:15:00+05:30
wind_direction,286.68,2026-05-27 12:30:00+05:30
wind_direction,251.26,2026-05-27 12:45:00+05:30
wind_direction,305.21,2026-05-27 17:45:00+05:30
wind_direction,302.05,2026-05-27 18:00:00+05:30
wind_direction,304.53,2026-05-27 18:15:00+05:30
wind_direction,310.89,2026-05-27 18:30:00+05:30
wind_direction,311.0,2026-05-27 18:45:00+05:30
wind_direction,311.47,2026-05-27 19:00:00+05:30
wind_direction,311.32,2026-05-27 19:15:00+05:30
wind_direction,311.05,2026-05-27 19:30:00+05:30
wind_direction,310.95,2026-05-27 19:45:00+05:30
wind_direction,311.32,2026-05-27 20:00:00+05:30
wind_direction,311.26,2026-05-27 20:15:00+05:30
wind_direction,311.16,2026-05-27 20:30:00+05:30
wind_direction,311.0,2026-05-27 20:45:00+05:30
wind_direction,311.16,2026-05-27 21:00:00+05:30
wind_direction,310.95,2026-05-27 21:15:00+05:30
wind_direction,311.32,2026-05-27 21:30:00+05:30
wind_direction,311.47,2026-05-27 21:45:00+05:30
wind_direction,311.53,2026-05-27 22:00:00+05:30
wind_direction,311.16,2026-05-27 22:15:00+05:30
wind_direction,311.37,2026-05-27 22:30:00+05:30
wind_direction,311.47,2026-05-27 22:45:00+05:30
wind_direction,311.21,2026-05-27 23:00:00+05:30
wind_direction,311.21,2026-05-27 23:15:00+05:30
wind_direction,311.05,2026-05-27 23:30:00+05:30
wind_direction,311.26,2026-05-27 23:45:00+05:30
wind_direction,311.0,2026-05-28 00:45:00+05:30
wind_direction,311.0,2026-05-28 01:00:00+05:30
wind_direction,311.05,2026-05-28 01:15:00+05:30
wind_direction,311.05,2026-05-28 01:30:00+05:30
wind_direction,311.0,2026-05-28 01:45:00+05:30
wind_direction,181.84,2026-05-28 02:00:00+05:30
wind_direction,114.05,2026-05-28 02:15:00+05:30
wind_direction,113.58,2026-05-28 02:30:00+05:30
wind_direction,135.11,2026-05-28 02:45:00+05:30
wind_direction,124.95,2026-05-28 03:00:00+05:30
wind_direction,125.0,2026-05-28 03:15:00+05:30
wind_direction,117.32,2026-05-28 03:30:00+05:30
wind_direction,94.58,2026-05-28 03:45:00+05:30
wind_direction,128.63,2026-05-28 04:00:00+05:30
wind_direction,153.74,2026-05-28 04:15:00+05:30
wind_direction,204.95,2026-05-28 04:30:00+05:30
wind_direction,304.42,2026-05-28 04:45:00+05:30
wind_direction,301.63,2026-05-28 05:00:00+05:30
wind_direction,317.26,2026-05-28 05:15:00+05:30
wind_direction,317.42,2026-05-28 05:30:00+05:30
wind_direction,317.78,2026-05-28 05:45:00+05:30
wind_direction,23.68,2026-05-28 06:00:00+05:30
wind_direction,120.11,2026-05-28 06:15:00+05:30
wind_direction,58.16,2026-05-28 06:30:00+05:30
wind_direction,25.39,2026-05-28 06:45:00+05:30
wind_direction,148.37,2026-05-28 07:00:00+05:30
wind_direction,136.37,2026-05-28 07:15:00+05:30
wind_direction,164.63,2026-05-28 07:30:00+05:30
wind_direction,167.58,2026-05-28 07:45:00+05:30
wind_direction,190.21,2026-05-28 08:00:00+05:30
wind_direction,178.47,2026-05-28 08:15:00+05:30
wind_direction,169.21,2026-05-28 08:30:00+05:30
wind_direction,180.32,2026-05-28 08:45:00+05:30
wind_direction,169.42,2026-05-28 09:00:00+05:30
wind_direction,159.21,2026-05-28 09:15:00+05:30
wind_direction,178.21,2026-05-28 09:30:00+05:30
wind_direction,153.42,2026-05-28 09:45:00+05:30
wind_direction,131.32,2026-05-28 10:00:00+05:30
wind_direction,171.16,2026-05-28 10:15:00+05:30
wind_direction,180.21,2026-05-28 10:30:00+05:30
wind_direction,179.84,2026-05-28 10:45:00+05:30
wind_direction,189.95,2026-05-28 11:00:00+05:30
wind_direction,170.42,2026-05-28 11:15:00+05:30
wind_direction,147.26,2026-05-28 11:30:00+05:30
wind_direction,142.21,2026-05-28 11:45:00+05:30
wind_direction,151.21,2026-05-28 12:00:00+05:30
wind_direction,102.89,2026-05-28 12:15:00+05:30
wind_direction,120.42,2026-05-28 12:30:00+05:30
wind_direction,106.58,2026-05-28 12:45:00+05:30
wind_direction,180.37,2026-05-28 13:00:00+05:30
wind_direction,187.37,2026-05-28 13:15:00+05:30
wind_direction,146.42,2026-05-28 13:30:00+05:30
wind_direction,164.26,2026-05-28 13:45:00+05:30
wind_direction,146.74,2026-05-28 14:00:00+05:30
wind_direction,147.53,2026-05-28 14:15:00+05:30
wind_direction,190.58,2026-05-28 14:30:00+05:30
wind_direction,173.58,2026-05-28 14:45:00+05:30
wind_direction,191.84,2026-05-28 15:00:00+05:30
wind_direction,159.84,2026-05-28 15:15:00+05:30
wind_direction,148.44,2026-05-28 15:30:00+05:30
wind_direction,207.32,2026-05-28 15:45:00+05:30
wind_direction,139.68,2026-05-28 16:15:00+05:30
wind_direction,162.79,2026-05-28 16:45:00+05:30
wind_direction,121.47,2026-05-28 17:15:00+05:30
wind_direction,191.63,2026-05-28 17:30:00+05:30
wind_direction,224.06,2026-05-28 17:45:00+05:30
wind_direction,139.53,2026-05-28 18:45:00+05:30
wind_direction,148.79,2026-05-28 19:00:00+05:30
wind_direction,145.0,2026-05-28 19:15:00+05:30
wind_direction,215.68,2026-05-28 19:30:00+05:30
wind_direction,193.47,2026-05-28 19:45:00+05:30
wind_direction,246.0,2026-05-28 20:45:00+05:30
wind_direction,152.32,2026-05-28 22:45:00+05:30
wind_direction,127.68,2026-05-28 23:00:00+05:30
wind_direction,140.89,2026-05-28 23:15:00+05:30
wind_direction,139.95,2026-05-28 23:30:00+05:30
wind_direction,126.05,2026-05-28 23:45:00+05:30
wind_direction,132.42,2026-05-29 00:45:00+05:30
wind_direction,129.16,2026-05-29 01:00:00+05:30
wind_direction,95.95,2026-05-29 01:15:00+05:30
wind_direction,170.11,2026-05-29 01:30:00+05:30
wind_direction,272.79,2026-05-29 01:45:00+05:30
wind_direction,157.11,2026-05-29 02:00:00+05:30
wind_direction,152.63,2026-05-29 02:15:00+05:30
wind_direction,179.21,2026-05-29 02:30:00+05:30
wind_direction,127.47,2026-05-29 02:45:00+05:30
wind_direction,146.37,2026-05-29 03:00:00+05:30
wind_direction,86.26,2026-05-29 03:15:00+05:30
wind_direction,174.32,2026-05-29 03:30:00+05:30
wind_direction,188.63,2026-05-29 03:45:00+05:30
wind_direction,146.58,2026-05-29 04:00:00+05:30
wind_direction,200.58,2026-05-29 04:15:00+05:30
wind_direction,168.21,2026-05-29 04:30:00+05:30
wind_direction,191.53,2026-05-29 04:45:00+05:30
wind_direction,213.11,2026-05-29 05:00:00+05:30
wind_direction,196.32,2026-05-29 05:15:00+05:30
wind_direction,194.21,2026-05-29 05:30:00+05:30
wind_direction,178.68,2026-05-29 05:45:00+05:30
wind_direction,181.61,2026-05-29 06:00:00+05:30
wind_direction,173.63,2026-05-29 06:15:00+05:30
wind_direction,180.79,2026-05-29 06:30:00+05:30
wind_direction,164.11,2026-05-29 06:45:00+05:30
wind_direction,185.63,2026-05-29 07:00:00+05:30
wind_direction,153.95,2026-05-29 07:15:00+05:30
wind_direction,146.74,2026-05-29 07:30:00+05:30
wind_direction,150.63,2026-05-29 07:45:00+05:30
wind_direction,157.11,2026-05-29 08:00:00+05:30
wind_direction,145.63,2026-05-29 08:15:00+05:30
wind_direction,163.84,2026-05-29 08:30:00+05:30
wind_direction,149.89,2026-05-29 08:45:00+05:30
wind_direction,176.47,2026-05-29 09:00:00+05:30
wind_direction,159.58,2026-05-29 09:15:00+05:30
wind_direction,171.26,2026-05-29 09:30:00+05:30
wind_direction,160.05,2026-05-29 09:45:00+05:30
wind_direction,172.32,2026-05-29 10:00:00+05:30
wind_direction,145.89,2026-05-29 10:15:00+05:30
wind_direction,115.32,2026-05-29 10:30:00+05:30
wind_direction,138.37,2026-05-29 10:45:00+05:30
wind_direction,154.33,2026-05-29 11:00:00+05:30
wind_direction,132.89,2026-05-29 11:15:00+05:30
wind_direction,143.05,2026-05-29 11:30:00+05:30
wind_direction,133.89,2026-05-29 11:45:00+05:30
wind_direction,134.42,2026-05-29 13:00:00+05:30
wind_direction,158.42,2026-05-29 13:15:00+05:30
wind_direction,157.84,2026-05-29 13:30:00+05:30
wind_direction,139.89,2026-05-29 13:45:00+05:30
wind_direction,130.11,2026-05-29 14:00:00+05:30
wind_direction,147.0,2026-05-29 14:15:00+05:30
wind_direction,162.86,2026-05-29 14:30:00+05:30
wind_direction,144.74,2026-05-29 15:45:00+05:30
wind_direction,142.68,2026-05-29 16:00:00+05:30
wind_direction,136.68,2026-05-29 16:15:00+05:30
wind_direction,128.32,2026-05-29 16:30:00+05:30
wind_direction,146.26,2026-05-29 16:45:00+05:30
wind_direction,137.94,2026-05-29 17:00:00+05:30
wind_direction,142.26,2026-05-29 17:15:00+05:30
wind_direction,141.85,2026-05-29 17:30:00+05:30
wind_direction,158.0,2026-05-29 17:45:00+05:30
wind_direction,137.89,2026-05-29 18:00:00+05:30
wind_direction,144.79,2026-05-29 18:15:00+05:30
wind_direction,138.16,2026-05-29 18:30:00+05:30
wind_direction,134.11,2026-05-29 18:45:00+05:30
wind_direction,124.74,2026-05-29 19:00:00+05:30
wind_direction,202.0,2026-05-29 19:15:00+05:30
wind_direction,143.84,2026-05-29 19:30:00+05:30
wind_direction,124.74,2026-05-29 19:45:00+05:30
wind_direction,149.42,2026-05-29 20:00:00+05:30
wind_direction,137.16,2026-05-29 20:15:00+05:30
wind_direction,131.79,2026-05-29 20:30:00+05:30
wind_direction,154.0,2026-05-29 20:45:00+05:30
wind_direction,138.05,2026-05-29 21:00:00+05:30
wind_direction,148.84,2026-05-29 21:15:00+05:30
wind_direction,136.63,2026-05-29 21:30:00+05:30
wind_direction,133.95,2026-05-29 21:45:00+05:30
wind_direction,138.95,2026-05-29 22:00:00+05:30
wind_direction,144.79,2026-05-29 22:15:00+05:30
wind_direction,153.89,2026-05-29 22:30:00+05:30
wind_direction,143.0,2026-05-29 22:45:00+05:30
wind_direction,136.53,2026-05-29 23:00:00+05:30
wind_direction,168.32,2026-05-29 23:15:00+05:30
wind_direction,149.95,2026-05-29 23:30:00+05:30
wind_direction,148.53,2026-05-29 23:45:00+05:30
wind_direction,163.68,2026-05-30 00:45:00+05:30
wind_direction,129.21,2026-05-30 01:00:00+05:30
wind_direction,148.0,2026-05-30 01:15:00+05:30
wind_direction,150.42,2026-05-30 01:30:00+05:30
wind_direction,148.47,2026-05-30 01:45:00+05:30
wind_direction,143.84,2026-05-30 02:00:00+05:30
wind_direction,139.21,2026-05-30 02:15:00+05:30
wind_direction,153.74,2026-05-30 02:30:00+05:30
wind_direction,186.53,2026-05-30 02:45:00+05:30
wind_direction,152.95,2026-05-30 03:00:00+05:30
wind_direction,144.58,2026-05-30 03:15:00+05:30
wind_direction,133.21,2026-05-30 03:30:00+05:30
wind_direction,149.05,2026-05-30 03:45:00+05:30
wind_direction,141.32,2026-05-30 04:00:00+05:30
wind_direction,138.68,2026-05-30 04:15:00+05:30
wind_direction,162.32,2026-05-30 04:30:00+05:30
wind_direction,208.0,2026-05-30 04:45:00+05:30
wind_direction,171.32,2026-05-30 05:00:00+05:30
wind_direction,155.95,2026-05-30 05:15:00+05:30
wind_direction,137.47,2026-05-30 05:30:00+05:30
wind_direction,153.53,2026-05-30 05:45:00+05:30
wind_direction,156.95,2026-05-30 06:00:00+05:30
wind_direction,149.95,2026-05-30 06:15:00+05:30
wind_direction,162.05,2026-05-30 06:30:00+05:30
wind_direction,141.95,2026-05-30 06:45:00+05:30
wind_direction,138.32,2026-05-30 07:00:00+05:30
wind_direction,142.42,2026-05-30 07:15:00+05:30
wind_direction,158.89,2026-05-30 07:30:00+05:30
wind_direction,158.42,2026-05-30 07:45:00+05:30
wind_direction,148.89,2026-05-30 08:00:00+05:30
wind_direction,165.95,2026-05-30 08:15:00+05:30
wind_direction,161.32,2026-05-30 08:30:00+05:30
wind_direction,144.0,2026-05-30 08:45:00+05:30
wind_direction,143.95,2026-05-30 09:00:00+05:30
wind_direction,142.21,2026-05-30 09:15:00+05:30
wind_direction,148.21,2026-05-30 09:30:00+05:30
wind_direction,149.16,2026-05-30 09:45:00+05:30
wind_direction,171.05,2026-05-30 10:00:00+05:30
wind_direction,136.05,2026-05-30 10:15:00+05:30
wind_direction,167.84,2026-05-30 10:30:00+05:30
wind_direction,186.79,2026-05-30 10:45:00+05:30
wind_direction,148.53,2026-05-30 11:00:00+05:30
wind_direction,160.42,2026-05-30 11:15:00+05:30
wind_direction,143.89,2026-05-30 11:30:00+05:30
wind_direction,180.42,2026-05-30 11:45:00+05:30
wind_direction,138.58,2026-05-30 12:00:00+05:30
wind_direction,189.42,2026-05-30 12:15:00+05:30
wind_direction,164.84,2026-05-30 12:30:00+05:30
wind_direction,182.84,2026-05-30 12:45:00+05:30
wind_direction,137.26,2026-05-30 13:00:00+05:30
wind_direction,156.63,2026-05-30 13:15:00+05:30
wind_direction,161.58,2026-05-30 13:30:00+05:30
wind_direction,156.05,2026-05-30 14:00:00+05:30
wind_direction,155.0,2026-05-30 14:15:00+05:30
wind_direction,193.68,2026-05-30 14:30:00+05:30
wind_direction,123.22,2026-05-30 14:45:00+05:30
wind_direction,133.11,2026-05-30 15:00:00+05:30
wind_direction,254.0,2026-05-30 15:15:00+05:30
wind_direction,317.89,2026-05-30 15:30:00+05:30
wind_direction,292.58,2026-05-30 15:45:00+05:30
wind_direction,278.58,2026-05-30 16:00:00+05:30
wind_direction,299.68,2026-05-30 16:15:00+05:30
wind_direction,293.89,2026-05-30 16:30:00+05:30
wind_direction,311.05,2026-05-30 16:45:00+05:30
wind_direction,301.37,2026-05-30 17:00:00+05:30
wind_direction,234.26,2026-05-30 17:15:00+05:30
wind_direction,159.89,2026-05-30 17:30:00+05:30
wind_direction,116.16,2026-05-30 17:45:00+05:30
wind_direction,158.0,2026-05-30 18:00:00+05:30
wind_direction,141.89,2026-05-30 18:15:00+05:30
wind_direction,140.21,2026-05-30 18:30:00+05:30
wind_direction,192.63,2026-05-30 18:45:00+05:30
wind_direction,176.47,2026-05-30 19:00:00+05:30
wind_direction,133.53,2026-05-30 19:15:00+05:30
wind_direction,133.89,2026-05-30 19:30:00+05:30
wind_direction,89.05,2026-05-30 19:45:00+05:30
wind_direction,202.21,2026-05-30 20:00:00+05:30
wind_direction,143.37,2026-05-30 20:15:00+05:30
wind_direction,56.63,2026-05-30 20:30:00+05:30
wind_direction,34.84,2026-05-30 20:45:00+05:30
wind_direction,133.47,2026-05-30 21:00:00+05:30
wind_direction,184.47,2026-05-30 21:15:00+05:30
wind_direction,105.16,2026-05-30 21:30:00+05:30
wind_direction,176.74,2026-05-30 21:45:00+05:30
wind_direction,168.79,2026-05-30 22:00:00+05:30
wind_direction,190.11,2026-05-30 22:15:00+05:30
wind_direction,162.79,2026-05-30 22:30:00+05:30
wind_direction,161.68,2026-05-30 22:45:00+05:30
wind_direction,149.95,2026-05-30 23:00:00+05:30
wind_direction,183.63,2026-05-30 23:15:00+05:30
wind_direction,134.11,2026-05-30 23:30:00+05:30
wind_direction,163.68,2026-05-30 23:45:00+05:30
wind_direction,133.84,2026-05-31 00:45:00+05:30
wind_direction,119.05,2026-05-31 01:00:00+05:30
wind_direction,98.84,2026-05-31 01:15:00+05:30
wind_direction,178.32,2026-05-31 01:30:00+05:30
wind_direction,182.53,2026-05-31 01:45:00+05:30
wind_direction,167.16,2026-05-31 02:00:00+05:30
wind_direction,168.53,2026-05-31 02:15:00+05:30
wind_direction,142.26,2026-05-31 02:30:00+05:30
wind_speed,0.0,2026-05-19 05:45:00+05:30
wind_speed,0.0,2026-05-19 06:00:00+05:30
wind_speed,0.0,2026-05-19 06:15:00+05:30
wind_speed,0.0,2026-05-19 06:30:00+05:30
wind_speed,0.0,2026-05-19 06:45:00+05:30
wind_speed,0.0,2026-05-19 07:00:00+05:30
wind_speed,0.0,2026-05-19 07:15:00+05:30
wind_speed,0.26,2026-05-19 07:30:00+05:30
wind_speed,0.63,2026-05-19 07:45:00+05:30
wind_speed,0.58,2026-05-19 08:00:00+05:30
wind_speed,0.79,2026-05-19 08:15:00+05:30
wind_speed,0.26,2026-05-19 08:30:00+05:30
wind_speed,0.37,2026-05-19 08:45:00+05:30
wind_speed,1.11,2026-05-19 09:00:00+05:30
wind_speed,0.53,2026-05-19 09:15:00+05:30
wind_speed,0.53,2026-05-19 09:30:00+05:30
wind_speed,1.11,2026-05-19 09:45:00+05:30
wind_speed,1.05,2026-05-19 10:00:00+05:30
wind_speed,1.47,2026-05-19 10:15:00+05:30
wind_speed,2.0,2026-05-19 10:30:00+05:30
wind_speed,2.16,2026-05-19 10:45:00+05:30
wind_speed,1.79,2026-05-19 11:00:00+05:30
wind_speed,1.79,2026-05-19 11:30:00+05:30
wind_speed,2.42,2026-05-19 11:45:00+05:30
wind_speed,2.16,2026-05-19 12:00:00+05:30
wind_speed,2.84,2026-05-19 12:15:00+05:30
wind_speed,2.53,2026-05-19 12:30:00+05:30
wind_speed,1.89,2026-05-19 12:45:00+05:30
wind_speed,1.21,2026-05-19 13:00:00+05:30
wind_speed,1.21,2026-05-19 13:15:00+05:30
wind_speed,1.16,2026-05-19 13:30:00+05:30
wind_speed,1.05,2026-05-19 13:45:00+05:30
wind_speed,2.32,2026-05-19 14:45:00+05:30
wind_speed,1.68,2026-05-19 15:00:00+05:30
wind_speed,1.21,2026-05-19 15:15:00+05:30
wind_speed,1.37,2026-05-19 15:30:00+05:30
wind_speed,2.79,2026-05-19 15:45:00+05:30
wind_speed,1.95,2026-05-19 16:00:00+05:30
wind_speed,1.05,2026-05-19 16:15:00+05:30
wind_speed,0.84,2026-05-19 16:30:00+05:30
wind_speed,0.16,2026-05-19 16:45:00+05:30
wind_speed,0.37,2026-05-19 17:00:00+05:30
wind_speed,0.21,2026-05-19 17:15:00+05:30
wind_speed,0.68,2026-05-19 17:30:00+05:30
wind_speed,0.0,2026-05-19 17:45:00+05:30
wind_speed,0.0,2026-05-19 18:00:00+05:30
wind_speed,0.0,2026-05-19 18:15:00+05:30
wind_speed,0.0,2026-05-19 18:30:00+05:30
wind_speed,0.0,2026-05-19 18:45:00+05:30
wind_speed,0.0,2026-05-19 19:00:00+05:30
wind_speed,0.0,2026-05-19 19:15:00+05:30
wind_speed,0.0,2026-05-19 19:30:00+05:30
wind_speed,0.0,2026-05-19 19:45:00+05:30
wind_speed,0.0,2026-05-19 20:15:00+05:30
wind_speed,0.0,2026-05-19 20:30:00+05:30
wind_speed,0.0,2026-05-19 20:45:00+05:30
wind_speed,0.0,2026-05-19 21:00:00+05:30
wind_speed,0.0,2026-05-19 21:15:00+05:30
wind_speed,0.0,2026-05-19 21:30:00+05:30
wind_speed,0.0,2026-05-19 21:45:00+05:30
wind_speed,0.0,2026-05-19 22:00:00+05:30
wind_speed,0.0,2026-05-19 22:15:00+05:30
wind_speed,0.0,2026-05-19 22:30:00+05:30
wind_speed,0.0,2026-05-19 22:45:00+05:30
wind_speed,0.0,2026-05-19 23:00:00+05:30
wind_speed,0.0,2026-05-19 23:15:00+05:30
wind_speed,0.0,2026-05-19 23:30:00+05:30
wind_speed,0.0,2026-05-19 23:45:00+05:30
wind_speed,0.0,2026-05-20 00:45:00+05:30
wind_speed,0.0,2026-05-20 01:00:00+05:30
wind_speed,0.0,2026-05-20 01:15:00+05:30
wind_speed,0.0,2026-05-20 01:30:00+05:30
wind_speed,0.0,2026-05-20 01:45:00+05:30
wind_speed,0.0,2026-05-20 02:00:00+05:30
wind_speed,0.0,2026-05-20 02:15:00+05:30
wind_speed,0.0,2026-05-20 02:30:00+05:30
wind_speed,0.0,2026-05-20 02:45:00+05:30
wind_speed,0.0,2026-05-20 03:00:00+05:30
wind_speed,0.0,2026-05-20 03:15:00+05:30
wind_speed,0.0,2026-05-20 03:30:00+05:30
wind_speed,0.0,2026-05-20 03:45:00+05:30
wind_speed,0.0,2026-05-20 04:00:00+05:30
wind_speed,0.0,2026-05-20 04:15:00+05:30
wind_speed,0.0,2026-05-20 04:30:00+05:30
wind_speed,0.0,2026-05-20 04:45:00+05:30
wind_speed,0.0,2026-05-20 05:00:00+05:30
wind_speed,0.0,2026-05-20 05:15:00+05:30
wind_speed,0.0,2026-05-20 05:30:00+05:30
wind_speed,0.0,2026-05-20 05:45:00+05:30
wind_speed,0.0,2026-05-20 06:00:00+05:30
wind_speed,0.0,2026-05-20 06:15:00+05:30
wind_speed,0.05,2026-05-20 06:30:00+05:30
wind_speed,0.32,2026-05-20 06:45:00+05:30
wind_speed,0.32,2026-05-20 07:00:00+05:30
wind_speed,0.42,2026-05-20 07:15:00+05:30
wind_speed,0.0,2026-05-20 07:30:00+05:30
wind_speed,0.21,2026-05-20 07:45:00+05:30
wind_speed,0.84,2026-05-20 08:00:00+05:30
wind_speed,0.58,2026-05-20 08:15:00+05:30
wind_speed,1.11,2026-05-20 08:30:00+05:30
wind_speed,1.37,2026-05-20 08:45:00+05:30
wind_speed,1.32,2026-05-20 09:00:00+05:30
wind_speed,0.95,2026-05-20 09:15:00+05:30
wind_speed,0.84,2026-05-20 09:30:00+05:30
wind_speed,1.32,2026-05-20 10:15:00+05:30
wind_speed,1.95,2026-05-20 10:30:00+05:30
wind_speed,1.16,2026-05-20 10:45:00+05:30
wind_speed,1.84,2026-05-20 12:00:00+05:30
wind_speed,1.63,2026-05-20 12:15:00+05:30
wind_speed,2.05,2026-05-20 12:30:00+05:30
wind_speed,1.84,2026-05-20 12:45:00+05:30
wind_speed,2.06,2026-05-20 13:00:00+05:30
wind_speed,1.79,2026-05-20 13:15:00+05:30
wind_speed,1.26,2026-05-20 13:30:00+05:30
wind_speed,2.05,2026-05-20 13:45:00+05:30
wind_speed,2.63,2026-05-20 14:00:00+05:30
wind_speed,2.5,2026-05-20 14:15:00+05:30
wind_speed,2.0,2026-05-20 14:30:00+05:30
wind_speed,2.58,2026-05-20 14:45:00+05:30
wind_speed,2.53,2026-05-20 15:00:00+05:30
wind_speed,2.0,2026-05-20 15:15:00+05:30
wind_speed,1.47,2026-05-20 15:30:00+05:30
wind_speed,1.58,2026-05-20 15:45:00+05:30
wind_speed,0.58,2026-05-20 16:00:00+05:30
wind_speed,0.47,2026-05-20 16:15:00+05:30
wind_speed,0.47,2026-05-20 16:30:00+05:30
wind_speed,0.26,2026-05-20 16:45:00+05:30
wind_speed,0.0,2026-05-20 17:00:00+05:30
wind_speed,0.21,2026-05-20 17:15:00+05:30
wind_speed,0.0,2026-05-20 17:30:00+05:30
wind_speed,0.0,2026-05-20 17:45:00+05:30
wind_speed,0.0,2026-05-20 18:00:00+05:30
wind_speed,0.0,2026-05-20 18:15:00+05:30
wind_speed,0.0,2026-05-20 18:30:00+05:30
wind_speed,0.0,2026-05-20 18:45:00+05:30
wind_speed,0.0,2026-05-20 19:00:00+05:30
wind_speed,0.0,2026-05-20 19:15:00+05:30
wind_speed,0.0,2026-05-20 19:30:00+05:30
wind_speed,0.0,2026-05-20 19:45:00+05:30
wind_speed,0.26,2026-05-20 20:00:00+05:30
wind_speed,1.37,2026-05-20 20:15:00+05:30
wind_speed,0.0,2026-05-20 20:30:00+05:30
wind_speed,0.0,2026-05-20 20:45:00+05:30
wind_speed,0.0,2026-05-20 21:00:00+05:30
wind_speed,0.0,2026-05-20 21:15:00+05:30
wind_speed,0.0,2026-05-20 21:30:00+05:30
wind_speed,0.53,2026-05-20 21:45:00+05:30
wind_speed,0.47,2026-05-20 22:00:00+05:30
wind_speed,1.05,2026-05-20 22:15:00+05:30
wind_speed,0.32,2026-05-20 22:30:00+05:30
wind_speed,0.32,2026-05-20 22:45:00+05:30
wind_speed,0.68,2026-05-20 23:00:00+05:30
wind_speed,0.47,2026-05-20 23:15:00+05:30
wind_speed,0.11,2026-05-20 23:30:00+05:30
wind_speed,0.26,2026-05-20 23:45:00+05:30
wind_speed,0.0,2026-05-21 00:45:00+05:30
wind_speed,0.0,2026-05-21 01:00:00+05:30
wind_speed,0.11,2026-05-21 01:15:00+05:30
wind_speed,0.21,2026-05-21 01:30:00+05:30
wind_speed,0.0,2026-05-21 01:45:00+05:30
wind_speed,0.47,2026-05-21 02:00:00+05:30
wind_speed,0.53,2026-05-21 02:15:00+05:30
wind_speed,0.0,2026-05-21 02:30:00+05:30
wind_speed,0.42,2026-05-21 02:45:00+05:30
wind_speed,0.11,2026-05-21 03:00:00+05:30
wind_speed,0.0,2026-05-21 03:15:00+05:30
wind_speed,0.0,2026-05-21 03:30:00+05:30
wind_speed,0.0,2026-05-21 03:45:00+05:30
wind_speed,0.11,2026-05-21 04:15:00+05:30
wind_speed,0.53,2026-05-21 04:30:00+05:30
wind_speed,0.53,2026-05-21 04:45:00+05:30
wind_speed,1.26,2026-05-21 05:00:00+05:30
wind_speed,1.26,2026-05-21 05:15:00+05:30
wind_speed,0.17,2026-05-21 05:30:00+05:30
wind_speed,1.26,2026-05-21 05:45:00+05:30
wind_speed,2.0,2026-05-21 06:45:00+05:30
wind_speed,2.63,2026-05-21 07:00:00+05:30
wind_speed,1.84,2026-05-21 07:15:00+05:30
wind_speed,1.47,2026-05-21 07:30:00+05:30
wind_speed,1.74,2026-05-21 07:45:00+05:30
wind_speed,1.42,2026-05-21 08:00:00+05:30
wind_speed,1.47,2026-05-21 08:15:00+05:30
wind_speed,2.0,2026-05-21 08:30:00+05:30
wind_speed,1.47,2026-05-21 08:45:00+05:30
wind_speed,2.56,2026-05-21 09:00:00+05:30
wind_speed,1.42,2026-05-21 09:15:00+05:30
wind_speed,1.84,2026-05-21 09:30:00+05:30
wind_speed,1.11,2026-05-21 09:45:00+05:30
wind_speed,1.93,2026-05-21 10:00:00+05:30
wind_speed,1.26,2026-05-21 10:15:00+05:30
wind_speed,1.32,2026-05-21 10:30:00+05:30
wind_speed,1.63,2026-05-21 10:45:00+05:30
wind_speed,2.32,2026-05-21 11:00:00+05:30
wind_speed,2.32,2026-05-21 11:15:00+05:30
wind_speed,3.11,2026-05-21 11:30:00+05:30
wind_speed,2.89,2026-05-21 11:45:00+05:30
wind_speed,3.0,2026-05-21 12:00:00+05:30
wind_speed,3.32,2026-05-21 12:15:00+05:30
wind_speed,1.95,2026-05-21 12:30:00+05:30
wind_speed,1.21,2026-05-21 12:45:00+05:30
wind_speed,1.79,2026-05-21 13:00:00+05:30
wind_speed,1.11,2026-05-21 13:15:00+05:30
wind_speed,0.68,2026-05-21 13:30:00+05:30
wind_speed,1.42,2026-05-21 13:45:00+05:30
wind_speed,1.37,2026-05-21 14:30:00+05:30
wind_speed,1.68,2026-05-21 14:45:00+05:30
wind_speed,1.63,2026-05-21 15:00:00+05:30
wind_speed,0.53,2026-05-21 15:15:00+05:30
wind_speed,1.16,2026-05-21 15:30:00+05:30
wind_speed,0.74,2026-05-21 15:45:00+05:30
wind_speed,1.58,2026-05-21 16:00:00+05:30
wind_speed,0.21,2026-05-21 16:15:00+05:30
wind_speed,0.47,2026-05-21 16:30:00+05:30
wind_speed,0.37,2026-05-21 16:45:00+05:30
wind_speed,0.16,2026-05-21 17:00:00+05:30
wind_speed,0.26,2026-05-21 17:15:00+05:30
wind_speed,0.0,2026-05-21 17:30:00+05:30
wind_speed,0.0,2026-05-21 17:45:00+05:30
wind_speed,0.0,2026-05-21 18:00:00+05:30
wind_speed,0.0,2026-05-21 18:15:00+05:30
wind_speed,0.0,2026-05-21 18:30:00+05:30
wind_speed,0.0,2026-05-21 18:45:00+05:30
wind_speed,0.0,2026-05-21 19:00:00+05:30
wind_speed,0.0,2026-05-21 19:15:00+05:30
wind_speed,0.0,2026-05-21 19:30:00+05:30
wind_speed,0.05,2026-05-21 19:45:00+05:30
wind_speed,0.11,2026-05-21 20:00:00+05:30
wind_speed,0.47,2026-05-21 20:15:00+05:30
wind_speed,1.74,2026-05-21 20:30:00+05:30
wind_speed,1.95,2026-05-21 20:45:00+05:30
wind_speed,0.89,2026-05-21 21:00:00+05:30
wind_speed,1.16,2026-05-21 21:15:00+05:30
wind_speed,0.05,2026-05-21 21:30:00+05:30
wind_speed,0.0,2026-05-21 21:45:00+05:30
wind_speed,0.0,2026-05-21 22:00:00+05:30
wind_speed,0.0,2026-05-21 22:15:00+05:30
wind_speed,0.0,2026-05-21 22:30:00+05:30
wind_speed,0.0,2026-05-21 22:45:00+05:30
wind_speed,0.0,2026-05-21 23:00:00+05:30
wind_speed,0.0,2026-05-21 23:15:00+05:30
wind_speed,0.0,2026-05-21 23:30:00+05:30
wind_speed,0.0,2026-05-21 23:45:00+05:30
wind_speed,0.0,2026-05-22 00:45:00+05:30
wind_speed,0.0,2026-05-22 01:00:00+05:30
wind_speed,0.0,2026-05-22 01:15:00+05:30
wind_speed,0.05,2026-05-22 01:30:00+05:30
wind_speed,0.11,2026-05-22 01:45:00+05:30
wind_speed,0.0,2026-05-22 02:00:00+05:30
wind_speed,0.0,2026-05-22 02:15:00+05:30
wind_speed,0.0,2026-05-22 02:30:00+05:30
wind_speed,0.0,2026-05-22 02:45:00+05:30
wind_speed,0.0,2026-05-22 03:00:00+05:30
wind_speed,0.79,2026-05-22 03:15:00+05:30
wind_speed,0.0,2026-05-22 03:30:00+05:30
wind_speed,0.63,2026-05-22 03:45:00+05:30
wind_speed,0.0,2026-05-22 04:00:00+05:30
wind_speed,0.0,2026-05-22 04:15:00+05:30
wind_speed,0.0,2026-05-22 04:45:00+05:30
wind_speed,0.0,2026-05-22 05:00:00+05:30
wind_speed,0.0,2026-05-22 05:15:00+05:30
wind_speed,0.0,2026-05-22 05:30:00+05:30
wind_speed,1.37,2026-05-22 05:45:00+05:30
wind_speed,3.05,2026-05-22 06:00:00+05:30
wind_speed,2.58,2026-05-22 06:15:00+05:30
wind_speed,1.89,2026-05-22 06:30:00+05:30
wind_speed,2.79,2026-05-22 06:45:00+05:30
wind_speed,2.37,2026-05-22 07:00:00+05:30
wind_speed,2.47,2026-05-22 07:15:00+05:30
wind_speed,2.05,2026-05-22 07:30:00+05:30
wind_speed,2.06,2026-05-22 07:45:00+05:30
wind_speed,2.26,2026-05-22 08:00:00+05:30
wind_speed,1.32,2026-05-22 08:15:00+05:30
wind_speed,1.53,2026-05-22 08:30:00+05:30
wind_speed,2.28,2026-05-22 08:45:00+05:30
wind_speed,1.5,2026-05-22 09:00:00+05:30
wind_speed,1.58,2026-05-22 09:15:00+05:30
wind_speed,1.68,2026-05-22 09:30:00+05:30
wind_speed,2.11,2026-05-22 09:45:00+05:30
wind_speed,2.06,2026-05-22 11:45:00+05:30
wind_speed,1.63,2026-05-22 12:00:00+05:30
wind_speed,1.84,2026-05-22 12:15:00+05:30
wind_speed,2.37,2026-05-22 12:30:00+05:30
wind_speed,1.42,2026-05-22 12:45:00+05:30
wind_speed,2.37,2026-05-22 13:00:00+05:30
wind_speed,2.32,2026-05-22 13:15:00+05:30
wind_speed,1.68,2026-05-22 13:30:00+05:30
wind_speed,1.68,2026-05-22 13:45:00+05:30
wind_speed,2.47,2026-05-22 14:15:00+05:30
wind_speed,2.79,2026-05-22 14:30:00+05:30
wind_speed,1.0,2026-05-22 14:45:00+05:30
wind_speed,2.47,2026-05-22 15:00:00+05:30
wind_speed,3.32,2026-05-22 15:15:00+05:30
wind_speed,3.05,2026-05-22 15:30:00+05:30
wind_speed,2.05,2026-05-22 15:45:00+05:30
wind_speed,2.42,2026-05-22 16:00:00+05:30
wind_speed,2.53,2026-05-22 16:15:00+05:30
wind_speed,2.95,2026-05-22 16:30:00+05:30
wind_speed,2.68,2026-05-22 16:45:00+05:30
wind_speed,2.11,2026-05-22 17:15:00+05:30
wind_speed,2.42,2026-05-22 17:30:00+05:30
wind_speed,2.42,2026-05-22 17:45:00+05:30
wind_speed,1.58,2026-05-22 18:00:00+05:30
wind_speed,0.84,2026-05-22 18:15:00+05:30
wind_speed,1.26,2026-05-22 18:30:00+05:30
wind_speed,1.26,2026-05-22 18:45:00+05:30
wind_speed,0.94,2026-05-22 19:00:00+05:30
wind_speed,1.68,2026-05-22 19:15:00+05:30
wind_speed,1.42,2026-05-22 19:30:00+05:30
wind_speed,1.58,2026-05-22 19:45:00+05:30
wind_speed,1.37,2026-05-22 20:00:00+05:30
wind_speed,0.21,2026-05-22 20:15:00+05:30
wind_speed,0.0,2026-05-22 20:30:00+05:30
wind_speed,0.05,2026-05-22 20:45:00+05:30
wind_speed,0.0,2026-05-22 21:00:00+05:30
wind_speed,0.0,2026-05-22 21:15:00+05:30
wind_speed,0.0,2026-05-22 21:30:00+05:30
wind_speed,0.0,2026-05-22 21:45:00+05:30
wind_speed,0.0,2026-05-22 22:00:00+05:30
wind_speed,0.0,2026-05-22 22:15:00+05:30
wind_speed,0.0,2026-05-22 22:30:00+05:30
wind_speed,1.06,2026-05-22 22:45:00+05:30
wind_speed,0.32,2026-05-22 23:00:00+05:30
wind_speed,0.05,2026-05-22 23:15:00+05:30
wind_speed,0.21,2026-05-22 23:30:00+05:30
wind_speed,0.0,2026-05-22 23:45:00+05:30
wind_speed,0.0,2026-05-23 01:45:00+05:30
wind_speed,0.0,2026-05-23 02:00:00+05:30
wind_speed,0.0,2026-05-23 02:15:00+05:30
wind_speed,0.0,2026-05-23 02:30:00+05:30
wind_speed,0.0,2026-05-23 02:45:00+05:30
wind_speed,0.0,2026-05-23 03:00:00+05:30
wind_speed,0.0,2026-05-23 03:15:00+05:30
wind_speed,0.0,2026-05-23 03:30:00+05:30
wind_speed,0.0,2026-05-23 03:45:00+05:30
wind_speed,0.0,2026-05-23 04:00:00+05:30
wind_speed,0.0,2026-05-23 04:15:00+05:30
wind_speed,0.0,2026-05-23 04:30:00+05:30
wind_speed,0.26,2026-05-23 04:45:00+05:30
wind_speed,0.0,2026-05-23 05:00:00+05:30
wind_speed,0.0,2026-05-23 05:15:00+05:30
wind_speed,0.0,2026-05-23 05:30:00+05:30
wind_speed,0.0,2026-05-23 05:45:00+05:30
wind_speed,0.0,2026-05-23 06:00:00+05:30
wind_speed,0.0,2026-05-23 06:15:00+05:30
wind_speed,0.0,2026-05-23 06:30:00+05:30
wind_speed,0.0,2026-05-23 06:45:00+05:30
wind_speed,0.0,2026-05-23 07:00:00+05:30
wind_speed,0.0,2026-05-23 07:15:00+05:30
wind_speed,0.37,2026-05-23 07:30:00+05:30
wind_speed,1.58,2026-05-23 07:45:00+05:30
wind_speed,5.21,2026-05-23 08:00:00+05:30
wind_speed,1.37,2026-05-23 08:15:00+05:30
wind_speed,0.16,2026-05-23 08:30:00+05:30
wind_speed,0.0,2026-05-23 08:45:00+05:30
wind_speed,0.11,2026-05-23 09:00:00+05:30
wind_speed,0.05,2026-05-23 09:15:00+05:30
wind_speed,0.05,2026-05-23 09:30:00+05:30
wind_speed,0.05,2026-05-23 09:45:00+05:30
wind_speed,0.47,2026-05-23 10:00:00+05:30
wind_speed,0.21,2026-05-23 10:15:00+05:30
wind_speed,0.26,2026-05-23 10:30:00+05:30
wind_speed,0.68,2026-05-23 10:45:00+05:30
wind_speed,2.26,2026-05-23 11:00:00+05:30
wind_speed,3.26,2026-05-23 11:15:00+05:30
wind_speed,3.0,2026-05-23 11:30:00+05:30
wind_speed,2.21,2026-05-23 11:45:00+05:30
wind_speed,3.05,2026-05-23 12:00:00+05:30
wind_speed,3.26,2026-05-23 12:15:00+05:30
wind_speed,2.84,2026-05-23 12:30:00+05:30
wind_speed,2.21,2026-05-23 12:45:00+05:30
wind_speed,1.21,2026-05-23 13:00:00+05:30
wind_speed,2.84,2026-05-23 13:15:00+05:30
wind_speed,3.74,2026-05-23 13:30:00+05:30
wind_speed,3.05,2026-05-23 13:45:00+05:30
wind_speed,3.21,2026-05-23 14:00:00+05:30
wind_speed,4.32,2026-05-23 14:15:00+05:30
wind_speed,3.32,2026-05-23 14:30:00+05:30
wind_speed,3.74,2026-05-23 14:45:00+05:30
wind_speed,2.89,2026-05-23 15:15:00+05:30
wind_speed,3.37,2026-05-23 15:30:00+05:30
wind_speed,2.0,2026-05-23 15:45:00+05:30
wind_speed,1.63,2026-05-23 16:00:00+05:30
wind_speed,1.84,2026-05-23 16:15:00+05:30
wind_speed,0.7,2026-05-23 16:30:00+05:30
wind_speed,2.79,2026-05-23 16:45:00+05:30
wind_speed,2.0,2026-05-23 17:00:00+05:30
wind_speed,0.63,2026-05-23 17:15:00+05:30
wind_speed,2.42,2026-05-23 17:30:00+05:30
wind_speed,1.74,2026-05-23 17:45:00+05:30
wind_speed,0.05,2026-05-23 18:00:00+05:30
wind_speed,0.16,2026-05-23 18:15:00+05:30
wind_speed,0.0,2026-05-23 18:30:00+05:30
wind_speed,0.0,2026-05-23 18:45:00+05:30
wind_speed,1.37,2026-05-23 19:00:00+05:30
wind_speed,1.58,2026-05-23 19:15:00+05:30
wind_speed,1.37,2026-05-23 19:30:00+05:30
wind_speed,1.22,2026-05-23 19:45:00+05:30
wind_speed,0.21,2026-05-23 20:00:00+05:30
wind_speed,1.32,2026-05-23 20:15:00+05:30
wind_speed,0.79,2026-05-23 20:30:00+05:30
wind_speed,1.63,2026-05-23 20:45:00+05:30
wind_speed,1.68,2026-05-23 21:00:00+05:30
wind_speed,1.26,2026-05-23 21:15:00+05:30
wind_speed,1.05,2026-05-23 21:30:00+05:30
wind_speed,1.0,2026-05-23 21:45:00+05:30
wind_speed,0.47,2026-05-23 22:00:00+05:30
wind_speed,0.0,2026-05-23 22:15:00+05:30
wind_speed,0.0,2026-05-23 22:30:00+05:30
wind_speed,0.0,2026-05-23 22:45:00+05:30
wind_speed,0.0,2026-05-23 23:00:00+05:30
wind_speed,0.0,2026-05-23 23:15:00+05:30
wind_speed,0.0,2026-05-23 23:30:00+05:30
wind_speed,0.0,2026-05-23 23:45:00+05:30
wind_speed,0.0,2026-05-24 01:45:00+05:30
wind_speed,0.0,2026-05-24 02:00:00+05:30
wind_speed,0.0,2026-05-24 02:15:00+05:30
wind_speed,0.0,2026-05-24 02:30:00+05:30
wind_speed,0.0,2026-05-24 02:45:00+05:30
wind_speed,0.0,2026-05-24 03:00:00+05:30
wind_speed,0.0,2026-05-24 03:15:00+05:30
wind_speed,0.0,2026-05-24 03:30:00+05:30
wind_speed,0.0,2026-05-24 03:45:00+05:30
wind_speed,0.0,2026-05-24 04:00:00+05:30
wind_speed,0.0,2026-05-24 04:15:00+05:30
wind_speed,0.0,2026-05-24 04:30:00+05:30
wind_speed,0.0,2026-05-24 04:45:00+05:30
wind_speed,0.0,2026-05-24 05:00:00+05:30
wind_speed,0.0,2026-05-24 05:15:00+05:30
wind_speed,0.42,2026-05-24 05:30:00+05:30
wind_speed,0.0,2026-05-24 05:45:00+05:30
wind_speed,0.47,2026-05-24 06:00:00+05:30
wind_speed,1.26,2026-05-24 06:15:00+05:30
wind_speed,0.0,2026-05-24 06:30:00+05:30
wind_speed,0.32,2026-05-24 06:45:00+05:30
wind_speed,1.53,2026-05-24 07:00:00+05:30
wind_speed,1.37,2026-05-24 07:15:00+05:30
wind_speed,0.37,2026-05-24 07:30:00+05:30
wind_speed,0.84,2026-05-24 07:45:00+05:30
wind_speed,1.78,2026-05-24 08:00:00+05:30
wind_speed,2.05,2026-05-24 08:30:00+05:30
wind_speed,1.53,2026-05-24 08:45:00+05:30
wind_speed,1.53,2026-05-24 09:00:00+05:30
wind_speed,1.05,2026-05-24 09:15:00+05:30
wind_speed,0.85,2026-05-24 09:30:00+05:30
wind_speed,1.21,2026-05-24 09:45:00+05:30
wind_speed,1.32,2026-05-24 10:00:00+05:30
wind_speed,1.05,2026-05-24 10:15:00+05:30
wind_speed,2.26,2026-05-24 10:30:00+05:30
wind_speed,1.84,2026-05-24 10:45:00+05:30
wind_speed,1.74,2026-05-24 11:00:00+05:30
wind_speed,2.89,2026-05-24 11:15:00+05:30
wind_speed,2.47,2026-05-24 11:30:00+05:30
wind_speed,2.68,2026-05-24 11:45:00+05:30
wind_speed,3.05,2026-05-24 12:00:00+05:30
wind_speed,2.53,2026-05-24 12:15:00+05:30
wind_speed,2.74,2026-05-24 12:30:00+05:30
wind_speed,2.37,2026-05-24 12:45:00+05:30
wind_speed,1.89,2026-05-24 13:00:00+05:30
wind_speed,3.11,2026-05-24 13:15:00+05:30
wind_speed,2.16,2026-05-24 13:30:00+05:30
wind_speed,2.11,2026-05-24 13:45:00+05:30
wind_speed,1.63,2026-05-24 14:00:00+05:30
wind_speed,2.05,2026-05-24 14:15:00+05:30
wind_speed,1.89,2026-05-24 14:30:00+05:30
wind_speed,2.37,2026-05-24 14:45:00+05:30
wind_speed,1.58,2026-05-24 15:00:00+05:30
wind_speed,1.16,2026-05-24 15:15:00+05:30
wind_speed,2.05,2026-05-24 15:30:00+05:30
wind_speed,2.88,2026-05-24 15:45:00+05:30
wind_speed,2.61,2026-05-24 16:00:00+05:30
wind_speed,1.38,2026-05-24 16:15:00+05:30
wind_speed,0.26,2026-05-24 16:30:00+05:30
wind_speed,0.59,2026-05-24 16:45:00+05:30
wind_speed,0.93,2026-05-24 17:15:00+05:30
wind_speed,1.5,2026-05-24 17:30:00+05:30
wind_speed,0.0,2026-05-24 17:45:00+05:30
wind_speed,0.0,2026-05-24 18:00:00+05:30
wind_speed,0.0,2026-05-24 18:15:00+05:30
wind_speed,0.0,2026-05-24 18:30:00+05:30
wind_speed,0.0,2026-05-24 18:45:00+05:30
wind_speed,0.0,2026-05-24 19:00:00+05:30
wind_speed,0.0,2026-05-24 19:15:00+05:30
wind_speed,0.0,2026-05-24 19:45:00+05:30
wind_speed,0.5,2026-05-24 20:00:00+05:30
wind_speed,0.0,2026-05-24 20:15:00+05:30
wind_speed,0.0,2026-05-24 20:30:00+05:30
wind_speed,0.0,2026-05-24 20:45:00+05:30
wind_speed,0.25,2026-05-24 21:00:00+05:30
wind_speed,0.0,2026-05-24 21:15:00+05:30
wind_speed,0.0,2026-05-24 21:30:00+05:30
wind_speed,0.25,2026-05-24 21:45:00+05:30
wind_speed,0.0,2026-05-24 22:00:00+05:30
wind_speed,0.0,2026-05-24 22:15:00+05:30
wind_speed,0.0,2026-05-24 22:30:00+05:30
wind_speed,0.5,2026-05-24 22:45:00+05:30
wind_speed,0.75,2026-05-24 23:00:00+05:30
wind_speed,0.0,2026-05-24 23:15:00+05:30
wind_speed,0.5,2026-05-24 23:30:00+05:30
wind_speed,0.5,2026-05-24 23:45:00+05:30
wind_speed,0.0,2026-05-25 00:45:00+05:30
wind_speed,0.25,2026-05-25 01:00:00+05:30
wind_speed,0.0,2026-05-25 01:15:00+05:30
wind_speed,0.0,2026-05-25 01:30:00+05:30
wind_speed,0.0,2026-05-25 01:45:00+05:30
wind_speed,0.0,2026-05-25 02:00:00+05:30
wind_speed,0.0,2026-05-25 02:15:00+05:30
wind_speed,0.0,2026-05-25 02:30:00+05:30
wind_speed,0.0,2026-05-25 02:45:00+05:30
wind_speed,1.25,2026-05-25 03:00:00+05:30
wind_speed,1.5,2026-05-25 03:15:00+05:30
wind_speed,1.0,2026-05-25 03:30:00+05:30
wind_speed,0.0,2026-05-25 03:45:00+05:30
wind_speed,0.0,2026-05-25 04:00:00+05:30
wind_speed,0.0,2026-05-25 04:15:00+05:30
wind_speed,0.0,2026-05-25 04:30:00+05:30
wind_speed,0.0,2026-05-25 04:45:00+05:30
wind_speed,0.5,2026-05-25 05:00:00+05:30
wind_speed,0.0,2026-05-25 05:15:00+05:30
wind_speed,0.0,2026-05-25 05:30:00+05:30
wind_speed,0.0,2026-05-25 05:45:00+05:30
wind_speed,0.0,2026-05-25 06:00:00+05:30
wind_speed,0.0,2026-05-25 06:15:00+05:30
wind_speed,0.0,2026-05-25 06:30:00+05:30
wind_speed,0.0,2026-05-25 06:45:00+05:30
wind_speed,0.0,2026-05-25 07:00:00+05:30
wind_speed,0.0,2026-05-25 07:15:00+05:30
wind_speed,0.25,2026-05-25 07:30:00+05:30
wind_speed,1.25,2026-05-25 07:45:00+05:30
wind_speed,1.25,2026-05-25 08:00:00+05:30
wind_speed,1.5,2026-05-25 08:15:00+05:30
wind_speed,2.0,2026-05-25 08:30:00+05:30
wind_speed,2.25,2026-05-25 08:45:00+05:30
wind_speed,2.75,2026-05-25 09:00:00+05:30
wind_speed,1.75,2026-05-25 09:15:00+05:30
wind_speed,2.0,2026-05-25 09:30:00+05:30
wind_speed,3.0,2026-05-25 09:45:00+05:30
wind_speed,1.75,2026-05-25 10:00:00+05:30
wind_speed,2.0,2026-05-25 10:30:00+05:30
wind_speed,3.25,2026-05-25 10:45:00+05:30
wind_speed,1.43,2026-05-25 11:15:00+05:30
wind_speed,1.84,2026-05-25 12:45:00+05:30
wind_speed,1.63,2026-05-25 13:00:00+05:30
wind_speed,2.79,2026-05-25 13:15:00+05:30
wind_speed,2.11,2026-05-25 13:30:00+05:30
wind_speed,1.21,2026-05-25 13:45:00+05:30
wind_speed,1.5,2026-05-25 14:00:00+05:30
wind_speed,1.42,2026-05-25 14:15:00+05:30
wind_speed,1.68,2026-05-25 14:30:00+05:30
wind_speed,1.24,2026-05-25 15:00:00+05:30
wind_speed,0.47,2026-05-25 15:15:00+05:30
wind_speed,1.11,2026-05-25 15:30:00+05:30
wind_speed,1.89,2026-05-25 15:45:00+05:30
wind_speed,0.94,2026-05-25 16:00:00+05:30
wind_speed,0.58,2026-05-25 16:15:00+05:30
wind_speed,1.16,2026-05-25 16:30:00+05:30
wind_speed,0.95,2026-05-25 16:45:00+05:30
wind_speed,0.68,2026-05-25 17:00:00+05:30
wind_speed,2.16,2026-05-25 17:15:00+05:30
wind_speed,2.37,2026-05-25 17:45:00+05:30
wind_speed,1.58,2026-05-25 18:00:00+05:30
wind_speed,0.32,2026-05-25 18:15:00+05:30
wind_speed,4.16,2026-05-25 18:30:00+05:30
wind_speed,0.21,2026-05-25 18:45:00+05:30
wind_speed,0.0,2026-05-25 19:00:00+05:30
wind_speed,0.0,2026-05-25 19:15:00+05:30
wind_speed,0.0,2026-05-25 19:30:00+05:30
wind_speed,0.0,2026-05-25 19:45:00+05:30
wind_speed,0.37,2026-05-25 20:00:00+05:30
wind_speed,0.05,2026-05-25 20:15:00+05:30
wind_speed,0.0,2026-05-25 20:30:00+05:30
wind_speed,0.0,2026-05-25 20:45:00+05:30
wind_speed,0.0,2026-05-25 21:00:00+05:30
wind_speed,0.61,2026-05-25 21:15:00+05:30
wind_speed,1.58,2026-05-25 21:30:00+05:30
wind_speed,2.16,2026-05-25 21:45:00+05:30
wind_speed,1.95,2026-05-25 22:00:00+05:30
wind_speed,1.33,2026-05-25 22:15:00+05:30
wind_speed,0.42,2026-05-25 22:30:00+05:30
wind_speed,1.11,2026-05-25 22:45:00+05:30
wind_speed,0.53,2026-05-25 23:00:00+05:30
wind_speed,0.37,2026-05-25 23:15:00+05:30
wind_speed,0.11,2026-05-25 23:30:00+05:30
wind_speed,0.0,2026-05-25 23:45:00+05:30
wind_speed,0.0,2026-05-26 00:45:00+05:30
wind_speed,0.0,2026-05-26 01:00:00+05:30
wind_speed,0.0,2026-05-26 01:15:00+05:30
wind_speed,0.0,2026-05-26 01:30:00+05:30
wind_speed,0.05,2026-05-26 01:45:00+05:30
wind_speed,0.37,2026-05-26 02:00:00+05:30
wind_speed,0.0,2026-05-26 02:15:00+05:30
wind_speed,0.0,2026-05-26 02:30:00+05:30
wind_speed,0.0,2026-05-26 02:45:00+05:30
wind_speed,0.0,2026-05-26 03:00:00+05:30
wind_speed,0.0,2026-05-26 03:15:00+05:30
wind_speed,0.0,2026-05-26 03:30:00+05:30
wind_speed,0.0,2026-05-26 03:45:00+05:30
wind_speed,0.0,2026-05-26 04:00:00+05:30
wind_speed,0.0,2026-05-26 04:15:00+05:30
wind_speed,0.0,2026-05-26 04:30:00+05:30
wind_speed,0.0,2026-05-26 04:45:00+05:30
wind_speed,0.0,2026-05-26 05:00:00+05:30
wind_speed,0.0,2026-05-26 05:15:00+05:30
wind_speed,0.0,2026-05-26 05:30:00+05:30
wind_speed,0.0,2026-05-26 05:45:00+05:30
wind_speed,0.0,2026-05-26 06:00:00+05:30
wind_speed,0.0,2026-05-26 06:15:00+05:30
wind_speed,0.0,2026-05-26 06:30:00+05:30
wind_speed,0.5,2026-05-26 06:45:00+05:30
wind_speed,0.0,2026-05-26 07:00:00+05:30
wind_speed,0.0,2026-05-26 07:15:00+05:30
wind_speed,0.0,2026-05-26 07:30:00+05:30
wind_speed,0.25,2026-05-26 07:45:00+05:30
wind_speed,2.25,2026-05-26 08:00:00+05:30
wind_speed,1.25,2026-05-26 08:15:00+05:30
wind_speed,3.0,2026-05-26 08:30:00+05:30
wind_speed,2.5,2026-05-26 08:45:00+05:30
wind_speed,1.75,2026-05-26 09:00:00+05:30
wind_speed,1.0,2026-05-26 09:15:00+05:30
wind_speed,0.86,2026-05-26 10:45:00+05:30
wind_speed,1.47,2026-05-26 11:15:00+05:30
wind_speed,1.89,2026-05-26 11:30:00+05:30
wind_speed,2.21,2026-05-26 11:45:00+05:30
wind_speed,1.79,2026-05-26 12:00:00+05:30
wind_speed,1.68,2026-05-26 12:15:00+05:30
wind_speed,2.68,2026-05-26 12:30:00+05:30
wind_speed,3.0,2026-05-26 12:45:00+05:30
wind_speed,2.95,2026-05-26 13:00:00+05:30
wind_speed,2.26,2026-05-26 13:15:00+05:30
wind_speed,1.74,2026-05-26 13:30:00+05:30
wind_speed,1.95,2026-05-26 13:45:00+05:30
wind_speed,2.63,2026-05-26 14:00:00+05:30
wind_speed,1.79,2026-05-26 14:15:00+05:30
wind_speed,1.68,2026-05-26 14:30:00+05:30
wind_speed,1.0,2026-05-26 15:00:00+05:30
wind_speed,1.74,2026-05-26 15:15:00+05:30
wind_speed,2.42,2026-05-26 15:45:00+05:30
wind_speed,0.95,2026-05-26 16:00:00+05:30
wind_speed,1.68,2026-05-26 16:15:00+05:30
wind_speed,1.68,2026-05-26 16:30:00+05:30
wind_speed,1.0,2026-05-26 16:45:00+05:30
wind_speed,1.37,2026-05-26 17:00:00+05:30
wind_speed,1.74,2026-05-26 17:15:00+05:30
wind_speed,2.95,2026-05-26 17:30:00+05:30
wind_speed,2.11,2026-05-26 17:45:00+05:30
wind_speed,1.53,2026-05-26 18:00:00+05:30
wind_speed,1.47,2026-05-26 18:15:00+05:30
wind_speed,1.16,2026-05-26 18:30:00+05:30
wind_speed,1.11,2026-05-26 18:45:00+05:30
wind_speed,0.0,2026-05-26 19:00:00+05:30
wind_speed,0.0,2026-05-26 19:15:00+05:30
wind_speed,0.0,2026-05-26 19:30:00+05:30
wind_speed,0.0,2026-05-26 19:45:00+05:30
wind_speed,0.0,2026-05-26 20:15:00+05:30
wind_speed,0.0,2026-05-26 20:30:00+05:30
wind_speed,0.0,2026-05-26 20:45:00+05:30
wind_speed,0.0,2026-05-26 21:30:00+05:30
wind_speed,0.0,2026-05-26 21:45:00+05:30
wind_speed,0.0,2026-05-26 22:00:00+05:30
wind_speed,0.0,2026-05-26 22:15:00+05:30
wind_speed,0.0,2026-05-26 22:30:00+05:30
wind_speed,0.0,2026-05-26 22:45:00+05:30
wind_speed,0.0,2026-05-26 23:00:00+05:30
wind_speed,0.0,2026-05-26 23:15:00+05:30
wind_speed,0.0,2026-05-26 23:30:00+05:30
wind_speed,0.16,2026-05-26 23:45:00+05:30
wind_speed,0.0,2026-05-27 00:45:00+05:30
wind_speed,0.0,2026-05-27 01:00:00+05:30
wind_speed,0.0,2026-05-27 01:15:00+05:30
wind_speed,0.0,2026-05-27 01:30:00+05:30
wind_speed,0.0,2026-05-27 01:45:00+05:30
wind_speed,0.0,2026-05-27 02:00:00+05:30
wind_speed,0.0,2026-05-27 02:15:00+05:30
wind_speed,0.0,2026-05-27 02:30:00+05:30
wind_speed,0.0,2026-05-27 02:45:00+05:30
wind_speed,0.0,2026-05-27 03:00:00+05:30
wind_speed,0.0,2026-05-27 03:15:00+05:30
wind_speed,0.0,2026-05-27 03:30:00+05:30
wind_speed,0.0,2026-05-27 03:45:00+05:30
wind_speed,0.0,2026-05-27 04:00:00+05:30
wind_speed,0.0,2026-05-27 04:15:00+05:30
wind_speed,0.0,2026-05-27 04:30:00+05:30
wind_speed,0.0,2026-05-27 04:45:00+05:30
wind_speed,0.0,2026-05-27 05:00:00+05:30
wind_speed,0.0,2026-05-27 05:15:00+05:30
wind_speed,0.0,2026-05-27 05:30:00+05:30
wind_speed,0.0,2026-05-27 05:45:00+05:30
wind_speed,0.0,2026-05-27 06:00:00+05:30
wind_speed,0.0,2026-05-27 06:15:00+05:30
wind_speed,0.0,2026-05-27 06:30:00+05:30
wind_speed,0.0,2026-05-27 06:45:00+05:30
wind_speed,1.22,2026-05-27 07:00:00+05:30
wind_speed,0.11,2026-05-27 07:15:00+05:30
wind_speed,0.05,2026-05-27 07:30:00+05:30
wind_speed,0.05,2026-05-27 07:45:00+05:30
wind_speed,0.0,2026-05-27 08:00:00+05:30
wind_speed,0.68,2026-05-27 08:15:00+05:30
wind_speed,0.84,2026-05-27 08:30:00+05:30
wind_speed,0.47,2026-05-27 08:45:00+05:30
wind_speed,0.53,2026-05-27 09:00:00+05:30
wind_speed,0.84,2026-05-27 09:15:00+05:30
wind_speed,0.89,2026-05-27 09:30:00+05:30
wind_speed,0.68,2026-05-27 09:45:00+05:30
wind_speed,1.21,2026-05-27 10:00:00+05:30
wind_speed,1.05,2026-05-27 10:15:00+05:30
wind_speed,1.26,2026-05-27 10:30:00+05:30
wind_speed,1.53,2026-05-27 10:45:00+05:30
wind_speed,2.05,2026-05-27 11:00:00+05:30
wind_speed,0.89,2026-05-27 11:15:00+05:30
wind_speed,1.95,2026-05-27 11:30:00+05:30
wind_speed,1.37,2026-05-27 12:00:00+05:30
wind_speed,2.58,2026-05-27 12:15:00+05:30
wind_speed,2.11,2026-05-27 12:30:00+05:30
wind_speed,2.32,2026-05-27 12:45:00+05:30
wind_speed,3.53,2026-05-27 17:45:00+05:30
wind_speed,2.37,2026-05-27 18:00:00+05:30
wind_speed,1.11,2026-05-27 18:15:00+05:30
wind_speed,0.0,2026-05-27 18:30:00+05:30
wind_speed,0.0,2026-05-27 18:45:00+05:30
wind_speed,0.0,2026-05-27 19:00:00+05:30
wind_speed,0.0,2026-05-27 19:15:00+05:30
wind_speed,0.0,2026-05-27 19:30:00+05:30
wind_speed,0.0,2026-05-27 19:45:00+05:30
wind_speed,0.0,2026-05-27 20:00:00+05:30
wind_speed,0.0,2026-05-27 20:15:00+05:30
wind_speed,0.0,2026-05-27 20:30:00+05:30
wind_speed,0.0,2026-05-27 20:45:00+05:30
wind_speed,0.0,2026-05-27 21:00:00+05:30
wind_speed,0.0,2026-05-27 21:15:00+05:30
wind_speed,0.0,2026-05-27 21:30:00+05:30
wind_speed,0.0,2026-05-27 21:45:00+05:30
wind_speed,0.0,2026-05-27 22:00:00+05:30
wind_speed,0.0,2026-05-27 22:15:00+05:30
wind_speed,0.0,2026-05-27 22:30:00+05:30
wind_speed,0.0,2026-05-27 22:45:00+05:30
wind_speed,0.0,2026-05-27 23:00:00+05:30
wind_speed,0.0,2026-05-27 23:15:00+05:30
wind_speed,0.0,2026-05-27 23:30:00+05:30
wind_speed,0.0,2026-05-27 23:45:00+05:30
wind_speed,0.0,2026-05-28 00:45:00+05:30
wind_speed,0.0,2026-05-28 01:00:00+05:30
wind_speed,0.0,2026-05-28 01:15:00+05:30
wind_speed,0.0,2026-05-28 01:30:00+05:30
wind_speed,0.0,2026-05-28 01:45:00+05:30
wind_speed,1.0,2026-05-28 02:00:00+05:30
wind_speed,1.58,2026-05-28 02:15:00+05:30
wind_speed,1.58,2026-05-28 02:30:00+05:30
wind_speed,0.68,2026-05-28 02:45:00+05:30
wind_speed,0.0,2026-05-28 03:00:00+05:30
wind_speed,0.0,2026-05-28 03:15:00+05:30
wind_speed,0.11,2026-05-28 03:30:00+05:30
wind_speed,0.21,2026-05-28 03:45:00+05:30
wind_speed,0.11,2026-05-28 04:00:00+05:30
wind_speed,0.11,2026-05-28 04:15:00+05:30
wind_speed,0.32,2026-05-28 04:30:00+05:30
wind_speed,0.16,2026-05-28 04:45:00+05:30
wind_speed,0.11,2026-05-28 05:00:00+05:30
wind_speed,0.0,2026-05-28 05:15:00+05:30
wind_speed,0.0,2026-05-28 05:30:00+05:30
wind_speed,0.0,2026-05-28 05:45:00+05:30
wind_speed,0.84,2026-05-28 06:00:00+05:30
wind_speed,1.16,2026-05-28 06:15:00+05:30
wind_speed,2.47,2026-05-28 06:30:00+05:30
wind_speed,4.39,2026-05-28 06:45:00+05:30
wind_speed,2.0,2026-05-28 07:00:00+05:30
wind_speed,2.26,2026-05-28 07:15:00+05:30
wind_speed,1.89,2026-05-28 07:30:00+05:30
wind_speed,2.16,2026-05-28 07:45:00+05:30
wind_speed,2.68,2026-05-28 08:00:00+05:30
wind_speed,2.84,2026-05-28 08:15:00+05:30
wind_speed,2.68,2026-05-28 08:30:00+05:30
wind_speed,2.84,2026-05-28 08:45:00+05:30
wind_speed,2.05,2026-05-28 09:00:00+05:30
wind_speed,2.47,2026-05-28 09:15:00+05:30
wind_speed,2.79,2026-05-28 09:30:00+05:30
wind_speed,2.89,2026-05-28 09:45:00+05:30
wind_speed,3.11,2026-05-28 10:00:00+05:30
wind_speed,2.63,2026-05-28 10:15:00+05:30
wind_speed,3.11,2026-05-28 10:30:00+05:30
wind_speed,2.58,2026-05-28 10:45:00+05:30
wind_speed,2.11,2026-05-28 11:00:00+05:30
wind_speed,2.26,2026-05-28 11:15:00+05:30
wind_speed,2.84,2026-05-28 11:30:00+05:30
wind_speed,2.37,2026-05-28 11:45:00+05:30
wind_speed,2.63,2026-05-28 12:00:00+05:30
wind_speed,3.63,2026-05-28 12:15:00+05:30
wind_speed,2.95,2026-05-28 12:30:00+05:30
wind_speed,3.84,2026-05-28 12:45:00+05:30
wind_speed,2.84,2026-05-28 13:00:00+05:30
wind_speed,2.21,2026-05-28 13:15:00+05:30
wind_speed,2.63,2026-05-28 13:30:00+05:30
wind_speed,2.63,2026-05-28 13:45:00+05:30
wind_speed,4.47,2026-05-28 14:00:00+05:30
wind_speed,2.53,2026-05-28 14:15:00+05:30
wind_speed,3.47,2026-05-28 14:30:00+05:30
wind_speed,2.89,2026-05-28 14:45:00+05:30
wind_speed,3.26,2026-05-28 15:00:00+05:30
wind_speed,2.63,2026-05-28 15:15:00+05:30
wind_speed,2.06,2026-05-28 15:30:00+05:30
wind_speed,2.47,2026-05-28 15:45:00+05:30
wind_speed,3.0,2026-05-28 16:15:00+05:30
wind_speed,4.68,2026-05-28 16:45:00+05:30
wind_speed,2.95,2026-05-28 17:15:00+05:30
wind_speed,3.16,2026-05-28 17:30:00+05:30
wind_speed,2.28,2026-05-28 17:45:00+05:30
wind_speed,2.95,2026-05-28 18:45:00+05:30
wind_speed,7.26,2026-05-28 19:00:00+05:30
wind_speed,5.26,2026-05-28 19:15:00+05:30
wind_speed,2.58,2026-05-28 19:30:00+05:30
wind_speed,1.74,2026-05-28 19:45:00+05:30
wind_speed,4.0,2026-05-28 20:45:00+05:30
wind_speed,3.58,2026-05-28 22:45:00+05:30
wind_speed,2.05,2026-05-28 23:00:00+05:30
wind_speed,2.74,2026-05-28 23:15:00+05:30
wind_speed,2.63,2026-05-28 23:30:00+05:30
wind_speed,2.79,2026-05-28 23:45:00+05:30
wind_speed,2.79,2026-05-29 00:45:00+05:30
wind_speed,1.79,2026-05-29 01:00:00+05:30
wind_speed,0.0,2026-05-29 01:15:00+05:30
wind_speed,3.84,2026-05-29 01:30:00+05:30
wind_speed,3.89,2026-05-29 01:45:00+05:30
wind_speed,4.58,2026-05-29 02:00:00+05:30
wind_speed,4.95,2026-05-29 02:15:00+05:30
wind_speed,5.11,2026-05-29 02:30:00+05:30
wind_speed,6.05,2026-05-29 02:45:00+05:30
wind_speed,4.21,2026-05-29 03:00:00+05:30
wind_speed,6.32,2026-05-29 03:15:00+05:30
wind_speed,5.42,2026-05-29 03:30:00+05:30
wind_speed,3.63,2026-05-29 03:45:00+05:30
wind_speed,2.95,2026-05-29 04:00:00+05:30
wind_speed,2.21,2026-05-29 04:15:00+05:30
wind_speed,2.89,2026-05-29 04:30:00+05:30
wind_speed,3.68,2026-05-29 04:45:00+05:30
wind_speed,4.05,2026-05-29 05:00:00+05:30
wind_speed,2.37,2026-05-29 05:15:00+05:30
wind_speed,2.42,2026-05-29 05:30:00+05:30
wind_speed,3.42,2026-05-29 05:45:00+05:30
wind_speed,3.0,2026-05-29 06:00:00+05:30
wind_speed,2.32,2026-05-29 06:15:00+05:30
wind_speed,2.68,2026-05-29 06:30:00+05:30
wind_speed,2.68,2026-05-29 06:45:00+05:30
wind_speed,4.0,2026-05-29 07:00:00+05:30
wind_speed,4.63,2026-05-29 07:15:00+05:30
wind_speed,4.42,2026-05-29 07:30:00+05:30
wind_speed,4.79,2026-05-29 07:45:00+05:30
wind_speed,5.26,2026-05-29 08:00:00+05:30
wind_speed,6.32,2026-05-29 08:15:00+05:30
wind_speed,5.26,2026-05-29 08:30:00+05:30
wind_speed,4.58,2026-05-29 08:45:00+05:30
wind_speed,5.05,2026-05-29 09:00:00+05:30
wind_speed,4.79,2026-05-29 09:15:00+05:30
wind_speed,3.68,2026-05-29 09:30:00+05:30
wind_speed,4.53,2026-05-29 09:45:00+05:30
wind_speed,4.16,2026-05-29 10:00:00+05:30
wind_speed,4.11,2026-05-29 10:15:00+05:30
wind_speed,2.89,2026-05-29 10:30:00+05:30
wind_speed,3.63,2026-05-29 10:45:00+05:30
wind_speed,3.28,2026-05-29 11:00:00+05:30
wind_speed,4.37,2026-05-29 11:15:00+05:30
wind_speed,3.26,2026-05-29 11:30:00+05:30
wind_speed,4.26,2026-05-29 11:45:00+05:30
wind_speed,3.58,2026-05-29 13:00:00+05:30
wind_speed,4.21,2026-05-29 13:15:00+05:30
wind_speed,4.32,2026-05-29 13:30:00+05:30
wind_speed,3.79,2026-05-29 13:45:00+05:30
wind_speed,4.0,2026-05-29 14:00:00+05:30
wind_speed,3.74,2026-05-29 14:15:00+05:30
wind_speed,3.29,2026-05-29 14:30:00+05:30
wind_speed,2.26,2026-05-29 15:45:00+05:30
wind_speed,2.42,2026-05-29 16:00:00+05:30
wind_speed,2.63,2026-05-29 16:15:00+05:30
wind_speed,1.79,2026-05-29 16:30:00+05:30
wind_speed,1.21,2026-05-29 16:45:00+05:30
wind_speed,1.56,2026-05-29 17:00:00+05:30
wind_speed,1.79,2026-05-29 17:15:00+05:30
wind_speed,2.8,2026-05-29 17:30:00+05:30
wind_speed,2.05,2026-05-29 17:45:00+05:30
wind_speed,1.74,2026-05-29 18:00:00+05:30
wind_speed,2.53,2026-05-29 18:15:00+05:30
wind_speed,3.32,2026-05-29 18:30:00+05:30
wind_speed,3.16,2026-05-29 18:45:00+05:30
wind_speed,2.05,2026-05-29 19:00:00+05:30
wind_speed,1.84,2026-05-29 19:15:00+05:30
wind_speed,1.58,2026-05-29 19:30:00+05:30
wind_speed,1.63,2026-05-29 19:45:00+05:30
wind_speed,1.74,2026-05-29 20:00:00+05:30
wind_speed,2.21,2026-05-29 20:15:00+05:30
wind_speed,2.21,2026-05-29 20:30:00+05:30
wind_speed,2.58,2026-05-29 20:45:00+05:30
wind_speed,1.74,2026-05-29 21:00:00+05:30
wind_speed,2.63,2026-05-29 21:15:00+05:30
wind_speed,2.32,2026-05-29 21:30:00+05:30
wind_speed,2.84,2026-05-29 21:45:00+05:30
wind_speed,1.63,2026-05-29 22:00:00+05:30
wind_speed,1.05,2026-05-29 22:15:00+05:30
wind_speed,1.11,2026-05-29 22:30:00+05:30
wind_speed,1.79,2026-05-29 22:45:00+05:30
wind_speed,1.42,2026-05-29 23:00:00+05:30
wind_speed,1.68,2026-05-29 23:15:00+05:30
wind_speed,1.42,2026-05-29 23:30:00+05:30
wind_speed,1.74,2026-05-29 23:45:00+05:30
wind_speed,1.89,2026-05-30 00:45:00+05:30
wind_speed,1.84,2026-05-30 01:00:00+05:30
wind_speed,1.68,2026-05-30 01:15:00+05:30
wind_speed,2.68,2026-05-30 01:30:00+05:30
wind_speed,1.53,2026-05-30 01:45:00+05:30
wind_speed,2.0,2026-05-30 02:00:00+05:30
wind_speed,1.47,2026-05-30 02:15:00+05:30
wind_speed,1.89,2026-05-30 02:30:00+05:30
wind_speed,2.16,2026-05-30 02:45:00+05:30
wind_speed,3.37,2026-05-30 03:00:00+05:30
wind_speed,2.47,2026-05-30 03:15:00+05:30
wind_speed,2.47,2026-05-30 03:30:00+05:30
wind_speed,2.84,2026-05-30 03:45:00+05:30
wind_speed,3.21,2026-05-30 04:00:00+05:30
wind_speed,3.32,2026-05-30 04:15:00+05:30
wind_speed,1.26,2026-05-30 04:30:00+05:30
wind_speed,1.37,2026-05-30 04:45:00+05:30
wind_speed,0.79,2026-05-30 05:00:00+05:30
wind_speed,1.42,2026-05-30 05:15:00+05:30
wind_speed,1.32,2026-05-30 05:30:00+05:30
wind_speed,1.74,2026-05-30 05:45:00+05:30
wind_speed,1.63,2026-05-30 06:00:00+05:30
wind_speed,2.11,2026-05-30 06:15:00+05:30
wind_speed,2.47,2026-05-30 06:30:00+05:30
wind_speed,2.42,2026-05-30 06:45:00+05:30
wind_speed,1.79,2026-05-30 07:00:00+05:30
wind_speed,1.79,2026-05-30 07:15:00+05:30
wind_speed,1.47,2026-05-30 07:30:00+05:30
wind_speed,2.11,2026-05-30 07:45:00+05:30
wind_speed,2.74,2026-05-30 08:00:00+05:30
wind_speed,2.21,2026-05-30 08:15:00+05:30
wind_speed,2.32,2026-05-30 08:30:00+05:30
wind_speed,2.63,2026-05-30 08:45:00+05:30
wind_speed,3.42,2026-05-30 09:00:00+05:30
wind_speed,2.26,2026-05-30 09:15:00+05:30
wind_speed,3.37,2026-05-30 09:30:00+05:30
wind_speed,3.74,2026-05-30 09:45:00+05:30
wind_speed,2.47,2026-05-30 10:00:00+05:30
wind_speed,3.0,2026-05-30 10:15:00+05:30
wind_speed,2.79,2026-05-30 10:30:00+05:30
wind_speed,2.84,2026-05-30 10:45:00+05:30
wind_speed,4.0,2026-05-30 11:00:00+05:30
wind_speed,2.32,2026-05-30 11:15:00+05:30
wind_speed,2.89,2026-05-30 11:30:00+05:30
wind_speed,2.16,2026-05-30 11:45:00+05:30
wind_speed,4.0,2026-05-30 12:00:00+05:30
wind_speed,2.47,2026-05-30 12:15:00+05:30
wind_speed,2.32,2026-05-30 12:30:00+05:30
wind_speed,2.89,2026-05-30 12:45:00+05:30
wind_speed,3.16,2026-05-30 13:00:00+05:30
wind_speed,2.84,2026-05-30 13:15:00+05:30
wind_speed,3.63,2026-05-30 13:30:00+05:30
wind_speed,2.74,2026-05-30 14:00:00+05:30
wind_speed,2.42,2026-05-30 14:15:00+05:30
wind_speed,1.42,2026-05-30 14:30:00+05:30
wind_speed,1.56,2026-05-30 14:45:00+05:30
wind_speed,1.05,2026-05-30 15:00:00+05:30
wind_speed,4.21,2026-05-30 15:15:00+05:30
wind_speed,8.11,2026-05-30 15:30:00+05:30
wind_speed,6.11,2026-05-30 15:45:00+05:30
wind_speed,6.32,2026-05-30 16:00:00+05:30
wind_speed,8.05,2026-05-30 16:15:00+05:30
wind_speed,6.79,2026-05-30 16:30:00+05:30
wind_speed,9.37,2026-05-30 16:45:00+05:30
wind_speed,6.21,2026-05-30 17:00:00+05:30
wind_speed,2.47,2026-05-30 17:15:00+05:30
wind_speed,1.53,2026-05-30 17:30:00+05:30
wind_speed,1.16,2026-05-30 17:45:00+05:30
wind_speed,1.58,2026-05-30 18:00:00+05:30
wind_speed,2.84,2026-05-30 18:15:00+05:30
wind_speed,1.05,2026-05-30 18:30:00+05:30
wind_speed,0.11,2026-05-30 18:45:00+05:30
wind_speed,1.42,2026-05-30 19:00:00+05:30
wind_speed,1.84,2026-05-30 19:15:00+05:30
wind_speed,0.89,2026-05-30 19:30:00+05:30
wind_speed,3.21,2026-05-30 19:45:00+05:30
wind_speed,2.47,2026-05-30 20:00:00+05:30
wind_speed,2.32,2026-05-30 20:15:00+05:30
wind_speed,0.53,2026-05-30 20:30:00+05:30
wind_speed,0.79,2026-05-30 20:45:00+05:30
wind_speed,1.37,2026-05-30 21:00:00+05:30
wind_speed,2.16,2026-05-30 21:15:00+05:30
wind_speed,3.05,2026-05-30 21:30:00+05:30
wind_speed,4.21,2026-05-30 21:45:00+05:30
wind_speed,3.42,2026-05-30 22:00:00+05:30
wind_speed,4.11,2026-05-30 22:15:00+05:30
wind_speed,4.26,2026-05-30 22:30:00+05:30
wind_speed,4.0,2026-05-30 22:45:00+05:30
wind_speed,3.58,2026-05-30 23:00:00+05:30
wind_speed,3.21,2026-05-30 23:15:00+05:30
wind_speed,2.26,2026-05-30 23:30:00+05:30
wind_speed,3.26,2026-05-30 23:45:00+05:30
wind_speed,0.95,2026-05-31 00:45:00+05:30
wind_speed,0.95,2026-05-31 01:00:00+05:30
wind_speed,0.68,2026-05-31 01:15:00+05:30
wind_speed,1.05,2026-05-31 01:30:00+05:30
wind_speed,0.21,2026-05-31 01:45:00+05:30
wind_speed,1.37,2026-05-31 02:00:00+05:30
wind_speed,1.53,2026-05-31 02:15:00+05:30
wind_speed,1.0,2026-05-31 02:30:00+05:30
